,P_charged_centers,N_charged_centers,cLogP,Hbond_D,NP_ratio,Dlin-MC3_Helper lipid_ratio,Dlin-MC3+Helper lipid percentage,Chol_DMG-PEG_ratio,Size,PDI,Zeta
0,0,1,9.3028,3,4,200,20,500,440.1666667,0.292666667,-7.193333333
1,0,1,9.3028,3,8,200,20,500,320.9666667,0.187666667,-5.036666667
2,0,1,9.3028,3,12,200,20,500,205.6333333,0.408666667,-0.522666667
3,0,1,9.3028,3,4,200,40,500,236.0666667,0.359666667,-4.42
4,0,1,9.3028,3,8,200,40,500,188.6,0.308666667,-3.686666667
5,0,1,9.3028,3,12,200,40,500,248.3,0.374333333,-2.553333333
6,0,1,9.3028,3,4,200,60,500,221.0666667,0.257,-1.06
7,0,1,9.3028,3,8,200,60,500,206.6333333,0.367333333,1.177333333
8,0,1,9.3028,3,12,200,60,500,239.3,0.301,-0.068333333
9,0,1,9.3028,3,4,200,80,500,228.7,0.5935,-24.26666667
10,0,1,9.3028,3,8,200,80,500,195.4666667,0.445,-14.43333333
11,0,1,9.3028,3,12,200,80,500,211.95,0.466166667,-1.853333333
12,0,1,9.3028,3,4,100,20,500,395.5333333,0.062333333,-9.85
13,0,1,9.3028,3,8,100,20,500,412.0666667,0.177666667,-4.376666667
15,0,1,9.3028,3,4,100,40,500,218.7666667,0.298,-4.306666667
16,0,1,9.3028,3,8,100,40,500,221.7666667,0.319666667,-1.85
18,0,1,9.3028,3,4,100,60,500,227.4,0.285666667,0.728366667
19,0,1,9.3028,3,8,100,60,500,217.1,0.286333333,-0.417
20,0,1,9.3028,3,12,100,60,500,241.5666667,0.296333333,-2.663333333
21,0,1,9.3028,3,4,100,80,500,188.8333333,0.565833333,-25.4
22,0,1,9.3028,3,8,100,80,500,184.6,0.429666667,-17.4
23,0,1,9.3028,3,12,100,80,500,285.2666667,0.270666667,-8.583333333
24,0,1,9.3028,3,4,50,20,500,431.4,0.301666667,-6.4
25,0,1,9.3028,3,8,50,20,500,265.1333333,0.512666667,-3.806666667
27,0,1,9.3028,3,4,50,40,500,281.9333333,0.463333333,-5.183333333
28,0,1,9.3028,3,8,50,40,500,247.4666667,0.442333333,-2.506666667
29,0,1,9.3028,3,12,50,40,500,230.4,0.252,-2.166666667
30,0,1,9.3028,3,4,50,60,500,215.5666667,0.283333333,0.091
31,0,1,9.3028,3,8,50,60,500,221.9666667,0.240333333,-0.125666667
32,0,1,9.3028,3,12,50,60,500,234.9333333,0.281333333,0.407333333
33,0,1,9.3028,3,4,50,80,500,172.3666667,0.537333333,-25.33333333
34,0,1,9.3028,3,8,50,80,500,163.9833333,0.436166667,-6.63
35,0,1,9.3028,3,12,50,80,500,247.1,0.323,-11.83333333
36,0,1,9.3028,3,4,10,20,500,303.8,0.320333333,-4.81
37,0,1,9.3028,3,8,10,20,500,462.6666667,0.568333333,-3.45
38,0,1,9.3028,3,12,10,20,500,947.7666667,0.293,-0.677333333
39,0,1,9.3028,3,4,10,40,500,242.8,0.251,1.363333333
40,0,1,9.3028,3,8,10,40,500,182.1,0.263,-1.420666667
41,0,1,9.3028,3,12,10,40,500,252.6333333,0.273666667,-2.366666667
42,0,1,9.3028,3,4,10,60,500,242.8,0.252666667,-1.566666667
43,0,1,9.3028,3,8,10,60,500,202.9666667,0.257333333,-2.063333333
44,0,1,9.3028,3,12,10,60,500,142.2666667,0.268333333,-0.186
45,0,1,9.3028,3,4,10,80,500,154.0833333,0.3755,-22.66666667
46,0,1,9.3028,3,8,10,80,500,172.25,0.288833333,-0.437
47,0,1,9.3028,3,12,10,80,500,175.9333333,0.234333333,-2.24
48,0,1,9.3028,3,4,1,20,500,1859.333333,0.579,-19.73333333
49,0,1,9.3028,3,8,1,20,500,487.5,0.492333333,-3.413333333
50,0,1,9.3028,3,12,1,20,500,1049.966667,0.215333333,-2.423333333
53,0,1,9.3028,3,12,1,40,500,1153.333333,0.461,-4.87
57,0,1,9.3028,3,4,1,80,500,476.1166667,0.131333333,-6.776666667
58,0,1,9.3028,3,8,1,80,500,418.8333333,0.151833333,-5.44
59,0,1,9.3028,3,12,1,80,500,268.4333333,0.102,-4.47
61,0,1,9.3028,3,8,200,20,100,209.0,0.518,-1.497333333
62,0,1,9.3028,3,12,200,20,100,296.5333333,0.349333333,-1.007333333
64,0,1,9.3028,3,8,200,40,100,210.5666667,0.548,-0.593366667
65,0,1,9.3028,3,12,200,40,100,184.1666667,0.46,-7.61
66,0,1,9.3028,3,4,200,60,100,133.6666667,0.504666667,-4.72
67,0,1,9.3028,3,8,200,60,100,145.6666667,0.482666667,-3.62
68,0,1,9.3028,3,12,200,60,100,164.5333333,0.325666667,-4.233333333
69,0,1,9.3028,3,4,200,80,100,415.6,0.144666667,-2.0
70,0,1,9.3028,3,8,200,80,100,420.6,0.213666667,-2.613333333
71,0,1,9.3028,3,12,200,80,100,725.6666667,0.112,-0.015666667
73,0,1,9.3028,3,8,100,20,100,187.7333333,0.447,-1.543333333
75,0,1,9.3028,3,4,100,40,100,118.2,0.441,-1.441
78,0,1,9.3028,3,4,100,60,100,182.2,0.565,-3.46
79,0,1,9.3028,3,8,100,60,100,207.7333333,0.412333333,-5.52
81,0,1,9.3028,3,4,100,80,100,379.2666667,0.080666667,-2.153333333
82,0,1,9.3028,3,8,100,80,100,430.7333333,0.114666667,-1.356666667
83,0,1,9.3028,3,12,100,80,100,255.0166667,0.3485,0.867666667
85,0,1,9.3028,3,8,50,20,100,190.2,0.453,-0.810333333
88,0,1,9.3028,3,8,50,40,100,162.0,0.536333333,-0.342
89,0,1,9.3028,3,12,50,40,100,203.3333333,0.343333333,-2.2
90,0,1,9.3028,3,4,50,60,100,194.0,0.484333333,-3.503333333
91,0,1,9.3028,3,8,50,60,100,235.7333333,0.341333333,-2.013333333
92,0,1,9.3028,3,12,50,60,100,183.1666667,0.295666667,-3.336666667
94,0,1,9.3028,3,8,50,80,100,410.2,0.146666667,0.9383
95,0,1,9.3028,3,12,50,80,100,363.8,0.148333333,0.4627
97,0,1,9.3028,3,8,10,20,100,170.4666667,0.436333333,-1.013333333
99,0,1,9.3028,3,4,10,40,100,153.8666667,0.343666667,-1.636666667
100,0,1,9.3028,3,8,10,40,100,202.0333333,0.364666667,-0.022666667
101,0,1,9.3028,3,12,10,40,100,192.2666667,0.267,-3.43
102,0,1,9.3028,3,4,10,60,100,176.8,0.353333333,-13.4
103,0,1,9.3028,3,8,10,60,100,293.4666667,0.390666667,-1.985333333
104,0,1,9.3028,3,12,10,60,100,281.8333333,0.217333333,-3.243333333
105,0,1,9.3028,3,4,10,80,100,496.8666667,0.153666667,-1.304
106,0,1,9.3028,3,8,10,80,100,526.7333333,0.369,-0.888
107,0,1,9.3028,3,12,10,80,100,501.1333333,0.277,-0.417666667
108,0,1,9.3028,3,4,1,20,100,237.7333333,0.221,-6.72
109,0,1,9.3028,3,8,1,20,100,154.0666667,0.200333333,-5.936666667
110,0,1,9.3028,3,12,1,20,100,185.1,0.109,-3.736666667
111,0,1,9.3028,3,4,1,40,100,196.1666667,0.203333333,-7.57
112,0,1,9.3028,3,8,1,40,100,298.0333333,0.1,-4.593333333
113,0,1,9.3028,3,12,1,40,100,189.2333333,0.111,-1.266666667
114,0,1,9.3028,3,4,1,60,100,241.5,0.106333333,-16.4
115,0,1,9.3028,3,8,1,60,100,249.8,0.209,-1.483333333
116,0,1,9.3028,3,12,1,60,100,346.5,0.061666667,-0.622
117,0,1,9.3028,3,4,1,80,100,364.1333333,0.201,-8.473333333
118,0,1,9.3028,3,8,1,80,100,812.3666667,0.132666667,-5.833333333
119,0,1,9.3028,3,12,1,80,100,409.6,0.290333333,-6.46
120,0,1,9.3028,3,4,200,20,10,113.3,0.238333333,-1.485333333
121,0,1,9.3028,3,8,200,20,10,179.0666667,0.428333333,-0.415666667
122,0,1,9.3028,3,12,200,20,10,1512.333333,0.599333333,-2.8
123,0,1,9.3028,3,4,200,40,10,108.3166667,0.307333333,-1.42
124,0,1,9.3028,3,8,200,40,10,153.9,0.435666667,-0.845333333
125,0,1,9.3028,3,12,200,40,10,120.1,0.400666667,-1.69
126,0,1,9.3028,3,4,200,60,10,166.4,0.504,-3.313333333
127,0,1,9.3028,3,8,200,60,10,192.9,0.356666667,-1.398
128,0,1,9.3028,3,12,200,60,10,260.3666667,0.331,-0.940666667
129,0,1,9.3028,3,4,200,80,10,230.6333333,0.313333333,8.696666667
130,0,1,9.3028,3,8,200,80,10,237.4,0.258666667,-0.939
131,0,1,9.3028,3,12,200,80,10,208.8333333,0.286,-0.976
132,0,1,9.3028,3,4,100,20,10,129.5333333,0.231666667,-1.733333333
135,0,1,9.3028,3,4,100,40,10,181.4666667,0.334,-1.7
136,0,1,9.3028,3,8,100,40,10,144.4,0.396,-0.988333333
137,0,1,9.3028,3,12,100,40,10,123.8,0.366333333,-2.643333333
138,0,1,9.3028,3,4,100,60,10,253.1333333,0.477333333,-0.603333333
139,0,1,9.3028,3,8,100,60,10,212.9666667,0.330666667,-0.511666667
140,0,1,9.3028,3,12,100,60,10,219.6333333,0.313,-1.116666667
141,0,1,9.3028,3,4,100,80,10,243.4333333,0.302666667,2.933333333
142,0,1,9.3028,3,8,100,80,10,226.2666667,0.251333333,0.520333333
143,0,1,9.3028,3,12,100,80,10,262.2333333,0.095333333,-2.67
144,0,1,9.3028,3,4,50,20,10,135.9333333,0.257333333,-1.596666667
146,0,1,9.3028,3,12,50,20,10,1599.666667,0.223666667,-2.373333333
147,0,1,9.3028,3,4,50,40,10,113.75,0.3625,-1.247666667
148,0,1,9.3028,3,8,50,40,10,142.2666667,0.315,-1.014
149,0,1,9.3028,3,12,50,40,10,142.3333333,0.393333333,-3.99
150,0,1,9.3028,3,4,50,60,10,256.9666667,0.289333333,-10.79333333
151,0,1,9.3028,3,8,50,60,10,205.9333333,0.315,-1.503333333
152,0,1,9.3028,3,12,50,60,10,184.7,0.339666667,-1.180333333
153,0,1,9.3028,3,4,50,80,10,244.4333333,0.245,1.269666667
154,0,1,9.3028,3,8,50,80,10,247.3666667,0.241333333,-1.149666667
155,0,1,9.3028,3,12,50,80,10,250.6333333,0.152666667,-1.219666667
158,0,1,9.3028,3,12,10,20,10,1708.333333,0.6,-1.876666667
159,0,1,9.3028,3,4,10,40,10,111.6666667,0.341,-1.019766667
160,0,1,9.3028,3,8,10,40,10,148.1333333,0.512,-1.61
161,0,1,9.3028,3,12,10,40,10,118.0,0.328666667,-1.693333333
162,0,1,9.3028,3,4,10,60,10,233.5,0.391333333,-0.879
163,0,1,9.3028,3,8,10,60,10,264.6666667,0.407666667,-0.790333333
164,0,1,9.3028,3,12,10,60,10,220.9,0.306,-1.506666667
165,0,1,9.3028,3,4,10,80,10,256.1,0.264333333,0.606333333
166,0,1,9.3028,3,8,10,80,10,278.3,0.217333333,-1.317
167,0,1,9.3028,3,12,10,80,10,265.9,0.18,-0.951333333
169,0,1,9.3028,3,8,1,20,10,682.8333333,0.205,-31.73333333
170,0,1,9.3028,3,12,1,20,10,464.0,0.574666667,-2.386666667
171,0,1,9.3028,3,4,1,40,10,163.5666667,0.133666667,-1.746666667
172,0,1,9.3028,3,8,1,40,10,459.9666667,0.154666667,-1.683333333
173,0,1,9.3028,3,12,1,40,10,753.9666667,0.546333333,-1.856666667
174,0,1,9.3028,3,4,1,60,10,194.8666667,0.121,-1.74
176,0,1,9.3028,3,12,1,60,10,1021.5,0.392,-1.422666667
177,0,1,9.3028,3,4,1,80,10,201.0,0.139666667,-1.713333333
178,0,1,9.3028,3,8,1,80,10,456.4,0.434666667,-2.203333333
179,0,1,9.3028,3,12,1,80,10,398.5,0.280666667,-1.184333333
180,1,1,9.784,2,4,200,20,500,288.9666667,0.464333333,-7.436666667
181,1,1,9.784,2,8,200,20,500,533.7,0.403333333,-3.523333333
182,1,1,9.784,2,12,200,20,500,342.3333333,0.496333333,-3.396666667
183,1,1,9.784,2,4,200,40,500,237.1333333,0.211,-4.23
184,1,1,9.784,2,8,200,40,500,185.1333333,0.237333333,-1.803333333
186,1,1,9.784,2,4,200,60,500,206.6,0.246666667,-5.31
187,1,1,9.784,2,8,200,60,500,173.1333333,0.215,0.721666667
188,1,1,9.784,2,12,200,60,500,183.6666667,0.260333333,-0.501666667
189,1,1,9.784,2,4,200,80,500,166.6333333,0.219666667,-24.63333333
190,1,1,9.784,2,8,200,80,500,137.6333333,0.164666667,-6.11
191,1,1,9.784,2,12,200,80,500,158.8,0.225333333,-0.955
192,1,1,9.784,2,4,100,20,500,577.6666667,0.252,-11.77666667
193,1,1,9.784,2,8,100,20,500,562.7666667,0.344333333,-3.553333333
194,1,1,9.784,2,12,100,20,500,288.1666667,0.316,-1.593
195,1,1,9.784,2,4,100,40,500,240.3,0.260333333,-3.686666667
196,1,1,9.784,2,8,100,40,500,191.7333333,0.264,0.269333333
197,1,1,9.784,2,12,100,40,500,189.9666667,0.325666667,-2.24
198,1,1,9.784,2,4,100,60,500,192.8,0.182,-3.663333333
199,1,1,9.784,2,8,100,60,500,170.3,0.242,0.073
200,1,1,9.784,2,12,100,60,500,181.6333333,0.328333333,-1.161666667
201,1,1,9.784,2,4,100,80,500,172.9333333,0.206666667,-26.66666667
202,1,1,9.784,2,8,100,80,500,148.0,0.187666667,-6.033333333
203,1,1,9.784,2,12,100,80,500,162.5333333,0.193666667,-0.325333333
204,1,1,9.784,2,4,50,20,500,650.7333333,0.484666667,-11.36666667
206,1,1,9.784,2,12,50,20,500,475.3333333,0.162,-3.116666667
207,1,1,9.784,2,4,50,40,500,191.8,0.206,-0.756333333
208,1,1,9.784,2,8,50,40,500,170.0,0.294,0.3774
209,1,1,9.784,2,12,50,40,500,307.4666667,0.557666667,-3.04
210,1,1,9.784,2,4,50,60,500,189.0333333,0.220333333,-2.12
211,1,1,9.784,2,8,50,60,500,155.4333333,0.233333333,1.195666667
212,1,1,9.784,2,12,50,60,500,256.8,0.427666667,0.16
213,1,1,9.784,2,4,50,80,500,202.3,0.256333333,-29.4
214,1,1,9.784,2,8,50,80,500,135.8666667,0.173666667,-10.41
215,1,1,9.784,2,12,50,80,500,163.5333333,0.229333333,-0.4925
216,1,1,9.784,2,4,10,20,500,431.8,0.420666667,-9.42
217,1,1,9.784,2,8,10,20,500,465.9333333,0.358,-1.686666667
218,1,1,9.784,2,12,10,20,500,599.5333333,0.522,-0.166206667
219,1,1,9.784,2,4,10,40,500,197.5666667,0.262666667,-2.53
220,1,1,9.784,2,8,10,40,500,199.4,0.327666667,2.476666667
221,1,1,9.784,2,12,10,40,500,208.5,0.330666667,1.541666667
222,1,1,9.784,2,4,10,60,500,193.9,0.197333333,-1.64
223,1,1,9.784,2,8,10,60,500,159.3,0.201,2.77
224,1,1,9.784,2,12,10,60,500,190.9666667,0.275,2.354
225,1,1,9.784,2,4,10,80,500,166.8666667,0.266,-26.83333333
226,1,1,9.784,2,8,10,80,500,146.8666667,0.208666667,5.42
227,1,1,9.784,2,12,10,80,500,167.8,0.237,7.203333333
228,1,1,9.784,2,4,1,20,500,287.7333333,0.327,2.916666667
229,1,1,9.784,2,8,1,20,500,306.5333333,0.569,3.96
230,1,1,9.784,2,12,1,20,500,473.2,0.17,5.006666667
231,1,1,9.784,2,4,1,40,500,261.7,0.330333333,4.206666667
232,1,1,9.784,2,8,1,40,500,205.1,0.196,4.25
233,1,1,9.784,2,12,1,40,500,177.9333333,0.268,2.72
234,1,1,9.784,2,4,1,60,500,224.5,0.256333333,4.343333333
235,1,1,9.784,2,8,1,60,500,195.0333333,0.254,5.876666667
236,1,1,9.784,2,12,1,60,500,179.0333333,0.261666667,6.29
237,1,1,9.784,2,4,1,80,500,237.6333333,0.301,6.303333333
238,1,1,9.784,2,8,1,80,500,164.9666667,0.183666667,11.93333333
239,1,1,9.784,2,12,1,80,500,171.5333333,0.187333333,8.72
240,1,1,9.784,2,4,200,20,100,177.0333333,0.31,-4.186666667
241,1,1,9.784,2,8,200,20,100,223.4,0.485666667,-2.646666667
242,1,1,9.784,2,12,200,20,100,169.1333333,0.368333333,-2.373333333
243,1,1,9.784,2,4,200,40,100,193.5,0.275333333,-1.616666667
244,1,1,9.784,2,8,200,40,100,139.0,0.236666667,-1.976666667
245,1,1,9.784,2,12,200,40,100,159.2333333,0.303666667,-2.136666667
246,1,1,9.784,2,4,200,60,100,171.7,0.236333333,-0.094333333
247,1,1,9.784,2,8,200,60,100,150.1333333,0.232,-1.95
248,1,1,9.784,2,12,200,60,100,177.5333333,0.260666667,-2.43
249,1,1,9.784,2,4,200,80,100,219.6333333,0.307666667,-15.26666667
250,1,1,9.784,2,8,200,80,100,141.4666667,0.245666667,-3.21
251,1,1,9.784,2,12,200,80,100,160.0333333,0.184333333,-4.51
252,1,1,9.784,2,4,100,20,100,176.9333333,0.24,-4.66
253,1,1,9.784,2,8,100,20,100,263.8333333,0.433333333,-6.34
255,1,1,9.784,2,4,100,40,100,174.6666667,0.246333333,-3.043333333
256,1,1,9.784,2,8,100,40,100,148.9333333,0.217333333,-0.049066667
257,1,1,9.784,2,12,100,40,100,152.4666667,0.288333333,-1.993333333
258,1,1,9.784,2,4,100,60,100,164.2,0.201666667,-2.476666667
259,1,1,9.784,2,8,100,60,100,150.2666667,0.204333333,1.32
260,1,1,9.784,2,12,100,60,100,191.8,0.244333333,-1.426666667
261,1,1,9.784,2,4,100,80,100,241.5333333,0.267,-15.93333333
262,1,1,9.784,2,8,100,80,100,148.0333333,0.21,-3.53
263,1,1,9.784,2,12,100,80,100,155.5666667,0.167333333,-3.316666667
264,1,1,9.784,2,4,50,20,100,153.8666667,0.203,-3.213333333
265,1,1,9.784,2,8,50,20,100,203.9333333,0.501,-2.766666667
266,1,1,9.784,2,12,50,20,100,263.9333333,0.412333333,-1.060666667
267,1,1,9.784,2,4,50,40,100,170.0666667,0.220333333,-3.176666667
268,1,1,9.784,2,8,50,40,100,158.3666667,0.279,-1.57
269,1,1,9.784,2,12,50,40,100,130.9333333,0.215,0.963666667
270,1,1,9.784,2,4,50,60,100,160.7333333,0.165333333,-3.816666667
271,1,1,9.784,2,8,50,60,100,138.7333333,0.185333333,0.242266667
272,1,1,9.784,2,12,50,60,100,152.2333333,0.245666667,-1.88
273,1,1,9.784,2,4,50,80,100,189.0,0.199,-15.9
274,1,1,9.784,2,8,50,80,100,147.2,0.241333333,-5.523333333
275,1,1,9.784,2,12,50,80,100,148.5333333,0.207,-2.94
277,1,1,9.784,2,8,10,20,100,230.9333333,0.481666667,-2.173333333
278,1,1,9.784,2,12,10,20,100,168.1666667,0.428,-0.284166667
279,1,1,9.784,2,4,10,40,100,164.0666667,0.157333333,-0.60825
281,1,1,9.784,2,12,10,40,100,161.1333333,0.330333333,0.813333333
282,1,1,9.784,2,4,10,60,100,179.6666667,0.263333333,1.84
283,1,1,9.784,2,8,10,60,100,153.8,0.197333333,-0.397333333
284,1,1,9.784,2,12,10,60,100,150.7333333,0.228333333,-0.254666667
285,1,1,9.784,2,4,10,80,100,222.5666667,0.208,-12.13333333
286,1,1,9.784,2,8,10,80,100,166.1666667,0.209333333,-6.06
287,1,1,9.784,2,12,10,80,100,198.6666667,0.219,-0.9158
288,1,1,9.784,2,4,1,20,100,236.7666667,0.272333333,-3.646666667
289,1,1,9.784,2,8,1,20,100,211.3666667,0.439666667,1.916666667
290,1,1,9.784,2,12,1,20,100,182.6,0.281,0.651
291,1,1,9.784,2,4,1,40,100,179.9,0.168333333,-1.32
292,1,1,9.784,2,8,1,40,100,196.2,0.148333333,2.876666667
293,1,1,9.784,2,12,1,40,100,180.0,0.512666667,-3.013333333
294,1,1,9.784,2,4,1,60,100,197.7,0.18,0.54
295,1,1,9.784,2,8,1,60,100,148.4666667,0.206666667,4.106666667
296,1,1,9.784,2,12,1,60,100,171.6333333,0.198666667,1.651
297,1,1,9.784,2,4,1,80,100,253.0666667,0.335333333,-0.074666667
298,1,1,9.784,2,8,1,80,100,186.6333333,0.255,-5.6
299,1,1,9.784,2,12,1,80,100,150.0333333,0.178,6.683333333
301,1,1,9.784,2,8,200,20,10,236.6,0.577,-4.033333333
303,1,1,9.784,2,4,200,40,10,170.1333333,0.409333333,-5.413333333
304,1,1,9.784,2,8,200,40,10,176.6666667,0.290333333,-1.593333333
306,1,1,9.784,2,4,200,60,10,153.6333333,0.193,-3.223333333
307,1,1,9.784,2,8,200,60,10,153.0333333,0.370333333,-1.48
308,1,1,9.784,2,12,200,60,10,149.9,0.288333333,-2.086666667
309,1,1,9.784,2,4,200,80,10,133.1,0.144333333,-3.64
310,1,1,9.784,2,8,200,80,10,138.3666667,0.247666667,-33.9
311,1,1,9.784,2,12,200,80,10,136.2333333,0.169,-2.783333333
315,1,1,9.784,2,4,100,40,10,137.9333333,0.216666667,-6.893333333
318,1,1,9.784,2,4,100,60,10,137.5666667,0.191333333,-3.093333333
319,1,1,9.784,2,8,100,60,10,115.6333333,0.217,-2.686666667
320,1,1,9.784,2,12,100,60,10,207.0666667,0.332333333,-1.29
321,1,1,9.784,2,4,100,80,10,145.4,0.130333333,-3.763333333
322,1,1,9.784,2,8,100,80,10,135.8666667,0.231,-36.3
323,1,1,9.784,2,12,100,80,10,120.9333333,0.173,-1.66
326,1,1,9.784,2,12,50,20,10,496.8333333,0.378333333,-6.54
327,1,1,9.784,2,4,50,40,10,93.06666667,0.211,-2.723333333
330,1,1,9.784,2,4,50,60,10,136.1666667,0.159666667,-2.57
331,1,1,9.784,2,8,50,60,10,129.5,0.283,-1.666333333
332,1,1,9.784,2,12,50,60,10,202.5,0.512333333,-2.12
333,1,1,9.784,2,4,50,80,10,143.0333333,0.155333333,-3.51
334,1,1,9.784,2,8,50,80,10,134.7,0.230666667,-36.66666667
335,1,1,9.784,2,12,50,80,10,135.2333333,0.219666667,-2.383333333
339,1,1,9.784,2,4,10,40,10,132.7666667,0.226,-5.483333333
341,1,1,9.784,2,12,10,40,10,153.0,0.411666667,-1.983333333
342,1,1,9.784,2,4,10,60,10,156.7333333,0.235666667,-3.656666667
343,1,1,9.784,2,8,10,60,10,134.0666667,0.204666667,-1.370333333
344,1,1,9.784,2,12,10,60,10,167.5,0.380333333,-2.37
345,1,1,9.784,2,4,10,80,10,144.4333333,0.081666667,-4.92
346,1,1,9.784,2,8,10,80,10,161.1333333,0.24,-31.9
347,1,1,9.784,2,12,10,80,10,118.1666667,0.198,-2.056666667
351,1,1,9.784,2,4,1,40,10,157.5,0.177,-3.126666667
352,1,1,9.784,2,8,1,40,10,140.4666667,0.248666667,-1.383333333
353,1,1,9.784,2,12,1,40,10,228.2,0.517,-1.873333333
354,1,1,9.784,2,4,1,60,10,153.2,0.232666667,-2.37
355,1,1,9.784,2,8,1,60,10,129.7666667,0.194666667,-1.059
356,1,1,9.784,2,12,1,60,10,145.7333333,0.333666667,-1.533333333
357,1,1,9.784,2,4,1,80,10,165.1666667,0.186,-3.313333333
358,1,1,9.784,2,8,1,80,10,157.6666667,0.210666667,15.6
359,1,1,9.784,2,12,1,80,10,140.5666667,0.184333333,-1.012333333
360,1,0,12.515,0,4,200,20,500,157.3333333,0.166,5.9
361,1,0,12.515,0,8,200,20,500,138.8333333,0.375666667,5.12
362,1,0,12.515,0,12,200,20,500,235.9333333,0.509333333,9.113333333
363,1,0,12.515,0,4,200,40,500,175.8333333,0.266333333,12.9
364,1,0,12.515,0,8,200,40,500,172.5333333,0.298333333,1.866666667
365,1,0,12.515,0,12,200,40,500,173.3,0.307666667,6.673333333
366,1,0,12.515,0,4,200,60,500,222.7333333,0.28,16.2
367,1,0,12.515,0,8,200,60,500,163.4666667,0.289666667,13.33333333
368,1,0,12.515,0,12,200,60,500,132.7666667,0.248666667,15.63333333
369,1,0,12.515,0,4,200,80,500,172.6333333,0.228666667,-10.96666667
370,1,0,12.515,0,8,200,80,500,156.5,0.215666667,5.703333333
371,1,0,12.515,0,12,200,80,500,415.4333333,0.464333333,-30.56666667
372,1,0,12.515,0,4,100,20,500,126.4666667,0.141666667,1.823
373,1,0,12.515,0,8,100,20,500,173.0,0.266666667,7.926666667
374,1,0,12.515,0,12,100,20,500,198.5333333,0.402666667,2.883333333
375,1,0,12.515,0,4,100,40,500,185.6666667,0.295,12.1
376,1,0,12.515,0,8,100,40,500,160.6,0.245333333,4.013333333
377,1,0,12.515,0,12,100,40,500,183.8333333,0.354,2.956666667
378,1,0,12.515,0,4,100,60,500,224.0,0.195666667,22.76666667
379,1,0,12.515,0,8,100,60,500,147.6666667,0.245666667,9.33
380,1,0,12.515,0,12,100,60,500,146.4333333,0.24,19.53333333
381,1,0,12.515,0,4,100,80,500,170.8666667,0.246333333,7.633333333
382,1,0,12.515,0,8,100,80,500,136.8333333,0.256666667,7.98
383,1,0,12.515,0,12,100,80,500,290.3,0.270666667,-25.13333333
384,1,0,12.515,0,4,50,20,500,122.2,0.186333333,18.9
385,1,0,12.515,0,8,50,20,500,176.0666667,0.496333333,21.16666667
386,1,0,12.515,0,12,50,20,500,186.9666667,0.243,2.883333333
387,1,0,12.515,0,4,50,40,500,153.4666667,0.229666667,17.63333333
388,1,0,12.515,0,8,50,40,500,204.5333333,0.348333333,0.663333333
389,1,0,12.515,0,12,50,40,500,177.8333333,0.331,3.57
390,1,0,12.515,0,4,50,60,500,193.0,0.257666667,24.03333333
391,1,0,12.515,0,8,50,60,500,155.2333333,0.232666667,9.956666667
392,1,0,12.515,0,12,50,60,500,133.8333333,0.272,18.63333333
393,1,0,12.515,0,4,50,80,500,204.0333333,0.267,6.13
394,1,0,12.515,0,8,50,80,500,118.1,0.251,9.33
395,1,0,12.515,0,12,50,80,500,1330.666667,0.467333333,-27.3
396,1,0,12.515,0,4,10,20,500,105.7,0.192333333,44.06666667
397,1,0,12.515,0,8,10,20,500,131.2333333,0.203666667,25.86666667
398,1,0,12.515,0,12,10,20,500,241.2,0.458333333,1.388333333
399,1,0,12.515,0,4,10,40,500,204.4333333,0.278666667,26.16666667
400,1,0,12.515,0,8,10,40,500,135.9,0.314333333,27.06666667
401,1,0,12.515,0,12,10,40,500,199.2666667,0.421,22.36666667
402,1,0,12.515,0,4,10,60,500,157.6333333,0.228333333,30.7
403,1,0,12.515,0,8,10,60,500,133.6333333,0.194,15.33333333
404,1,0,12.515,0,12,10,60,500,139.3666667,0.264333333,20.86666667
405,1,0,12.515,0,4,10,80,500,138.7666667,0.140333333,15.56666667
406,1,0,12.515,0,8,10,80,500,143.8333333,0.207,18.4
408,1,0,12.515,0,4,1,20,500,137.3,0.147333333,19.9
409,1,0,12.515,0,8,1,20,500,899.4,0.383333333,16.3
410,1,0,12.515,0,12,1,20,500,158.2333333,0.258666667,12.23333333
411,1,0,12.515,0,4,1,40,500,214.0333333,0.282,5.41
412,1,0,12.515,0,8,1,40,500,173.5,0.248333333,22.13333333
413,1,0,12.515,0,12,1,40,500,217.2,0.522333333,24.76666667
414,1,0,12.515,0,4,1,60,500,218.4,0.214,22.4
415,1,0,12.515,0,8,1,60,500,152.1333333,0.246333333,23.5
416,1,0,12.515,0,12,1,60,500,101.8666667,0.231333333,21.46666667
417,1,0,12.515,0,4,1,80,500,200.6,0.364,12.93333333
418,1,0,12.515,0,8,1,80,500,133.7333333,0.264333333,31.5
420,1,0,12.515,0,4,200,20,100,2056.666667,0.388333333,-27.6
421,1,0,12.515,0,8,200,20,100,576.1666667,0.390666667,-2.563333333
422,1,0,12.515,0,12,200,20,100,453.7333333,0.368333333,1.926666667
423,1,0,12.515,0,4,200,40,100,157.1,0.253333333,-3.873333333
425,1,0,12.515,0,12,200,40,100,154.0333333,0.321666667,-2.93
426,1,0,12.515,0,4,200,60,100,187.9,0.252666667,-3.706666667
427,1,0,12.515,0,8,200,60,100,151.0666667,0.26,-1.271
428,1,0,12.515,0,12,200,60,100,165.1666667,0.227,4.56
429,1,0,12.515,0,4,200,80,100,152.2,0.155,1.253333333
430,1,0,12.515,0,8,200,80,100,143.4666667,0.167666667,4.306666667
431,1,0,12.515,0,12,200,80,100,119.9666667,0.237,3.433333333
433,1,0,12.515,0,8,100,20,100,115.6666667,0.283333333,3.27
434,1,0,12.515,0,12,100,20,100,388.5666667,0.348666667,-0.77
435,1,0,12.515,0,4,100,40,100,176.5,0.311333333,-3.76
436,1,0,12.515,0,8,100,40,100,214.0333333,0.314666667,-3.076666667
437,1,0,12.515,0,12,100,40,100,199.2,0.431,-2.876666667
438,1,0,12.515,0,4,100,60,100,182.5333333,0.252,-2.633333333
439,1,0,12.515,0,8,100,60,100,155.6333333,0.269,-2.463333333
440,1,0,12.515,0,12,100,60,100,181.7,0.266666667,2.173333333
441,1,0,12.515,0,4,100,80,100,175.7,0.143666667,-1.211333333
442,1,0,12.515,0,8,100,80,100,162.9666667,0.154333333,2.933333333
443,1,0,12.515,0,12,100,80,100,128.4666667,0.179,3.573333333
445,1,0,12.515,0,8,50,20,100,139.2,0.262333333,1.826666667
446,1,0,12.515,0,12,50,20,100,307.7,0.539333333,1.6
447,1,0,12.515,0,4,50,40,100,162.2333333,0.378,-3.646666667
448,1,0,12.515,0,8,50,40,100,223.1333333,0.318,-2.73
450,1,0,12.515,0,4,50,60,100,207.0333333,0.238333333,-5.89
451,1,0,12.515,0,8,50,60,100,154.4666667,0.284666667,-0.982333333
452,1,0,12.515,0,12,50,60,100,170.7333333,0.238333333,3.386666667
453,1,0,12.515,0,4,50,80,100,149.4333333,0.106333333,2.24
454,1,0,12.515,0,8,50,80,100,171.1333333,0.235,1.28
455,1,0,12.515,0,12,50,80,100,163.5333333,0.214,2.923333333
456,1,0,12.515,0,4,10,20,100,1760.0,0.536,-30.76666667
457,1,0,12.515,0,8,10,20,100,171.1666667,0.473666667,3.026666667
459,1,0,12.515,0,4,10,40,100,166.5666667,0.488666667,-2.246666667
460,1,0,12.515,0,8,10,40,100,146.1333333,0.331,-2.403333333
461,1,0,12.515,0,12,10,40,100,231.5,0.267666667,-2.746666667
462,1,0,12.515,0,4,10,60,100,161.8333333,0.254333333,-1.385333333
463,1,0,12.515,0,8,10,60,100,137.9,0.27,-0.514
464,1,0,12.515,0,12,10,60,100,150.0,0.260666667,2.373333333
465,1,0,12.515,0,4,10,80,100,169.0,0.172333333,-0.684
466,1,0,12.515,0,8,10,80,100,125.6,0.137,2.273333333
467,1,0,12.515,0,12,10,80,100,136.8666667,0.203,4.91
469,1,0,12.515,0,8,1,20,100,130.5333333,0.249666667,4.226666667
470,1,0,12.515,0,12,1,20,100,401.8333333,0.549333333,6.786666667
471,1,0,12.515,0,4,1,40,100,161.9,0.303,-3.153333333
473,1,0,12.515,0,12,1,40,100,354.4666667,0.356333333,-1.543333333
474,1,0,12.515,0,4,1,60,100,202.1,0.265333333,-2.55
475,1,0,12.515,0,8,1,60,100,139.7,0.281666667,0.63
476,1,0,12.515,0,12,1,60,100,122.8,0.189333333,6.336666667
477,1,0,12.515,0,4,1,80,100,152.7666667,0.206666667,6.34
478,1,0,12.515,0,8,1,80,100,134.0,0.192,12.86666667
479,1,0,12.515,0,12,1,80,100,194.4666667,0.301666667,6.843333333
481,1,0,12.515,0,8,200,20,10,151.5333333,0.402,-2.966666667
483,1,0,12.515,0,4,200,40,10,99.71,0.181666667,-1.186666667
484,1,0,12.515,0,8,200,40,10,247.2666667,0.368666667,-3.813333333
485,1,0,12.515,0,12,200,40,10,400.6,0.535333333,-5.33
487,1,0,12.515,0,8,200,60,10,297.0,0.258333333,-9.57
488,1,0,12.515,0,12,200,60,10,134.1333333,0.257,-1.092
489,1,0,12.515,0,4,200,80,10,165.4666667,0.175,-1.492333333
490,1,0,12.515,0,8,200,80,10,110.9666667,0.174666667,-1.123
491,1,0,12.515,0,12,200,80,10,128.5333333,0.182,-0.810666667
493,1,0,12.515,0,8,100,20,10,176.6666667,0.532666667,-1.316666667
495,1,0,12.515,0,4,100,40,10,116.2666667,0.275666667,-1.833333333
496,1,0,12.515,0,8,100,40,10,285.1333333,0.367666667,-6.416666667
499,1,0,12.515,0,8,100,60,10,293.6333333,0.427333333,-9.726666667
500,1,0,12.515,0,12,100,60,10,162.9333333,0.248333333,-1.077
501,1,0,12.515,0,4,100,80,10,170.3,0.095333333,-2.533333333
502,1,0,12.515,0,8,100,80,10,136.5,0.184666667,-0.168
503,1,0,12.515,0,12,100,80,10,108.9333333,0.175,-0.043
504,1,0,12.515,0,4,50,20,10,145.8666667,0.455333333,-1.640333333
507,1,0,12.515,0,4,50,40,10,133.4,0.228666667,-0.863666667
508,1,0,12.515,0,8,50,40,10,282.5,0.323,-7.106666667
510,1,0,12.515,0,4,50,60,10,4622.333333,0.437,-22.2
511,1,0,12.515,0,8,50,60,10,296.5666667,0.253,-14.66666667
512,1,0,12.515,0,12,50,60,10,138.1666667,0.219666667,-1.203333333
513,1,0,12.515,0,4,50,80,10,159.1333333,0.153,-2.56
514,1,0,12.515,0,8,50,80,10,117.1333333,0.218666667,-0.0463
515,1,0,12.515,0,12,50,80,10,118.5666667,0.198666667,-0.131666667
516,1,0,12.515,0,4,10,20,10,122.3666667,0.275666667,-1.79
518,1,0,12.515,0,12,10,20,10,199.2,0.498,-1.776666667
519,1,0,12.515,0,4,10,40,10,119.1333333,0.235666667,-0.88
520,1,0,12.515,0,8,10,40,10,393.5333333,0.312,-13.16666667
522,1,0,12.515,0,4,10,60,10,2933.333333,0.479,-19.56666667
523,1,0,12.515,0,8,10,60,10,309.2,0.357333333,-9.383333333
524,1,0,12.515,0,12,10,60,10,135.1,0.243666667,-1.427
525,1,0,12.515,0,4,10,80,10,178.8,0.187666667,-2.843333333
526,1,0,12.515,0,8,10,80,10,114.0333333,0.199666667,0.044333333
527,1,0,12.515,0,12,10,80,10,99.51,0.233666667,-0.3501
528,1,0,12.515,0,4,1,20,10,142.0666667,0.393,-2.13
529,1,0,12.515,0,8,1,20,10,155.0333333,0.426,-0.929
530,1,0,12.515,0,12,1,20,10,123.6666667,0.345,-0.883333333
531,1,0,12.515,0,4,1,40,10,108.2666667,0.213333333,-1.0292
532,1,0,12.515,0,8,1,40,10,247.7,0.358333333,-6.423333333
534,1,0,12.515,0,4,1,60,10,3091.0,0.589666667,-20.7
535,1,0,12.515,0,8,1,60,10,397.4666667,0.533,-4.423333333
536,1,0,12.515,0,12,1,60,10,117.0333333,0.272333333,-1.237
537,1,0,12.515,0,4,1,80,10,137.2333333,0.148333333,-0.065666667
538,1,0,12.515,0,8,1,80,10,104.4666667,0.211,2.526666667
539,1,0,12.515,0,12,1,80,10,99.66666667,0.235333333,1.341666667
540,1,1,6.12,0,4,200,20,500,445.6,0.224,-20.0
541,1,1,6.12,0,8,200,20,500,388.5666667,0.160666667,-2.833333333
542,1,1,6.12,0,12,200,20,500,168.4666667,0.232333333,-0.537666667
543,1,1,6.12,0,4,200,40,500,206.4666667,0.204666667,-0.144176667
544,1,1,6.12,0,8,200,40,500,266.9333333,0.448,-1.186333333
545,1,1,6.12,0,12,200,40,500,295.5333333,0.357,-1.356666667
546,1,1,6.12,0,4,200,60,500,213.1,0.208333333,-2.03
547,1,1,6.12,0,8,200,60,500,226.5333333,0.251333333,0.105433333
548,1,1,6.12,0,12,200,60,500,191.9333333,0.201333333,0.3688
549,1,1,6.12,0,4,200,80,500,204.2,0.222333333,-2.123333333
550,1,1,6.12,0,8,200,80,500,153.2,0.214666667,1.007666667
551,1,1,6.12,0,12,200,80,500,145.8666667,0.251,-0.358366667
552,1,1,6.12,0,4,100,20,500,380.3333333,0.369666667,-7.156666667
553,1,1,6.12,0,8,100,20,500,300.7,0.191666667,-7.346666667
554,1,1,6.12,0,12,100,20,500,323.3666667,0.139333333,-1.173666667
555,1,1,6.12,0,4,100,40,500,197.5333333,0.27,-0.223666667
556,1,1,6.12,0,8,100,40,500,266.7,0.469333333,-1.3988
557,1,1,6.12,0,12,100,40,500,260.9333333,0.451,-1.876666667
558,1,1,6.12,0,4,100,60,500,236.7333333,0.212,1.45
559,1,1,6.12,0,8,100,60,500,169.5666667,0.271,2.546666667
560,1,1,6.12,0,12,100,60,500,227.0666667,0.248666667,2.25
561,1,1,6.12,0,4,100,80,500,198.8,0.230666667,-5.656666667
562,1,1,6.12,0,8,100,80,500,148.5333333,0.221333333,-0.2858
563,1,1,6.12,0,12,100,80,500,134.8333333,0.301666667,3.186666667
564,1,1,6.12,0,4,50,20,500,160.3666667,0.219333333,3.713333333
565,1,1,6.12,0,8,50,20,500,394.7333333,0.162333333,-4.73
566,1,1,6.12,0,12,50,20,500,294.7666667,0.212333333,-2.64
567,1,1,6.12,0,4,50,40,500,174.7,0.195333333,1.836666667
568,1,1,6.12,0,8,50,40,500,308.0666667,0.109,5.443333333
569,1,1,6.12,0,12,50,40,500,458.9333333,0.305333333,-1.491333333
570,1,1,6.12,0,4,50,60,500,191.4333333,0.245666667,-1.055666667
571,1,1,6.12,0,8,50,60,500,201.9333333,0.207333333,4.203333333
572,1,1,6.12,0,12,50,60,500,211.8333333,0.225,0.894
573,1,1,6.12,0,4,50,80,500,190.4333333,0.222666667,-0.884
574,1,1,6.12,0,8,50,80,500,190.6333333,0.218,-0.851
575,1,1,6.12,0,12,50,80,500,128.8,0.305666667,2.053333333
576,1,1,6.12,0,4,10,20,500,595.8333333,0.223,-15.63333333
577,1,1,6.12,0,8,10,20,500,377.5666667,0.193666667,-3.236666667
578,1,1,6.12,0,12,10,20,500,288.2333333,0.216666667,-2.386666667
579,1,1,6.12,0,4,10,40,500,217.5333333,0.217,-1.123333333
580,1,1,6.12,0,8,10,40,500,218.9666667,0.235,0.326666667
581,1,1,6.12,0,12,10,40,500,316.5666667,0.160666667,6.206666667
582,1,1,6.12,0,4,10,60,500,273.8,0.336,-2.076666667
583,1,1,6.12,0,8,10,60,500,146.0,0.277666667,1.556666667
584,1,1,6.12,0,12,10,60,500,181.1666667,0.254,-0.4172
585,1,1,6.12,0,4,10,80,500,275.1,0.284,-2.526666667
586,1,1,6.12,0,8,10,80,500,160.8666667,0.203666667,-0.499666667
587,1,1,6.12,0,12,10,80,500,155.4,0.298333333,-0.839666667
588,1,1,6.12,0,4,1,20,500,720.4,0.440666667,-2.03
590,1,1,6.12,0,12,1,20,500,343.4,0.394333333,0.513666667
591,1,1,6.12,0,4,1,40,500,221.6333333,0.178333333,0.588
592,1,1,6.12,0,8,1,40,500,288.5,0.270666667,1.082333333
593,1,1,6.12,0,12,1,40,500,253.8,0.277666667,1.406666667
594,1,1,6.12,0,4,1,60,500,289.6666667,0.285,0.446333333
595,1,1,6.12,0,8,1,60,500,132.6,0.250333333,5.146666667
596,1,1,6.12,0,12,1,60,500,241.5333333,0.276666667,2.226666667
597,1,1,6.12,0,4,1,80,500,269.8333333,0.182,-8.26
598,1,1,6.12,0,8,1,80,500,210.1666667,0.217,-1.306
599,1,1,6.12,0,12,1,80,500,200.7333333,0.231,1.663666667
600,1,1,6.12,0,4,200,20,100,665.4,0.428666667,-4.956666667
601,1,1,6.12,0,8,200,20,100,461.8666667,0.204666667,-3.503333333
602,1,1,6.12,0,12,200,20,100,426.1,0.213666667,-2.953333333
603,1,1,6.12,0,4,200,40,100,278.2,0.298333333,-3.166666667
604,1,1,6.12,0,8,200,40,100,185.7333333,0.289333333,2.283333333
605,1,1,6.12,0,12,200,40,100,244.9,0.259,2.306666667
606,1,1,6.12,0,4,200,60,100,217.0666667,0.225333333,-1.85
607,1,1,6.12,0,8,200,60,100,222.0666667,0.144666667,0.132760333
608,1,1,6.12,0,12,200,60,100,187.0666667,0.212333333,-0.077333333
609,1,1,6.12,0,4,200,80,100,186.3666667,0.218,-4.35
610,1,1,6.12,0,8,200,80,100,208.6666667,0.198333333,-1.425333333
611,1,1,6.12,0,12,200,80,100,200.6333333,0.218,-0.192333333
612,1,1,6.12,0,4,100,20,100,411.7333333,0.436333333,-4.316666667
613,1,1,6.12,0,8,100,20,100,570.8666667,0.539333333,-3.67
614,1,1,6.12,0,12,100,20,100,219.3333333,0.198666667,2.13
615,1,1,6.12,0,4,100,40,100,265.8666667,0.319666667,-2.493333333
616,1,1,6.12,0,8,100,40,100,174.9,0.285,-0.763333333
617,1,1,6.12,0,12,100,40,100,221.6,0.295666667,3.32
618,1,1,6.12,0,4,100,60,100,180.1666667,0.231666667,0.096
619,1,1,6.12,0,8,100,60,100,213.7666667,0.231666667,-1.543333333
620,1,1,6.12,0,12,100,60,100,176.4333333,0.280666667,-0.458
621,1,1,6.12,0,4,100,80,100,180.8666667,0.208333333,-3.533333333
622,1,1,6.12,0,8,100,80,100,171.9333333,0.230666667,-2.693333333
623,1,1,6.12,0,12,100,80,100,192.2,0.185333333,-1.073
624,1,1,6.12,0,4,50,20,100,391.5666667,0.541,-4.583333333
626,1,1,6.12,0,12,50,20,100,237.1333333,0.195333333,-0.988333333
627,1,1,6.12,0,4,50,40,100,194.0333333,0.253,-0.591633333
628,1,1,6.12,0,8,50,40,100,170.3,0.291333333,-1.048
629,1,1,6.12,0,12,50,40,100,198.4,0.239666667,1.671666667
630,1,1,6.12,0,4,50,60,100,174.6333333,0.245333333,0.497666667
631,1,1,6.12,0,8,50,60,100,223.9666667,0.187,1.216666667
632,1,1,6.12,0,12,50,60,100,202.3,0.240333333,-0.367833333
633,1,1,6.12,0,4,50,80,100,233.2666667,0.174,-2.813333333
634,1,1,6.12,0,8,50,80,100,167.0333333,0.204,0.119166667
635,1,1,6.12,0,12,50,80,100,190.2333333,0.240666667,-1.521333333
636,1,1,6.12,0,4,10,20,100,264.9,0.459,-3.486666667
637,1,1,6.12,0,8,10,20,100,216.4,0.234333333,1.181
638,1,1,6.12,0,12,10,20,100,314.3333333,0.333,-1.583333333
639,1,1,6.12,0,4,10,40,100,207.4,0.21,-1.696666667
640,1,1,6.12,0,8,10,40,100,180.6333333,0.302666667,1.110333333
641,1,1,6.12,0,12,10,40,100,212.9666667,0.360333333,-0.2816
642,1,1,6.12,0,4,10,60,100,253.3,0.169,-0.997666667
643,1,1,6.12,0,8,10,60,100,170.7666667,0.234666667,1.956666667
644,1,1,6.12,0,12,10,60,100,158.8333333,0.296333333,0.975666667
645,1,1,6.12,0,4,10,80,100,188.7333333,0.239666667,-4.646666667
646,1,1,6.12,0,8,10,80,100,206.5333333,0.225333333,-1.383
647,1,1,6.12,0,12,10,80,100,182.9,0.292,0.969
649,1,1,6.12,0,8,1,20,100,254.7,0.583333333,-4.996666667
650,1,1,6.12,0,12,1,20,100,308.6333333,0.453,1.496666667
651,1,1,6.12,0,4,1,40,100,431.1,0.499333333,-12.68333333
652,1,1,6.12,0,8,1,40,100,161.8333333,0.314666667,-0.225866667
653,1,1,6.12,0,12,1,40,100,234.1666667,0.19,1.199666667
654,1,1,6.12,0,4,1,60,100,227.1333333,0.237666667,1.106666667
655,1,1,6.12,0,8,1,60,100,191.0333333,0.258,1.159666667
656,1,1,6.12,0,12,1,60,100,173.0666667,0.277666667,0.740633333
657,1,1,6.12,0,4,1,80,100,385.4666667,0.314,-5.563333333
658,1,1,6.12,0,8,1,80,100,235.9666667,0.202666667,-1.49
659,1,1,6.12,0,12,1,80,100,221.4,0.292,-0.068
661,1,1,6.12,0,8,200,20,10,164.9,0.532666667,-4.78
662,1,1,6.12,0,12,200,20,10,204.7333333,0.528,-3.8
663,1,1,6.12,0,4,200,40,10,151.1,0.245666667,-8.67
664,1,1,6.12,0,8,200,40,10,219.6333333,0.576,-3.373333333
665,1,1,6.12,0,12,200,40,10,145.9333333,0.341666667,-1.295666667
666,1,1,6.12,0,4,200,60,10,127.0666667,0.191,-0.760666667
667,1,1,6.12,0,8,200,60,10,127.8,0.215333333,0.013
668,1,1,6.12,0,12,200,60,10,82.80666667,0.227333333,-1.82
669,1,1,6.12,0,4,200,80,10,104.6,0.148,-4.656666667
670,1,1,6.12,0,8,200,80,10,101.8666667,0.164,-2.406666667
671,1,1,6.12,0,12,200,80,10,92.93333333,0.211333333,-2.843333333
672,1,1,6.12,0,4,100,20,10,100.2433333,0.198,-9.143333333
673,1,1,6.12,0,8,100,20,10,142.6,0.251333333,-2.086666667
675,1,1,6.12,0,4,100,40,10,156.8,0.255,-9.543333333
676,1,1,6.12,0,8,100,40,10,122.3333333,0.273,-1.101
677,1,1,6.12,0,12,100,40,10,146.9333333,0.334333333,-0.806
678,1,1,6.12,0,4,100,60,10,119.6333333,0.184,-0.956333333
679,1,1,6.12,0,8,100,60,10,138.6333333,0.232666667,-1.070666667
680,1,1,6.12,0,12,100,60,10,92.68333333,0.249333333,-1.873333333
681,1,1,6.12,0,4,100,80,10,107.7666667,0.171333333,-7.5
682,1,1,6.12,0,8,100,80,10,96.23333333,0.183,-3.133333333
683,1,1,6.12,0,12,100,80,10,112.1666667,0.211333333,-1.543333333
684,1,1,6.12,0,4,50,20,10,131.9333333,0.382,-8.303333333
685,1,1,6.12,0,8,50,20,10,130.2,0.408333333,-1.67
686,1,1,6.12,0,12,50,20,10,611.0333333,0.368666667,-4.006666667
687,1,1,6.12,0,4,50,40,10,149.6666667,0.191666667,-5.433333333
688,1,1,6.12,0,8,50,40,10,133.9666667,0.316333333,-0.782666667
689,1,1,6.12,0,12,50,40,10,138.3,0.326,-0.808
690,1,1,6.12,0,4,50,60,10,134.9666667,0.216333333,-2.59
691,1,1,6.12,0,8,50,60,10,140.6333333,0.252333333,-0.939333333
692,1,1,6.12,0,12,50,60,10,97.09,0.251,-1.427333333
693,1,1,6.12,0,4,50,80,10,104.5666667,0.164333333,-4.286666667
694,1,1,6.12,0,8,50,80,10,110.4,0.162333333,-3.123333333
695,1,1,6.12,0,12,50,80,10,95.28,0.202666667,-2.5
696,1,1,6.12,0,4,10,20,10,115.9666667,0.283666667,-5.833333333
697,1,1,6.12,0,8,10,20,10,130.5666667,0.339666667,-1.171666667
699,1,1,6.12,0,4,10,40,10,129.2333333,0.187,-8.426666667
700,1,1,6.12,0,8,10,40,10,121.4666667,0.242333333,-0.833
701,1,1,6.12,0,12,10,40,10,169.4666667,0.346,-0.889
702,1,1,6.12,0,4,10,60,10,134.3333333,0.149666667,-3.496666667
703,1,1,6.12,0,8,10,60,10,114.1666667,0.231666667,-1.372
704,1,1,6.12,0,12,10,60,10,92.96333333,0.255666667,-2.23
705,1,1,6.12,0,4,10,80,10,118.9,0.206333333,-7.86
706,1,1,6.12,0,8,10,80,10,94.82333333,0.199666667,-1.491
707,1,1,6.12,0,12,10,80,10,95.42666667,0.200333333,-2.646666667
709,1,1,6.12,0,8,1,20,10,156.3,0.287,-9.796666667
710,1,1,6.12,0,12,1,20,10,139.8,0.211666667,-6.03
711,1,1,6.12,0,4,1,40,10,144.2333333,0.199666667,-7.93
712,1,1,6.12,0,8,1,40,10,131.1,0.226666667,-1.069666667
713,1,1,6.12,0,12,1,40,10,150.6666667,0.35,-1.002
714,1,1,6.12,0,4,1,60,10,151.8666667,0.188666667,-6.88
715,1,1,6.12,0,8,1,60,10,143.0666667,0.263,-0.741333333
716,1,1,6.12,0,12,1,60,10,122.1,0.250333333,-1.561
717,1,1,6.12,0,4,1,80,10,149.8,0.23,-13.63333333
718,1,1,6.12,0,8,1,80,10,152.3333333,0.243666667,-3.446666667
719,1,1,6.12,0,12,1,80,10,156.8,0.304,-1.356666667
