,14PA,18PG,DDAB,DOPE,DOTAP,DSPC,aggregate
0,0.3166965154678488,0.15209805608465934,0.2551458314363365,0.2462566635776474,0.3276997823617612,0.2577130801799895,0.3166965154678488
1,0.283093335863137,0.1087487107673173,0.11470416242493281,0.23343524869870844,0.27382816646406527,0.2363735634158576,0.283093335863137
2,0.21039043559069237,0.03627085609907052,0.11551029703507382,0.05135787944398121,0.251456875337997,0.10151634919382194,0.21039043559069237
3,0.03420378991429024,0.1807783425985577,0.19157172946653708,0.27788845764382764,0.11209200569784195,0.1666879320259189,0.03420378991429024
4,0.061403511236693006,0.2705233941252685,0.16957942234900278,0.21087723157489022,0.22361411039433532,0.20435439955244522,0.061403511236693006
5,0.010080504349214231,0.1040240634121879,0.126705118229669,0.22181086586436252,0.18171350617517834,0.17576195861139013,0.010080504349214231
6,0.007464875727846713,0.05073825751932894,0.10121568697170968,0.08399773705956565,0.12290467113985495,0.05216792266078075,0.007464875727846713
7,0.02957616994058698,0.047174649988662574,0.07967506810263314,0.08584595782264151,0.08171501937696843,0.012986317518945988,0.02957616994058698
8,0.03192529161302121,0.00655099482719812,0.06641137929473134,0.046972916338330534,0.06523002782479265,0.02469187733915304,0.03192529161302121
9,0.015645635828642816,0.028826355167589614,0.16676087778171791,0.004168702225818763,0.15882275130730986,0.05512198244171177,0.015645635828642816
10,0.0186650210562914,0.0041507735820563866,0.14879619121473223,0.0007366019799517308,0.24405674137300473,0.008372436636921412,0.0186650210562914
11,0.03329747615811584,0.12005252150185153,0.06711720361146245,0.10928398223092092,0.014578756476067378,0.11071799312759731,0.03329747615811584
12,0.2964955115756974,0.10124040547417887,0.20049374900429937,0.3052723926375581,0.21687366028981464,0.2859108203972214,0.2964955115756974
13,0.35694848548705227,0.043741747991188365,0.10889989869615585,0.27009598247310346,0.20994743580561598,0.17049571393590449,0.35694848548705227
14,0.24953925299232937,0.06302575969834737,0.1460223863177425,0.22828256146610082,0.19589399105480026,0.1342953785927522,0.24953925299232937
15,0.06142208199367011,0.053431411954702294,0.09239406176514103,0.32021446869107506,0.18431600044223406,0.21934913181181437,0.06142208199367011
16,0.009744421775828349,0.01348035981402311,0.11539392458820164,0.24054007490122384,0.11331691673207639,0.18882053695413595,0.009744421775828349
17,0.015223668018386857,0.1166661255012624,0.1851860790731062,0.1480091008346118,0.13607061987891156,0.2830568801321876,0.015223668018386857
18,0.0006091946408998215,0.004922455312839868,0.11638175310724555,0.08593935411757575,0.10043585429216387,0.0402755337284353,0.0006091946408998215
19,0.009526687282983816,0.008224753956321263,0.15666735826798017,0.09620816310405089,0.13167121689216818,0.09055956131347764,0.009526687282983816
20,0.00841258837202106,0.11740106416882103,0.05576491361724417,0.052892670438613704,0.03317250990436499,0.015352282434386771,0.00841258837202106
21,0.0012675540674353765,0.015239363136352206,0.13621512603937178,0.012250144548781757,0.2519362465671533,0.12575599748541316,0.0012675540674353765
22,0.005222229768862418,0.009604468967478273,0.21151880491571495,0.010448315389963958,0.21629174637443283,0.010237912277716504,0.005222229768862418
23,0.028587621071076093,0.12000690706930857,0.00267241860296491,0.07210956513276322,0.08938853758597975,0.022239374264901385,0.028587621071076093
24,0.22474085193068938,0.028452427703641148,0.1315046054722866,0.28163215185066737,0.2172681264219251,0.22573397868249875,0.22474085193068938
25,0.3174913474714416,0.030512401363641722,0.22560847039673118,0.2120836734815237,0.19654785326717983,0.2084178241864105,0.3174913474714416
26,0.2909391876543542,0.0810261927855637,0.15744022015350734,0.18501718756056038,0.25761396971296335,0.12504615876947084,0.2909391876543542
27,0.03410337892552383,0.038685893980333196,0.2181524334024795,0.2199786040205335,0.2155295928977779,0.04722974835098053,0.03410337892552383
28,0.042476866308248276,0.06232493388932392,0.1543242784568502,0.22781097195966166,0.193722827895985,0.22436622995478994,0.042476866308248276
29,0.034048629473490244,0.04137358840852537,0.2783635834528365,0.34135266807217535,0.20766171606563932,0.28315293155290544,0.034048629473490244
30,0.027773320749947955,0.028477271426177377,0.09128858834041861,0.14952130382111095,0.009965096916545624,0.08932924212014832,0.027773320749947955
31,0.02935488769334879,0.047419453635397506,0.03389035601158988,0.1642036859478845,0.030500506586170567,0.011143193648461079,0.02935488769334879
32,0.024155902352490388,0.1322588679341113,0.25004792059131387,0.19744148994693234,0.06331093453983733,0.05311988658240774,0.024155902352490388
33,0.002606203311363275,0.004543383090527098,0.03200649506055614,0.07688512401434106,0.06505296735274887,0.06014718074686637,0.002606203311363275
34,0.010448236724039278,0.0316350693871285,0.1404994438246699,0.0823222423743428,0.08269736776378309,0.00035516721323689514,0.010448236724039278
35,0.023335369171389515,0.16402573466250447,0.04201066930876529,0.15357919508533385,0.1515591901031027,0.005698022935655883,0.023335369171389515
36,0.13890271069130256,0.13520185314049668,0.1959363437392968,0.27479594026954,0.21917303461248622,0.30960668551217024,0.13890271069130256
37,0.16840041174611786,0.14320317257794965,0.3145860849321146,0.13369328638298764,0.15066711482838419,0.19277481379476,0.16840041174611786
38,0.2339312883157148,0.09750799198063723,0.25442832442892993,0.019823060645839108,0.18734729932309774,0.16069864780674514,0.2339312883157148
39,0.02322605649251298,0.027317100810257816,0.2761513072192048,0.36127525075787237,0.17810978647880926,0.10987256503241033,0.02322605649251298
40,0.046992625819986186,0.12381293206447934,0.3688563633171261,0.17136314382768145,0.17531523215409672,0.22146323965879494,0.046992625819986186
41,0.06311897296691818,0.18927324983828125,0.4750601551688265,0.1890929724867144,0.1240283812022196,0.15349299858476342,0.06311897296691818
42,0.01927623989325371,0.10944670673865906,0.2567488072167674,0.20708624424255737,0.24948650767882496,0.1415281787110878,0.01927623989325371
43,0.009581865398350594,0.15506806644043936,0.3105752601078079,0.18470072446875227,0.18981880340139273,0.0833573958856226,0.009581865398350594
44,0.0006598982126958426,0.24696762057564245,0.30717284981421267,0.08198806233237216,0.27521859662896725,0.035602850473238024,0.0006598982126958426
45,0.014354175664898631,0.12856298053041543,0.3995765655411715,0.2842238525562001,0.20063283465934478,0.2564752953210878,0.014354175664898631
46,0.023627445545493096,0.17546914712946404,0.29049796410822615,0.08797919189978706,0.2201703875799395,0.14699603213828055,0.023627445545493096
47,0.03458984316731954,0.28963011280883394,0.252854027997263,0.050591237874931805,0.3471557190003491,0.023516815121227663,0.03458984316731954
48,0.14317061769637854,0.1256510483535083,0.09499177328318986,0.02516319146371626,0.506394505444873,0.08051466934255527,0.14317061769637854
49,0.05095114299775275,0.13307793285403985,0.2664641897568706,0.15741844211961067,0.47928198762927443,0.045154639638238056,0.05095114299775275
50,0.07054142851500227,0.14175098306767497,0.3393640526797489,0.11418443294639977,0.4230657454395454,0.062082072861845014,0.07054142851500227
51,0.14493872366992744,0.0596382663131781,0.19043225531051533,0.22654548989143922,0.42659558013969007,0.092186282832826,0.14493872366992744
52,0.06198518506395817,0.09833144413102267,0.30921348003925586,0.021037976792648544,0.4077462025114953,0.14113509633927288,0.06198518506395817
53,0.12652415901740416,0.15148403797748028,0.3768964448271256,0.15965289123300694,0.38570567459656085,0.1450649813601419,0.12652415901740416
54,0.061000212059439646,0.10759546699614553,0.20493694642899918,0.00144637483323036,0.1793627672762233,0.13592988331452227,0.061000212059439646
55,0.06528076024646975,0.17751348738780906,0.27710859287289946,0.08657815351166026,0.3761919845848519,0.13155840062496432,0.06528076024646975
56,0.00862808032303719,0.20648322285674084,0.36720404242076043,0.04769300323324402,0.3809883511457799,0.15640077327287086,0.00862808032303719
57,0.03815582814799785,0.16755787815126305,0.4475630152185138,0.09002477810347356,0.2923598771634494,0.15626088999147494,0.03815582814799785
58,0.025153376297508218,0.22181045538859032,0.4202091450865272,0.19454358886954823,0.4487551378995352,0.05336774133641781,0.025153376297508218
59,0.0013793379626266186,0.3129453978218606,0.2994137845853362,0.16755677063353674,0.5488370862597418,0.10870310805250152,0.0013793379626266186
60,0.1833320840301838,0.020890833155699756,0.04695525078746382,0.13126929263812517,0.1797180308903007,0.15564358033963166,0.1833320840301838
61,0.2480222552299452,0.007965510328346026,0.03851945810539287,0.11163113962007007,0.04418730679011734,0.15266137143180097,0.2480222552299452
62,0.11764361486416008,0.14205258130077142,0.10147073735104914,0.04897979047781789,0.04846701745658408,0.02213191450760607,0.11764361486416008
63,0.0787972272326189,0.08439877523082584,0.07592463182462938,0.2541139086747096,0.05295994881161503,0.2019784193471505,0.0787972272326189
64,0.045308831109011,0.04558234677493514,0.06081456846019084,0.08673187870943475,0.07903064135706522,0.189672622779461,0.045308831109011
65,9.268437326770407e-05,0.16651617688162632,0.05202414428114738,0.03676454967604181,0.043799640856113875,0.16465129926320596,9.268437326770407e-05
66,0.007287740456153068,0.012281032034491879,0.11265922410643214,0.08107421311078869,0.15354167930533777,0.04956658532978392,0.007287740456153068
67,0.00691191986522461,0.09630983451115821,0.12575322748499515,0.08327695465068818,0.06757944760325288,0.05023786130004333,0.00691191986522461
68,0.04392791951188125,0.19409373804147154,0.050706057733241716,0.12610516736290128,0.027302163628162346,0.03420861946306783,0.04392791951188125
69,0.01733743868593592,0.06491863004109928,0.21367795527025696,0.08347438483826643,0.11136794837937056,0.05529747208386538,0.01733743868593592
70,0.02135260446442754,0.05257939061850868,0.2606110860658803,0.05144004515509313,0.149281733017569,0.07174918006619595,0.02135260446442754
71,0.03528009669264561,0.2036452626000348,0.012414806859280925,0.3052314775533874,0.010165774515096926,0.041914963266865835,0.03528009669264561
72,0.12644044286862405,0.00035010874769633715,0.10327834986690032,0.10333004816448696,0.11371065401817376,0.17763530967166408,0.12644044286862405
73,0.19402952152446304,0.04709627729679383,0.141812134936273,0.1373449904452327,0.04944090579627619,0.13098225321478035,0.19402952152446304
74,0.14900251517507607,0.1694215850584475,0.010212360835465673,0.04004590761325258,0.044439537276134394,0.04476014789736055,0.14900251517507607
75,0.12199767194552687,0.14996696012635677,0.11043985145952451,0.2092824581224816,0.09463264380442604,0.250634011150464,0.12199767194552687
76,0.0838118957478351,0.05825557609153348,0.0020150593411690787,0.07352785582745561,0.10966353214781771,0.2615893626269681,0.0838118957478351
77,0.04487919490262461,0.21389893785885672,0.05093542865952244,0.056359973881347475,0.041896495455406246,0.21692233649275883,0.04487919490262461
78,0.012354488294035286,0.08730022171977783,0.13358094555843025,0.003161542591725866,0.04925219742439432,0.10778858883459054,0.012354488294035286
79,0.05383177406285629,0.06131089919662108,0.2441973523198483,0.04639917025934931,0.03143137989341749,0.12639977229726151,0.05383177406285629
80,0.02454563677962877,0.17179470649643902,0.04107032325827603,0.046251175405505135,0.07656477833219089,0.16534815817074255,0.02454563677962877
81,0.013066860461570502,0.07699333668939783,0.21532457246859538,0.06392704383982316,0.1166742683107749,0.028061613912975944,0.013066860461570502
82,0.010203149931073628,0.08359942075133282,0.06210391770109494,0.015165459121188059,0.24133423548036118,0.02693101950894665,0.010203149931073628
83,0.022670644048483044,0.22160611830724086,0.05547315603762998,0.2072514559595344,0.10216408795425491,0.10615510920429061,0.022670644048483044
84,0.2526919962471333,0.003982727287764498,0.07265275118412456,0.08095332360448823,0.1336799028257043,0.18875092245855432,0.2526919962471333
85,0.19350168031561726,0.09358239846971864,0.018761280080804354,0.15098966622769075,0.09548196108249865,0.10198747655487353,0.19350168031561726
86,0.11127061015785554,0.13927387946718067,0.06726725487663393,0.11395353204841954,0.01762217374130054,0.05561816287226634,0.11127061015785554
87,0.043460211246319366,0.17316798064270128,0.10769625745287714,0.1443411711954156,0.080032094492612,0.25909324331564865,0.043460211246319366
88,0.02447618692617891,0.18053085784956657,0.05217339851694458,0.0456175686602982,0.046645321262743566,0.14399622845353313,0.02447618692617891
89,0.042897856824332684,0.1908539677741373,0.08229528326796376,0.16934468552480936,0.021492373634756257,0.10466452022437034,0.042897856824332684
90,0.007305160897203046,0.15347697102366648,0.22011137899731809,0.09656015904214502,0.010428876866555081,0.2165015813594527,0.007305160897203046
91,0.017185555761838518,0.18378593982556726,0.07678313206463283,0.015862248327840944,0.01858439636800252,0.11788090543547317,0.017185555761838518
92,0.03288377860739669,0.2838419550840371,0.03421280553839928,0.11299758118893338,0.12440716731418727,0.1101868573638628,0.03288377860739669
93,0.01954789987740347,0.13340686768570564,0.22187245686758097,0.016303539460368194,0.06828909584081161,0.13529991606687528,0.01954789987740347
94,0.020262870832677308,0.16271427032052968,0.20942614083691613,0.06413062537717693,0.03980373809083526,0.05157998246963337,0.020262870832677308
95,0.0355900003963852,0.3352697205881014,0.15018783833593566,0.2612387832897822,0.22012799723162113,0.08351520888093614,0.0355900003963852
96,0.22454631572806336,0.16315200299907126,0.1014620013049985,0.19118620138758627,0.2791771533049015,0.20215595927160263,0.22454631572806336
97,0.1967204447207765,0.023889100735189156,0.15105136907632422,0.19614633624139452,0.1063102685410493,0.09970516033233964,0.1967204447207765
98,0.1681650636132592,0.04393226341042289,0.028380966878927827,0.15610041636999042,0.30812769409864743,0.10468688908390328,0.1681650636132592
99,0.14372770295371126,0.1490343112440005,0.025620580412804017,0.15567432374641071,0.2645495808562647,0.30883131734003755,0.14372770295371126
100,0.1328260020720129,0.24806191186615642,0.10496594985309371,0.017133785132557255,0.3002206565906094,0.2389107240379012,0.1328260020720129
101,0.1917326816344736,0.2743601706363642,0.09177582679915453,0.03203404908695223,0.3326797279595172,0.18614584327507183,0.1917326816344736
102,0.11313694299625582,0.2893684045790225,0.0212958967469693,0.18781946971959826,0.2608199172523066,0.3917237584373452,0.11313694299625582
103,0.033203332789734565,0.32998083387620647,0.14782600211709163,0.1397893363822551,0.26315331662374014,0.2689569014419881,0.033203332789734565
104,0.040831829881362774,0.3615658203354677,0.25752902861533766,0.02770900584776137,0.37668672037394885,0.2423928074057694,0.040831829881362774
105,0.011774694203928765,0.33093056714730645,0.10429985190326152,0.21322784335721126,0.21743034165951453,0.28593711744211336,0.011774694203928765
106,0.023761107817510285,0.3491792048896129,0.25423330816994893,0.1764947051561659,0.2646030809796336,0.2467872231626264,0.023761107817510285
107,0.04850247893683359,0.4060519563554487,0.3291148529126451,0.07330175402403477,0.2885575769289241,0.03989716539295801,0.04850247893683359
108,0.13716198768175944,0.2212897649432327,0.2558175748716397,0.09841075278720954,0.5229360523505846,0.02426821633366652,0.13716198768175944
109,0.07344395546494006,0.2497874734811037,0.2453387409826524,0.17319507359907976,0.3772691672954633,0.0010380272638393362,0.07344395546494006
110,0.07950757642403938,0.22191369656932805,0.19662466744369134,0.11308375570859261,0.2848691136822827,0.05405989639174619,0.07950757642403938
111,0.21597288247619068,0.2902275462483076,0.4193715793426209,0.06874637120745836,0.3033506252186334,0.037471094528054055,0.21597288247619068
112,0.18708303872046556,0.3060247640068287,0.44905688475575833,0.07048077592923335,0.48477475245369633,0.09890208361494601,0.18708303872046556
113,0.16457371318196376,0.40016846448521415,0.5035214951712689,0.02382681158917127,0.41948679061112554,0.18325333808287614,0.16457371318196376
114,0.1609633667902379,0.27627399619825077,0.423958544807272,0.16938711794173286,0.24948913951652496,0.2399371703454274,0.1609633667902379
115,0.07737465673859309,0.3547919385489919,0.3714819441247499,0.21205755750261251,0.4577232577443758,0.16064082236451246,0.07737465673859309
116,0.038807174215523856,0.46608346381427884,0.541168764235447,0.10396098427833461,0.42299141764394704,0.18859687139685413,0.038807174215523856
117,0.08859957694155503,0.3457343585643015,0.4542772912070657,0.34008975020152943,0.22388649372201974,0.168592075882163,0.08859957694155503
118,0.011301570951090426,0.3749947666790644,0.46884954589404115,0.3170167109182633,0.4475706908517256,0.07843564946148215,0.011301570951090426
119,0.07182702204721539,0.413524809761093,0.341978528826294,0.16026021304461996,0.6400549047762796,0.09207186373655529,0.07182702204721539
120,0.019929138623386168,0.049832030572595436,0.023158136067892535,0.022075371950298357,0.05499362423901387,0.008608263941368982,0.019929138623386168
121,0.0477156341211328,0.0058836448733341,0.03984944893097681,0.018719039830131304,0.05711254069853304,0.006450403651248297,0.0477156341211328
122,0.017888942253872737,0.02362821861502627,0.06551197572236368,0.10201092629618655,0.03185527690843186,0.047266339316910586,0.017888942253872737
123,0.18912042547328123,0.06029962940901078,0.0459903014990221,0.04359941577661212,0.04816483228254262,0.06930917434690086,0.18912042547328123
124,0.248524990060579,0.07556844951348661,0.07282446349078601,0.0018168911483371353,0.05281259380518613,0.029350800143394973,0.248524990060579
125,0.09224750457234557,0.1017003818389478,0.006887642086018664,0.06575952130862689,0.014527122492823286,0.08628491212494244,0.09224750457234557
126,0.040662693011771944,0.05688248393536721,0.09489052287085853,0.021992306572240078,0.0029844219101386738,0.001339008801069054,0.040662693011771944
127,0.012344756859713368,0.07541165955245596,0.09899939971477414,0.05595799705681967,0.0955293753351873,0.12472788062772855,0.012344756859713368
128,0.04400872334045955,0.15514021740846368,0.19634852471396227,0.002378191052337525,0.09094743714700515,0.06909307957487412,0.04400872334045955
129,0.022981441092059688,0.07008931387033598,0.16905067863446227,0.008656758374690826,0.07387166785685575,0.023129700311894597,0.022981441092059688
130,0.014622988869881795,0.07017691723997135,0.13095415364277507,0.04520829319149977,0.12499862823298608,0.01211330584550424,0.014622988869881795
131,0.053372095424786214,0.15256356150580758,0.0384200157945766,0.16130870819648774,0.06201164360577005,0.04176474412529302,0.053372095424786214
132,0.001110454571225504,0.04498960005775585,0.032641755805331935,0.0213422881080622,0.008881134578137122,0.03932565951649337,0.001110454571225504
133,0.013512934485839657,0.005823386154183666,0.035901912216255445,0.019780283785458486,0.013775543923672527,0.003849293019429169,0.013512934485839657
134,0.008797525990407624,0.019168049376379632,0.05424233138820324,0.008388872996902464,0.032268841838125825,0.025970113789882555,0.008797525990407624
135,0.16576707386913492,0.0602971222404674,0.001219264771360154,0.03137960762159882,0.06280432881950149,0.11550762647969168,0.16576707386913492
136,0.21140910288993225,0.06409221522431803,0.07532519744301296,0.004750014517212367,0.009356357334369153,0.03729707734494478,0.21140910288993225
137,0.0848021317076079,0.13270608990033392,0.005952215108557257,0.08477211095986907,0.021281451811011987,0.05938707805324611,0.0848021317076079
138,0.019618262424011268,0.07362760804921525,0.0014009854675327837,0.023469324906907257,0.09124892983786037,0.008866976686621918,0.019618262424011268
139,0.04076915018922718,0.07679794326650088,0.16229375663794082,0.04887865888474224,0.07858857830572608,0.11894883765992147,0.04076915018922718
140,0.0044325618534487715,0.15097394128732808,0.16487570258327897,0.08502392312763107,0.14549814582721965,0.06607807697363821,0.0044325618534487715
141,0.0009718791276594506,0.07149165537471114,0.2065923449861397,0.002841731648191811,0.09385595294146429,0.015491827476810407,0.0009718791276594506
142,0.009554408126915916,0.07035632877328545,0.3103518294324618,0.013572867366327082,0.21830972522951808,0.019748474845284154,0.009554408126915916
143,0.04428133484281038,0.18745931082555622,0.23631770207807526,0.07185974690532435,0.05884899683927397,0.0007520020859860255,0.04428133484281038
144,0.04019091458466029,0.035896999924242924,0.026512491358180568,0.022435391977732005,0.0045289909393352165,0.019239463910273938,0.04019091458466029
145,0.023283289121678603,0.006795001060451011,0.023981062578464413,0.022945113251723145,0.0012240756615485501,0.013299754350001358,0.023283289121678603
146,0.04557256042952221,0.04442946121362522,0.05563929555027907,0.0005434459363732609,0.02861538613197818,0.024298533643611068,0.04557256042952221
147,0.18697418219195736,0.05996629367578349,0.022811697395869565,0.0325192046350445,0.07825471756590821,0.043318160091571994,0.18697418219195736
148,0.17412942307963683,0.06533942216149476,0.08789363017836674,0.05821281378539293,0.03781266016821977,0.04274647972986857,0.17412942307963683
149,0.017462217601024944,0.1507993570858569,0.17731482358256592,0.0033475686410808086,0.016669000736329098,0.11250245153391111,0.017462217601024944
150,0.02228221360463877,0.07431417444030061,0.04687074906610175,0.10081513935918951,0.029741421042778077,0.028311784850443555,0.02228221360463877
151,0.012197438091885393,0.08224503012675574,0.16962467120707037,0.07070564322163245,0.108271000970038,0.18863484640293918,0.012197438091885393
152,0.0013957314262842274,0.1512506185114296,0.05731302853858691,0.09881243942685836,0.07481179596453835,0.07994851591635777,0.0013957314262842274
153,0.016975232459041784,0.06972565628678011,0.0958741030794221,0.020880814276075556,0.03700511864299599,0.027606097559270546,0.016975232459041784
154,0.02082405246107636,0.0698902809075945,0.21535019000058142,0.015035192424491237,0.1819495009279327,0.016055472216566464,0.02082405246107636
155,0.04552023061340975,0.21283759417669362,0.15134873802984333,0.0666243903949188,0.023578578470807965,0.0007195097776533099,0.04552023061340975
156,1.2197919791478312e-05,0.04581874868951385,0.15018867223932253,0.004463979379292923,0.11213039956750619,0.048042949003729796,1.2197919791478312e-05
157,0.021980194725220368,0.03652767945611828,0.14246034283174813,0.05460795177622281,0.031017355913004224,0.03802966293194833,0.021980194725220368
158,0.006599245437971325,0.030152675834765476,0.1559393851756061,0.04007057130351855,0.07982743155516578,0.023811547505048818,0.006599245437971325
159,0.02871858627716198,0.10294786063884868,0.03461346048844835,0.014739004672921968,0.17590898437963998,0.04979382501457422,0.02871858627716198
160,0.01880819874920527,0.12920760309950333,0.10336798306394546,0.059239635981035654,0.28946785676974374,0.0036775292259434433,0.01880819874920527
161,0.013084239837666,0.18597107373365493,0.09762538532869103,0.06695146883779365,0.27472043173769,0.05169134843084425,0.013084239837666
162,0.024761171022975953,0.1403615361488074,0.07905404576034863,0.08612366512051459,0.2600314551455907,0.1442766285183365,0.024761171022975953
163,0.005343004995520442,0.16555598841120509,0.09729094293999413,0.08657288961606333,0.3192730239180121,0.1625732622534639,0.005343004995520442
164,0.05244170281357893,0.2054901472760791,0.024229713372518225,0.08189833425831752,0.2397459697092688,0.07825313926391864,0.05244170281357893
165,0.010683526286991742,0.16415205150370546,0.12695047101668544,0.1742056894684105,0.07268083260070934,0.20737609641861868,0.010683526286991742
166,0.017134513682942415,0.2023853152027954,0.1532659936147835,0.10146170608824953,0.0008208616211701769,0.1382323370031875,0.017134513682942415
167,0.04879407044673942,0.2617109020015709,0.02231568578085963,0.033545376691813955,0.1714703409614174,0.05366954863303963,0.04879407044673942
168,0.012811789081544234,0.03578847327824893,0.05868218963440641,0.036201441708010394,0.042190512457063095,0.02629557337745294,0.012811789081544234
169,0.0006226812180124714,0.05246155540437231,0.05039635762698677,0.02259195758353454,0.040949183600312355,0.016342538001384015,0.0006226812180124714
170,0.0017410553115694192,0.03181802909987477,0.1398428235318446,0.0410392388781034,0.005183819233077966,0.06854965322071263,0.0017410553115694192
171,0.015536264057714131,0.10983401015549642,0.07564875478039873,0.015476404336724085,0.023524078766581136,0.07520263996933053,0.015536264057714131
172,0.014204810234526556,0.1299467865458553,0.03330117960615725,0.0030053761178377575,0.00032395372466534345,0.12103857850110307,0.014204810234526556
173,0.0047949243059962334,0.15416750382800032,0.0834569168651042,0.3230063943526385,0.055600647008155174,0.1386331564979234,0.0047949243059962334
174,0.021787558643317526,0.12963093473615303,0.16518703229192042,0.06884549265167259,0.14396833303828163,0.1235484361147978,0.021787558643317526
175,0.006650263825850097,0.15135286542525794,0.2046578701767858,0.12917823544300447,0.047623227284788544,0.17262568620618224,0.006650263825850097
176,0.03832301061812654,0.21529191480409074,0.1809982778957831,0.18163115518531814,0.008139743531552834,0.23733162760359017,0.03832301061812654
177,0.02561371902091613,0.16118342886166603,0.01699216106634016,0.2978144428870677,0.03626189649446737,0.11887408632551952,0.02561371902091613
178,0.016793304204940525,0.19123526056912993,0.2525130549956033,0.23966865489438555,0.25823617215156874,0.15375672337936253,0.016793304204940525
179,0.024360960620371346,0.25571756224231024,0.12180780996664334,0.3942525396700405,0.1804717564167616,0.0948993584874496,0.024360960620371346
180,,,,,,,0.15209805608465934
181,,,,,,,0.1087487107673173
182,,,,,,,0.03627085609907052
183,,,,,,,0.1807783425985577
184,,,,,,,0.2705233941252685
185,,,,,,,0.1040240634121879
186,,,,,,,0.05073825751932894
187,,,,,,,0.047174649988662574
188,,,,,,,0.00655099482719812
189,,,,,,,0.028826355167589614
190,,,,,,,0.0041507735820563866
191,,,,,,,0.12005252150185153
192,,,,,,,0.10124040547417887
193,,,,,,,0.043741747991188365
194,,,,,,,0.06302575969834737
195,,,,,,,0.053431411954702294
196,,,,,,,0.01348035981402311
197,,,,,,,0.1166661255012624
198,,,,,,,0.004922455312839868
199,,,,,,,0.008224753956321263
200,,,,,,,0.11740106416882103
201,,,,,,,0.015239363136352206
202,,,,,,,0.009604468967478273
203,,,,,,,0.12000690706930857
204,,,,,,,0.028452427703641148
205,,,,,,,0.030512401363641722
206,,,,,,,0.0810261927855637
207,,,,,,,0.038685893980333196
208,,,,,,,0.06232493388932392
209,,,,,,,0.04137358840852537
210,,,,,,,0.028477271426177377
211,,,,,,,0.047419453635397506
212,,,,,,,0.1322588679341113
213,,,,,,,0.004543383090527098
214,,,,,,,0.0316350693871285
215,,,,,,,0.16402573466250447
216,,,,,,,0.13520185314049668
217,,,,,,,0.14320317257794965
218,,,,,,,0.09750799198063723
219,,,,,,,0.027317100810257816
220,,,,,,,0.12381293206447934
221,,,,,,,0.18927324983828125
222,,,,,,,0.10944670673865906
223,,,,,,,0.15506806644043936
224,,,,,,,0.24696762057564245
225,,,,,,,0.12856298053041543
226,,,,,,,0.17546914712946404
227,,,,,,,0.28963011280883394
228,,,,,,,0.1256510483535083
229,,,,,,,0.13307793285403985
230,,,,,,,0.14175098306767497
231,,,,,,,0.0596382663131781
232,,,,,,,0.09833144413102267
233,,,,,,,0.15148403797748028
234,,,,,,,0.10759546699614553
235,,,,,,,0.17751348738780906
236,,,,,,,0.20648322285674084
237,,,,,,,0.16755787815126305
238,,,,,,,0.22181045538859032
239,,,,,,,0.3129453978218606
240,,,,,,,0.020890833155699756
241,,,,,,,0.007965510328346026
242,,,,,,,0.14205258130077142
243,,,,,,,0.08439877523082584
244,,,,,,,0.04558234677493514
245,,,,,,,0.16651617688162632
246,,,,,,,0.012281032034491879
247,,,,,,,0.09630983451115821
248,,,,,,,0.19409373804147154
249,,,,,,,0.06491863004109928
250,,,,,,,0.05257939061850868
251,,,,,,,0.2036452626000348
252,,,,,,,0.00035010874769633715
253,,,,,,,0.04709627729679383
254,,,,,,,0.1694215850584475
255,,,,,,,0.14996696012635677
256,,,,,,,0.05825557609153348
257,,,,,,,0.21389893785885672
258,,,,,,,0.08730022171977783
259,,,,,,,0.06131089919662108
260,,,,,,,0.17179470649643902
261,,,,,,,0.07699333668939783
262,,,,,,,0.08359942075133282
263,,,,,,,0.22160611830724086
264,,,,,,,0.003982727287764498
265,,,,,,,0.09358239846971864
266,,,,,,,0.13927387946718067
267,,,,,,,0.17316798064270128
268,,,,,,,0.18053085784956657
269,,,,,,,0.1908539677741373
270,,,,,,,0.15347697102366648
271,,,,,,,0.18378593982556726
272,,,,,,,0.2838419550840371
273,,,,,,,0.13340686768570564
274,,,,,,,0.16271427032052968
275,,,,,,,0.3352697205881014
276,,,,,,,0.16315200299907126
277,,,,,,,0.023889100735189156
278,,,,,,,0.04393226341042289
279,,,,,,,0.1490343112440005
280,,,,,,,0.24806191186615642
281,,,,,,,0.2743601706363642
282,,,,,,,0.2893684045790225
283,,,,,,,0.32998083387620647
284,,,,,,,0.3615658203354677
285,,,,,,,0.33093056714730645
286,,,,,,,0.3491792048896129
287,,,,,,,0.4060519563554487
288,,,,,,,0.2212897649432327
289,,,,,,,0.2497874734811037
290,,,,,,,0.22191369656932805
291,,,,,,,0.2902275462483076
292,,,,,,,0.3060247640068287
293,,,,,,,0.40016846448521415
294,,,,,,,0.27627399619825077
295,,,,,,,0.3547919385489919
296,,,,,,,0.46608346381427884
297,,,,,,,0.3457343585643015
298,,,,,,,0.3749947666790644
299,,,,,,,0.413524809761093
300,,,,,,,0.049832030572595436
301,,,,,,,0.0058836448733341
302,,,,,,,0.02362821861502627
303,,,,,,,0.06029962940901078
304,,,,,,,0.07556844951348661
305,,,,,,,0.1017003818389478
306,,,,,,,0.05688248393536721
307,,,,,,,0.07541165955245596
308,,,,,,,0.15514021740846368
309,,,,,,,0.07008931387033598
310,,,,,,,0.07017691723997135
311,,,,,,,0.15256356150580758
312,,,,,,,0.04498960005775585
313,,,,,,,0.005823386154183666
314,,,,,,,0.019168049376379632
315,,,,,,,0.0602971222404674
316,,,,,,,0.06409221522431803
317,,,,,,,0.13270608990033392
318,,,,,,,0.07362760804921525
319,,,,,,,0.07679794326650088
320,,,,,,,0.15097394128732808
321,,,,,,,0.07149165537471114
322,,,,,,,0.07035632877328545
323,,,,,,,0.18745931082555622
324,,,,,,,0.035896999924242924
325,,,,,,,0.006795001060451011
326,,,,,,,0.04442946121362522
327,,,,,,,0.05996629367578349
328,,,,,,,0.06533942216149476
329,,,,,,,0.1507993570858569
330,,,,,,,0.07431417444030061
331,,,,,,,0.08224503012675574
332,,,,,,,0.1512506185114296
333,,,,,,,0.06972565628678011
334,,,,,,,0.0698902809075945
335,,,,,,,0.21283759417669362
336,,,,,,,0.04581874868951385
337,,,,,,,0.03652767945611828
338,,,,,,,0.030152675834765476
339,,,,,,,0.10294786063884868
340,,,,,,,0.12920760309950333
341,,,,,,,0.18597107373365493
342,,,,,,,0.1403615361488074
343,,,,,,,0.16555598841120509
344,,,,,,,0.2054901472760791
345,,,,,,,0.16415205150370546
346,,,,,,,0.2023853152027954
347,,,,,,,0.2617109020015709
348,,,,,,,0.03578847327824893
349,,,,,,,0.05246155540437231
350,,,,,,,0.03181802909987477
351,,,,,,,0.10983401015549642
352,,,,,,,0.1299467865458553
353,,,,,,,0.15416750382800032
354,,,,,,,0.12963093473615303
355,,,,,,,0.15135286542525794
356,,,,,,,0.21529191480409074
357,,,,,,,0.16118342886166603
358,,,,,,,0.19123526056912993
359,,,,,,,0.25571756224231024
360,,,,,,,0.2551458314363365
361,,,,,,,0.11470416242493281
362,,,,,,,0.11551029703507382
363,,,,,,,0.19157172946653708
364,,,,,,,0.16957942234900278
365,,,,,,,0.126705118229669
366,,,,,,,0.10121568697170968
367,,,,,,,0.07967506810263314
368,,,,,,,0.06641137929473134
369,,,,,,,0.16676087778171791
370,,,,,,,0.14879619121473223
371,,,,,,,0.06711720361146245
372,,,,,,,0.20049374900429937
373,,,,,,,0.10889989869615585
374,,,,,,,0.1460223863177425
375,,,,,,,0.09239406176514103
376,,,,,,,0.11539392458820164
377,,,,,,,0.1851860790731062
378,,,,,,,0.11638175310724555
379,,,,,,,0.15666735826798017
380,,,,,,,0.05576491361724417
381,,,,,,,0.13621512603937178
382,,,,,,,0.21151880491571495
383,,,,,,,0.00267241860296491
384,,,,,,,0.1315046054722866
385,,,,,,,0.22560847039673118
386,,,,,,,0.15744022015350734
387,,,,,,,0.2181524334024795
388,,,,,,,0.1543242784568502
389,,,,,,,0.2783635834528365
390,,,,,,,0.09128858834041861
391,,,,,,,0.03389035601158988
392,,,,,,,0.25004792059131387
393,,,,,,,0.03200649506055614
394,,,,,,,0.1404994438246699
395,,,,,,,0.04201066930876529
396,,,,,,,0.1959363437392968
397,,,,,,,0.3145860849321146
398,,,,,,,0.25442832442892993
399,,,,,,,0.2761513072192048
400,,,,,,,0.3688563633171261
401,,,,,,,0.4750601551688265
402,,,,,,,0.2567488072167674
403,,,,,,,0.3105752601078079
404,,,,,,,0.30717284981421267
405,,,,,,,0.3995765655411715
406,,,,,,,0.29049796410822615
407,,,,,,,0.252854027997263
408,,,,,,,0.09499177328318986
409,,,,,,,0.2664641897568706
410,,,,,,,0.3393640526797489
411,,,,,,,0.19043225531051533
412,,,,,,,0.30921348003925586
413,,,,,,,0.3768964448271256
414,,,,,,,0.20493694642899918
415,,,,,,,0.27710859287289946
416,,,,,,,0.36720404242076043
417,,,,,,,0.4475630152185138
418,,,,,,,0.4202091450865272
419,,,,,,,0.2994137845853362
420,,,,,,,0.04695525078746382
421,,,,,,,0.03851945810539287
422,,,,,,,0.10147073735104914
423,,,,,,,0.07592463182462938
424,,,,,,,0.06081456846019084
425,,,,,,,0.05202414428114738
426,,,,,,,0.11265922410643214
427,,,,,,,0.12575322748499515
428,,,,,,,0.050706057733241716
429,,,,,,,0.21367795527025696
430,,,,,,,0.2606110860658803
431,,,,,,,0.012414806859280925
432,,,,,,,0.10327834986690032
433,,,,,,,0.141812134936273
434,,,,,,,0.010212360835465673
435,,,,,,,0.11043985145952451
436,,,,,,,0.0020150593411690787
437,,,,,,,0.05093542865952244
438,,,,,,,0.13358094555843025
439,,,,,,,0.2441973523198483
440,,,,,,,0.04107032325827603
441,,,,,,,0.21532457246859538
442,,,,,,,0.06210391770109494
443,,,,,,,0.05547315603762998
444,,,,,,,0.07265275118412456
445,,,,,,,0.018761280080804354
446,,,,,,,0.06726725487663393
447,,,,,,,0.10769625745287714
448,,,,,,,0.05217339851694458
449,,,,,,,0.08229528326796376
450,,,,,,,0.22011137899731809
451,,,,,,,0.07678313206463283
452,,,,,,,0.03421280553839928
453,,,,,,,0.22187245686758097
454,,,,,,,0.20942614083691613
455,,,,,,,0.15018783833593566
456,,,,,,,0.1014620013049985
457,,,,,,,0.15105136907632422
458,,,,,,,0.028380966878927827
459,,,,,,,0.025620580412804017
460,,,,,,,0.10496594985309371
461,,,,,,,0.09177582679915453
462,,,,,,,0.0212958967469693
463,,,,,,,0.14782600211709163
464,,,,,,,0.25752902861533766
465,,,,,,,0.10429985190326152
466,,,,,,,0.25423330816994893
467,,,,,,,0.3291148529126451
468,,,,,,,0.2558175748716397
469,,,,,,,0.2453387409826524
470,,,,,,,0.19662466744369134
471,,,,,,,0.4193715793426209
472,,,,,,,0.44905688475575833
473,,,,,,,0.5035214951712689
474,,,,,,,0.423958544807272
475,,,,,,,0.3714819441247499
476,,,,,,,0.541168764235447
477,,,,,,,0.4542772912070657
478,,,,,,,0.46884954589404115
479,,,,,,,0.341978528826294
480,,,,,,,0.023158136067892535
481,,,,,,,0.03984944893097681
482,,,,,,,0.06551197572236368
483,,,,,,,0.0459903014990221
484,,,,,,,0.07282446349078601
485,,,,,,,0.006887642086018664
486,,,,,,,0.09489052287085853
487,,,,,,,0.09899939971477414
488,,,,,,,0.19634852471396227
489,,,,,,,0.16905067863446227
490,,,,,,,0.13095415364277507
491,,,,,,,0.0384200157945766
492,,,,,,,0.032641755805331935
493,,,,,,,0.035901912216255445
494,,,,,,,0.05424233138820324
495,,,,,,,0.001219264771360154
496,,,,,,,0.07532519744301296
497,,,,,,,0.005952215108557257
498,,,,,,,0.0014009854675327837
499,,,,,,,0.16229375663794082
500,,,,,,,0.16487570258327897
501,,,,,,,0.2065923449861397
502,,,,,,,0.3103518294324618
503,,,,,,,0.23631770207807526
504,,,,,,,0.026512491358180568
505,,,,,,,0.023981062578464413
506,,,,,,,0.05563929555027907
507,,,,,,,0.022811697395869565
508,,,,,,,0.08789363017836674
509,,,,,,,0.17731482358256592
510,,,,,,,0.04687074906610175
511,,,,,,,0.16962467120707037
512,,,,,,,0.05731302853858691
513,,,,,,,0.0958741030794221
514,,,,,,,0.21535019000058142
515,,,,,,,0.15134873802984333
516,,,,,,,0.15018867223932253
517,,,,,,,0.14246034283174813
518,,,,,,,0.1559393851756061
519,,,,,,,0.03461346048844835
520,,,,,,,0.10336798306394546
521,,,,,,,0.09762538532869103
522,,,,,,,0.07905404576034863
523,,,,,,,0.09729094293999413
524,,,,,,,0.024229713372518225
525,,,,,,,0.12695047101668544
526,,,,,,,0.1532659936147835
527,,,,,,,0.02231568578085963
528,,,,,,,0.05868218963440641
529,,,,,,,0.05039635762698677
530,,,,,,,0.1398428235318446
531,,,,,,,0.07564875478039873
532,,,,,,,0.03330117960615725
533,,,,,,,0.0834569168651042
534,,,,,,,0.16518703229192042
535,,,,,,,0.2046578701767858
536,,,,,,,0.1809982778957831
537,,,,,,,0.01699216106634016
538,,,,,,,0.2525130549956033
539,,,,,,,0.12180780996664334
540,,,,,,,0.2462566635776474
541,,,,,,,0.23343524869870844
542,,,,,,,0.05135787944398121
543,,,,,,,0.27788845764382764
544,,,,,,,0.21087723157489022
545,,,,,,,0.22181086586436252
546,,,,,,,0.08399773705956565
547,,,,,,,0.08584595782264151
548,,,,,,,0.046972916338330534
549,,,,,,,0.004168702225818763
550,,,,,,,0.0007366019799517308
551,,,,,,,0.10928398223092092
552,,,,,,,0.3052723926375581
553,,,,,,,0.27009598247310346
554,,,,,,,0.22828256146610082
555,,,,,,,0.32021446869107506
556,,,,,,,0.24054007490122384
557,,,,,,,0.1480091008346118
558,,,,,,,0.08593935411757575
559,,,,,,,0.09620816310405089
560,,,,,,,0.052892670438613704
561,,,,,,,0.012250144548781757
562,,,,,,,0.010448315389963958
563,,,,,,,0.07210956513276322
564,,,,,,,0.28163215185066737
565,,,,,,,0.2120836734815237
566,,,,,,,0.18501718756056038
567,,,,,,,0.2199786040205335
568,,,,,,,0.22781097195966166
569,,,,,,,0.34135266807217535
570,,,,,,,0.14952130382111095
571,,,,,,,0.1642036859478845
572,,,,,,,0.19744148994693234
573,,,,,,,0.07688512401434106
574,,,,,,,0.0823222423743428
575,,,,,,,0.15357919508533385
576,,,,,,,0.27479594026954
577,,,,,,,0.13369328638298764
578,,,,,,,0.019823060645839108
579,,,,,,,0.36127525075787237
580,,,,,,,0.17136314382768145
581,,,,,,,0.1890929724867144
582,,,,,,,0.20708624424255737
583,,,,,,,0.18470072446875227
584,,,,,,,0.08198806233237216
585,,,,,,,0.2842238525562001
586,,,,,,,0.08797919189978706
587,,,,,,,0.050591237874931805
588,,,,,,,0.02516319146371626
589,,,,,,,0.15741844211961067
590,,,,,,,0.11418443294639977
591,,,,,,,0.22654548989143922
592,,,,,,,0.021037976792648544
593,,,,,,,0.15965289123300694
594,,,,,,,0.00144637483323036
595,,,,,,,0.08657815351166026
596,,,,,,,0.04769300323324402
597,,,,,,,0.09002477810347356
598,,,,,,,0.19454358886954823
599,,,,,,,0.16755677063353674
600,,,,,,,0.13126929263812517
601,,,,,,,0.11163113962007007
602,,,,,,,0.04897979047781789
603,,,,,,,0.2541139086747096
604,,,,,,,0.08673187870943475
605,,,,,,,0.03676454967604181
606,,,,,,,0.08107421311078869
607,,,,,,,0.08327695465068818
608,,,,,,,0.12610516736290128
609,,,,,,,0.08347438483826643
610,,,,,,,0.05144004515509313
611,,,,,,,0.3052314775533874
612,,,,,,,0.10333004816448696
613,,,,,,,0.1373449904452327
614,,,,,,,0.04004590761325258
615,,,,,,,0.2092824581224816
616,,,,,,,0.07352785582745561
617,,,,,,,0.056359973881347475
618,,,,,,,0.003161542591725866
619,,,,,,,0.04639917025934931
620,,,,,,,0.046251175405505135
621,,,,,,,0.06392704383982316
622,,,,,,,0.015165459121188059
623,,,,,,,0.2072514559595344
624,,,,,,,0.08095332360448823
625,,,,,,,0.15098966622769075
626,,,,,,,0.11395353204841954
627,,,,,,,0.1443411711954156
628,,,,,,,0.0456175686602982
629,,,,,,,0.16934468552480936
630,,,,,,,0.09656015904214502
631,,,,,,,0.015862248327840944
632,,,,,,,0.11299758118893338
633,,,,,,,0.016303539460368194
634,,,,,,,0.06413062537717693
635,,,,,,,0.2612387832897822
636,,,,,,,0.19118620138758627
637,,,,,,,0.19614633624139452
638,,,,,,,0.15610041636999042
639,,,,,,,0.15567432374641071
640,,,,,,,0.017133785132557255
641,,,,,,,0.03203404908695223
642,,,,,,,0.18781946971959826
643,,,,,,,0.1397893363822551
644,,,,,,,0.02770900584776137
645,,,,,,,0.21322784335721126
646,,,,,,,0.1764947051561659
647,,,,,,,0.07330175402403477
648,,,,,,,0.09841075278720954
649,,,,,,,0.17319507359907976
650,,,,,,,0.11308375570859261
651,,,,,,,0.06874637120745836
652,,,,,,,0.07048077592923335
653,,,,,,,0.02382681158917127
654,,,,,,,0.16938711794173286
655,,,,,,,0.21205755750261251
656,,,,,,,0.10396098427833461
657,,,,,,,0.34008975020152943
658,,,,,,,0.3170167109182633
659,,,,,,,0.16026021304461996
660,,,,,,,0.022075371950298357
661,,,,,,,0.018719039830131304
662,,,,,,,0.10201092629618655
663,,,,,,,0.04359941577661212
664,,,,,,,0.0018168911483371353
665,,,,,,,0.06575952130862689
666,,,,,,,0.021992306572240078
667,,,,,,,0.05595799705681967
668,,,,,,,0.002378191052337525
669,,,,,,,0.008656758374690826
670,,,,,,,0.04520829319149977
671,,,,,,,0.16130870819648774
672,,,,,,,0.0213422881080622
673,,,,,,,0.019780283785458486
674,,,,,,,0.008388872996902464
675,,,,,,,0.03137960762159882
676,,,,,,,0.004750014517212367
677,,,,,,,0.08477211095986907
678,,,,,,,0.023469324906907257
679,,,,,,,0.04887865888474224
680,,,,,,,0.08502392312763107
681,,,,,,,0.002841731648191811
682,,,,,,,0.013572867366327082
683,,,,,,,0.07185974690532435
684,,,,,,,0.022435391977732005
685,,,,,,,0.022945113251723145
686,,,,,,,0.0005434459363732609
687,,,,,,,0.0325192046350445
688,,,,,,,0.05821281378539293
689,,,,,,,0.0033475686410808086
690,,,,,,,0.10081513935918951
691,,,,,,,0.07070564322163245
692,,,,,,,0.09881243942685836
693,,,,,,,0.020880814276075556
694,,,,,,,0.015035192424491237
695,,,,,,,0.0666243903949188
696,,,,,,,0.004463979379292923
697,,,,,,,0.05460795177622281
698,,,,,,,0.04007057130351855
699,,,,,,,0.014739004672921968
700,,,,,,,0.059239635981035654
701,,,,,,,0.06695146883779365
702,,,,,,,0.08612366512051459
703,,,,,,,0.08657288961606333
704,,,,,,,0.08189833425831752
705,,,,,,,0.1742056894684105
706,,,,,,,0.10146170608824953
707,,,,,,,0.033545376691813955
708,,,,,,,0.036201441708010394
709,,,,,,,0.02259195758353454
710,,,,,,,0.0410392388781034
711,,,,,,,0.015476404336724085
712,,,,,,,0.0030053761178377575
713,,,,,,,0.3230063943526385
714,,,,,,,0.06884549265167259
715,,,,,,,0.12917823544300447
716,,,,,,,0.18163115518531814
717,,,,,,,0.2978144428870677
718,,,,,,,0.23966865489438555
719,,,,,,,0.3942525396700405
720,,,,,,,0.3276997823617612
721,,,,,,,0.27382816646406527
722,,,,,,,0.251456875337997
723,,,,,,,0.11209200569784195
724,,,,,,,0.22361411039433532
725,,,,,,,0.18171350617517834
726,,,,,,,0.12290467113985495
727,,,,,,,0.08171501937696843
728,,,,,,,0.06523002782479265
729,,,,,,,0.15882275130730986
730,,,,,,,0.24405674137300473
731,,,,,,,0.014578756476067378
732,,,,,,,0.21687366028981464
733,,,,,,,0.20994743580561598
734,,,,,,,0.19589399105480026
735,,,,,,,0.18431600044223406
736,,,,,,,0.11331691673207639
737,,,,,,,0.13607061987891156
738,,,,,,,0.10043585429216387
739,,,,,,,0.13167121689216818
740,,,,,,,0.03317250990436499
741,,,,,,,0.2519362465671533
742,,,,,,,0.21629174637443283
743,,,,,,,0.08938853758597975
744,,,,,,,0.2172681264219251
745,,,,,,,0.19654785326717983
746,,,,,,,0.25761396971296335
747,,,,,,,0.2155295928977779
748,,,,,,,0.193722827895985
749,,,,,,,0.20766171606563932
750,,,,,,,0.009965096916545624
751,,,,,,,0.030500506586170567
752,,,,,,,0.06331093453983733
753,,,,,,,0.06505296735274887
754,,,,,,,0.08269736776378309
755,,,,,,,0.1515591901031027
756,,,,,,,0.21917303461248622
757,,,,,,,0.15066711482838419
758,,,,,,,0.18734729932309774
759,,,,,,,0.17810978647880926
760,,,,,,,0.17531523215409672
761,,,,,,,0.1240283812022196
762,,,,,,,0.24948650767882496
763,,,,,,,0.18981880340139273
764,,,,,,,0.27521859662896725
765,,,,,,,0.20063283465934478
766,,,,,,,0.2201703875799395
767,,,,,,,0.3471557190003491
768,,,,,,,0.506394505444873
769,,,,,,,0.47928198762927443
770,,,,,,,0.4230657454395454
771,,,,,,,0.42659558013969007
772,,,,,,,0.4077462025114953
773,,,,,,,0.38570567459656085
774,,,,,,,0.1793627672762233
775,,,,,,,0.3761919845848519
776,,,,,,,0.3809883511457799
777,,,,,,,0.2923598771634494
778,,,,,,,0.4487551378995352
779,,,,,,,0.5488370862597418
780,,,,,,,0.1797180308903007
781,,,,,,,0.04418730679011734
782,,,,,,,0.04846701745658408
783,,,,,,,0.05295994881161503
784,,,,,,,0.07903064135706522
785,,,,,,,0.043799640856113875
786,,,,,,,0.15354167930533777
787,,,,,,,0.06757944760325288
788,,,,,,,0.027302163628162346
789,,,,,,,0.11136794837937056
790,,,,,,,0.149281733017569
791,,,,,,,0.010165774515096926
792,,,,,,,0.11371065401817376
793,,,,,,,0.04944090579627619
794,,,,,,,0.044439537276134394
795,,,,,,,0.09463264380442604
796,,,,,,,0.10966353214781771
797,,,,,,,0.041896495455406246
798,,,,,,,0.04925219742439432
799,,,,,,,0.03143137989341749
800,,,,,,,0.07656477833219089
801,,,,,,,0.1166742683107749
802,,,,,,,0.24133423548036118
803,,,,,,,0.10216408795425491
804,,,,,,,0.1336799028257043
805,,,,,,,0.09548196108249865
806,,,,,,,0.01762217374130054
807,,,,,,,0.080032094492612
808,,,,,,,0.046645321262743566
809,,,,,,,0.021492373634756257
810,,,,,,,0.010428876866555081
811,,,,,,,0.01858439636800252
812,,,,,,,0.12440716731418727
813,,,,,,,0.06828909584081161
814,,,,,,,0.03980373809083526
815,,,,,,,0.22012799723162113
816,,,,,,,0.2791771533049015
817,,,,,,,0.1063102685410493
818,,,,,,,0.30812769409864743
819,,,,,,,0.2645495808562647
820,,,,,,,0.3002206565906094
821,,,,,,,0.3326797279595172
822,,,,,,,0.2608199172523066
823,,,,,,,0.26315331662374014
824,,,,,,,0.37668672037394885
825,,,,,,,0.21743034165951453
826,,,,,,,0.2646030809796336
827,,,,,,,0.2885575769289241
828,,,,,,,0.5229360523505846
829,,,,,,,0.3772691672954633
830,,,,,,,0.2848691136822827
831,,,,,,,0.3033506252186334
832,,,,,,,0.48477475245369633
833,,,,,,,0.41948679061112554
834,,,,,,,0.24948913951652496
835,,,,,,,0.4577232577443758
836,,,,,,,0.42299141764394704
837,,,,,,,0.22388649372201974
838,,,,,,,0.4475706908517256
839,,,,,,,0.6400549047762796
840,,,,,,,0.05499362423901387
841,,,,,,,0.05711254069853304
842,,,,,,,0.03185527690843186
843,,,,,,,0.04816483228254262
844,,,,,,,0.05281259380518613
845,,,,,,,0.014527122492823286
846,,,,,,,0.0029844219101386738
847,,,,,,,0.0955293753351873
848,,,,,,,0.09094743714700515
849,,,,,,,0.07387166785685575
850,,,,,,,0.12499862823298608
851,,,,,,,0.06201164360577005
852,,,,,,,0.008881134578137122
853,,,,,,,0.013775543923672527
854,,,,,,,0.032268841838125825
855,,,,,,,0.06280432881950149
856,,,,,,,0.009356357334369153
857,,,,,,,0.021281451811011987
858,,,,,,,0.09124892983786037
859,,,,,,,0.07858857830572608
860,,,,,,,0.14549814582721965
861,,,,,,,0.09385595294146429
862,,,,,,,0.21830972522951808
863,,,,,,,0.05884899683927397
864,,,,,,,0.0045289909393352165
865,,,,,,,0.0012240756615485501
866,,,,,,,0.02861538613197818
867,,,,,,,0.07825471756590821
868,,,,,,,0.03781266016821977
869,,,,,,,0.016669000736329098
870,,,,,,,0.029741421042778077
871,,,,,,,0.108271000970038
872,,,,,,,0.07481179596453835
873,,,,,,,0.03700511864299599
874,,,,,,,0.1819495009279327
875,,,,,,,0.023578578470807965
876,,,,,,,0.11213039956750619
877,,,,,,,0.031017355913004224
878,,,,,,,0.07982743155516578
879,,,,,,,0.17590898437963998
880,,,,,,,0.28946785676974374
881,,,,,,,0.27472043173769
882,,,,,,,0.2600314551455907
883,,,,,,,0.3192730239180121
884,,,,,,,0.2397459697092688
885,,,,,,,0.07268083260070934
886,,,,,,,0.0008208616211701769
887,,,,,,,0.1714703409614174
888,,,,,,,0.042190512457063095
889,,,,,,,0.040949183600312355
890,,,,,,,0.005183819233077966
891,,,,,,,0.023524078766581136
892,,,,,,,0.00032395372466534345
893,,,,,,,0.055600647008155174
894,,,,,,,0.14396833303828163
895,,,,,,,0.047623227284788544
896,,,,,,,0.008139743531552834
897,,,,,,,0.03626189649446737
898,,,,,,,0.25823617215156874
899,,,,,,,0.1804717564167616
900,,,,,,,0.2577130801799895
901,,,,,,,0.2363735634158576
902,,,,,,,0.10151634919382194
903,,,,,,,0.1666879320259189
904,,,,,,,0.20435439955244522
905,,,,,,,0.17576195861139013
906,,,,,,,0.05216792266078075
907,,,,,,,0.012986317518945988
908,,,,,,,0.02469187733915304
909,,,,,,,0.05512198244171177
910,,,,,,,0.008372436636921412
911,,,,,,,0.11071799312759731
912,,,,,,,0.2859108203972214
913,,,,,,,0.17049571393590449
914,,,,,,,0.1342953785927522
915,,,,,,,0.21934913181181437
916,,,,,,,0.18882053695413595
917,,,,,,,0.2830568801321876
918,,,,,,,0.0402755337284353
919,,,,,,,0.09055956131347764
920,,,,,,,0.015352282434386771
921,,,,,,,0.12575599748541316
922,,,,,,,0.010237912277716504
923,,,,,,,0.022239374264901385
924,,,,,,,0.22573397868249875
925,,,,,,,0.2084178241864105
926,,,,,,,0.12504615876947084
927,,,,,,,0.04722974835098053
928,,,,,,,0.22436622995478994
929,,,,,,,0.28315293155290544
930,,,,,,,0.08932924212014832
931,,,,,,,0.011143193648461079
932,,,,,,,0.05311988658240774
933,,,,,,,0.06014718074686637
934,,,,,,,0.00035516721323689514
935,,,,,,,0.005698022935655883
936,,,,,,,0.30960668551217024
937,,,,,,,0.19277481379476
938,,,,,,,0.16069864780674514
939,,,,,,,0.10987256503241033
940,,,,,,,0.22146323965879494
941,,,,,,,0.15349299858476342
942,,,,,,,0.1415281787110878
943,,,,,,,0.0833573958856226
944,,,,,,,0.035602850473238024
945,,,,,,,0.2564752953210878
946,,,,,,,0.14699603213828055
947,,,,,,,0.023516815121227663
948,,,,,,,0.08051466934255527
949,,,,,,,0.045154639638238056
950,,,,,,,0.062082072861845014
951,,,,,,,0.092186282832826
952,,,,,,,0.14113509633927288
953,,,,,,,0.1450649813601419
954,,,,,,,0.13592988331452227
955,,,,,,,0.13155840062496432
956,,,,,,,0.15640077327287086
957,,,,,,,0.15626088999147494
958,,,,,,,0.05336774133641781
959,,,,,,,0.10870310805250152
960,,,,,,,0.15564358033963166
961,,,,,,,0.15266137143180097
962,,,,,,,0.02213191450760607
963,,,,,,,0.2019784193471505
964,,,,,,,0.189672622779461
965,,,,,,,0.16465129926320596
966,,,,,,,0.04956658532978392
967,,,,,,,0.05023786130004333
968,,,,,,,0.03420861946306783
969,,,,,,,0.05529747208386538
970,,,,,,,0.07174918006619595
971,,,,,,,0.041914963266865835
972,,,,,,,0.17763530967166408
973,,,,,,,0.13098225321478035
974,,,,,,,0.04476014789736055
975,,,,,,,0.250634011150464
976,,,,,,,0.2615893626269681
977,,,,,,,0.21692233649275883
978,,,,,,,0.10778858883459054
979,,,,,,,0.12639977229726151
980,,,,,,,0.16534815817074255
981,,,,,,,0.028061613912975944
982,,,,,,,0.02693101950894665
983,,,,,,,0.10615510920429061
984,,,,,,,0.18875092245855432
985,,,,,,,0.10198747655487353
986,,,,,,,0.05561816287226634
987,,,,,,,0.25909324331564865
988,,,,,,,0.14399622845353313
989,,,,,,,0.10466452022437034
990,,,,,,,0.2165015813594527
991,,,,,,,0.11788090543547317
992,,,,,,,0.1101868573638628
993,,,,,,,0.13529991606687528
994,,,,,,,0.05157998246963337
995,,,,,,,0.08351520888093614
996,,,,,,,0.20215595927160263
997,,,,,,,0.09970516033233964
998,,,,,,,0.10468688908390328
999,,,,,,,0.30883131734003755
1000,,,,,,,0.2389107240379012
1001,,,,,,,0.18614584327507183
1002,,,,,,,0.3917237584373452
1003,,,,,,,0.2689569014419881
1004,,,,,,,0.2423928074057694
1005,,,,,,,0.28593711744211336
1006,,,,,,,0.2467872231626264
1007,,,,,,,0.03989716539295801
1008,,,,,,,0.02426821633366652
1009,,,,,,,0.0010380272638393362
1010,,,,,,,0.05405989639174619
1011,,,,,,,0.037471094528054055
1012,,,,,,,0.09890208361494601
1013,,,,,,,0.18325333808287614
1014,,,,,,,0.2399371703454274
1015,,,,,,,0.16064082236451246
1016,,,,,,,0.18859687139685413
1017,,,,,,,0.168592075882163
1018,,,,,,,0.07843564946148215
1019,,,,,,,0.09207186373655529
1020,,,,,,,0.008608263941368982
1021,,,,,,,0.006450403651248297
1022,,,,,,,0.047266339316910586
1023,,,,,,,0.06930917434690086
1024,,,,,,,0.029350800143394973
1025,,,,,,,0.08628491212494244
1026,,,,,,,0.001339008801069054
1027,,,,,,,0.12472788062772855
1028,,,,,,,0.06909307957487412
1029,,,,,,,0.023129700311894597
1030,,,,,,,0.01211330584550424
1031,,,,,,,0.04176474412529302
1032,,,,,,,0.03932565951649337
1033,,,,,,,0.003849293019429169
1034,,,,,,,0.025970113789882555
1035,,,,,,,0.11550762647969168
1036,,,,,,,0.03729707734494478
1037,,,,,,,0.05938707805324611
1038,,,,,,,0.008866976686621918
1039,,,,,,,0.11894883765992147
1040,,,,,,,0.06607807697363821
1041,,,,,,,0.015491827476810407
1042,,,,,,,0.019748474845284154
1043,,,,,,,0.0007520020859860255
1044,,,,,,,0.019239463910273938
1045,,,,,,,0.013299754350001358
1046,,,,,,,0.024298533643611068
1047,,,,,,,0.043318160091571994
1048,,,,,,,0.04274647972986857
1049,,,,,,,0.11250245153391111
1050,,,,,,,0.028311784850443555
1051,,,,,,,0.18863484640293918
1052,,,,,,,0.07994851591635777
1053,,,,,,,0.027606097559270546
1054,,,,,,,0.016055472216566464
1055,,,,,,,0.0007195097776533099
1056,,,,,,,0.048042949003729796
1057,,,,,,,0.03802966293194833
1058,,,,,,,0.023811547505048818
1059,,,,,,,0.04979382501457422
1060,,,,,,,0.0036775292259434433
1061,,,,,,,0.05169134843084425
1062,,,,,,,0.1442766285183365
1063,,,,,,,0.1625732622534639
1064,,,,,,,0.07825313926391864
1065,,,,,,,0.20737609641861868
1066,,,,,,,0.1382323370031875
1067,,,,,,,0.05366954863303963
1068,,,,,,,0.02629557337745294
1069,,,,,,,0.016342538001384015
1070,,,,,,,0.06854965322071263
1071,,,,,,,0.07520263996933053
1072,,,,,,,0.12103857850110307
1073,,,,,,,0.1386331564979234
1074,,,,,,,0.1235484361147978
1075,,,,,,,0.17262568620618224
1076,,,,,,,0.23733162760359017
1077,,,,,,,0.11887408632551952
1078,,,,,,,0.15375672337936253
1079,,,,,,,0.0948993584874496
