,XGB,RF,LGBM,DT,kNN,PLS,MLR,lasso
0,0.04476978247381724,0.00873980460697299,0.07809776419298847,0.012368916375369743,0.03092096697272806,0.04266508789000739,0.02163844802646689,0.21814253072297388
1,0.011734305770527365,0.03612216545666469,0.02447916298009481,0.06261763915030916,0.0983051150355645,0.10725773224745616,0.030352565332375903,0.1432634270102049
2,0.0373396990551812,0.05305548086403175,0.0356731571984531,0.02780317289593981,0.020921447844493957,0.04528782559245989,0.03821142682705467,0.025772907391824085
3,0.037961934379878715,0.06307161423321672,0.09094593156359831,0.008443129873621946,0.11083827976842536,0.11298706508132034,0.11807428476082449,0.09969905571099413
4,0.004243741683916391,0.057346508918168,0.01646869000299017,0.013740252756117233,0.045468862270232946,0.24204225733104223,0.24406001041176395,0.08096312134377648
5,0.07444608849394418,0.010118759523169311,0.04438578677182936,0.010441875056018624,0.1410851420174114,0.01787200221026708,0.050807963266082466,0.10117848293332413
6,0.04193386808037758,0.017155149233664964,0.056451180760892804,0.05401989782199516,0.2562724092640384,0.0449522297211698,0.0832731481474281,0.02129976851423082
7,0.04472530671275399,0.05874070090526124,0.023465558027915077,0.1186810970691045,0.03463065307818991,0.13913756503998492,0.16379774619852422,0.03887234212997287
8,0.04885425046086311,0.0002240745720179238,0.057892035801631186,0.01670475934390965,0.014360707922874416,0.10344424439746866,0.11397542673463579,0.021005679693140628
9,2.9305092539289035e-06,0.011914941292462289,0.0035966619277098266,0.0,0.012770537082335748,0.053550985112323896,0.04814365812458504,0.20534873037295218
10,0.008639359846711159,0.09967464372143052,0.04765606406771397,0.0,0.17043081207680766,0.1980265182385378,0.18350653864161712,0.151363015838248
11,0.018834156915545464,0.05686295599175413,0.039976256042148606,0.010674912610916909,0.15927612149290243,0.2776051427598967,0.27554651234754957,0.14632985094781728
12,0.05952322855591774,0.09940306534014519,0.08333822855750533,0.01670475934390965,0.3480311501241096,0.1922326358477326,0.19091428252863046,0.1408116693356258
13,0.123749278485775,0.03886752711302325,0.050148099666879664,0.05401989782199516,0.13992939704551113,0.21593194792793205,0.22275069945340292,0.14448330244851335
14,0.07168600708246231,0.04735547190104905,0.1768318869866552,0.01670475934390965,0.12416289126724697,0.04991852733967195,0.04987277317767497,0.1387550211363882
15,0.02486383986267937,0.09291476203280435,0.15836710863661407,0.11387469749932783,0.030676164012726354,0.04214595239368746,0.043248776879694584,0.08920081412789838
16,0.025142785161733627,0.018597741328313655,0.009242960047831594,0.15022855606345792,0.03838026893212672,0.0886763534250049,0.06662384804724719,0.23394229696162336
17,0.04465253412338899,0.017977502912969234,0.047884649473115215,0.07686878193062657,0.05396893039346559,0.08430578875384664,0.08891335645425918,0.09914869321174602
18,0.02420559826798585,0.023780586179079743,0.04958286384384136,0.030182844850766388,0.08267697454473251,0.10046951006642996,0.09015148957795316,0.039447890362762306
19,0.003968331731433183,0.025575871650085402,0.042660643761647465,0.017948373218607205,0.09268153361451485,0.16754135339309373,0.17687384961230068,0.22992762024515476
20,0.01705426825538503,0.025054674195572613,0.06135455781871038,0.0894057542350094,0.03146413454771532,0.09138821602373559,0.0975603118058802,0.20880487036103593
21,0.07148546539797962,0.37088419826118324,0.0805592314633713,0.24865555256789457,0.1151777817040174,0.1951718394682147,0.20132669341260812,0.02020577696863468
22,0.07448586180473593,0.10673568163484787,0.030214275792026624,0.14296853993008873,0.0785566144012751,0.1358673829097205,0.13639925236840333,0.19448820473956652
23,0.02628220375361834,0.03605718383077883,0.11445962086802863,0.060957246571659116,0.023755071214108397,0.03704300205617181,0.04228617231918855,0.1537483642508033
24,0.07397276409116615,0.05642825132203966,0.07268150167756371,0.12530250067222382,0.03374373893040251,0.02669899120111663,0.008235749809043652,0.18285329169964276
25,0.02627548770931465,0.014999103701712257,0.1480300354452448,0.02194138209196017,0.010153330577164776,0.08404646893569756,0.07788246992004244,0.17968100428513722
26,0.06570251033202901,0.00012548176032967095,0.11303284285421644,0.11056735681634833,0.08224443609884191,0.026181964802142133,0.049256699461896314,0.06278067356825312
27,0.02565538578695037,0.0487613157658868,0.01690158262559932,0.1292013982253295,0.06744260199466795,0.14971523605852333,0.18547727869213504,0.26841613307537227
28,0.11510231934686144,0.1316980371067495,0.1688715352643952,0.08416240924979823,0.0999645354191604,0.06545612091592573,0.048802487531365235,0.21789273683270216
29,0.10408901657010627,0.0699103701711932,0.08683819621236821,0.19136864748588311,0.06190694769733701,0.12063502569233797,0.11802414923496024,0.32135610482220966
30,0.030320230379608515,0.01956484718114143,0.19617485764918607,0.0052164560365689505,0.1382000670524911,0.050873781551929675,0.07867826717092685,0.13999134237866356
31,0.006817895154794029,0.022485435152818367,0.026131594507097455,0.002124226942726515,0.009099327641350907,0.04314808382749158,0.05662060090068438,0.016349386631048318
32,0.03230829200346519,0.13096845030026014,0.32434501736278987,0.009626243613874708,0.15366564037453856,0.06357585245714062,0.02910578451191348,0.10075439815216186
33,0.1550660081113593,0.40012010397060155,0.014287087087992825,0.22739983866630803,0.12002427740983546,0.26221589923670624,0.2305517951746483,0.2104326847313119
34,0.04759698223926656,0.13433629111768353,0.04424535324548208,0.16872815272922825,0.029965354784334403,0.2919963600065958,0.25180937695749284,0.11852786754302344
35,0.027212476916260497,0.06760329837769907,0.030656517001858227,0.013668548893071508,0.009163669343529968,0.23807502837810113,0.23263788755926945,0.01146682815958222
36,0.09918516004043854,0.06871426010576209,0.3232121535975956,0.016940037644528116,0.1288823495258443,0.3520742403678242,0.31914436442289823,0.02887920281678097
37,0.04530221596660716,0.19863180066326114,0.25299304623959984,0.02393116429147618,0.050968271286074535,0.5215002619578148,0.4708245361873155,0.13780730325808588
38,0.00491998391225934,0.024366317110334282,0.03880112209773978,0.0,0.10629560025292445,0.016302625650176317,0.02796187068740702,0.28213506335888716
39,0.024952008887528465,0.1003388007528906,0.006550172032262602,0.014609662095545352,0.2558355913201188,0.09349718546264993,0.06568854679612181,0.222814455958805
40,0.05117445307478019,0.05355740790535086,0.10945384517737972,0.018150040333422934,0.2407435112176174,0.22910517552222587,0.2693216341600746,0.41069813107771214
41,0.1547330389999837,0.007930895401989685,0.06159262308250868,0.15528367840817425,0.17599131010552005,0.1501363758738,0.17897995483680285,0.614716800655225
42,0.3465826193085598,0.014872725643094001,0.007259229746788831,0.3407502016671148,0.1478361408755501,0.14694585154480266,0.20140298173056514,0.6514774650516624
43,0.06583227708026207,0.014805503271488746,0.049759100964520686,0.24270637268082823,0.1553781512865971,0.28948380736307505,0.3185708144615163,0.09131662539743603
44,0.26057070522546844,0.05828941471721789,0.2181333875857704,0.3475396611992473,0.1449008088749416,0.26996225024166476,0.31640167648336714,0.049235586681707716
45,0.02359139551459921,0.0001366854889307198,0.25741595118981186,0.04817603298377704,0.0019879247520165066,0.3530033253888846,0.36071162480760066,0.05090128657450792
46,0.0738752929873927,0.11868288966568077,0.013643775908439376,0.026808281796181777,0.24354651432369345,0.12183085314534403,0.14288274910259163,0.09293452204591476
47,0.08875848380555773,0.34289235457560185,0.004228613150651844,0.024468943264318366,0.14933449501845902,0.14789079222495527,0.19508644909018757,0.20056659171957586
48,0.028980351297340556,0.053599085775746014,0.17904760069662298,0.03432822443309136,0.14986511640469746,0.1531385593019623,0.11234199533127937,0.08642524440698865
49,0.003465635525215449,0.040751546114547954,0.02763361363364214,0.00810029577843506,0.07676303127789558,0.008144839689370575,0.05114700337792244,0.28693419325108693
50,0.05349320168455429,0.06502106300976984,0.08773783002907301,0.16864748588330186,0.017761927741297895,0.11415990982954735,0.08519079359315723,0.08204404756613182
51,0.0545286540624178,0.0033638074751274893,0.01807323808492703,0.004078157210719691,0.01771131997308184,0.08558558212429512,0.0715027605492185,0.039888631746772485
52,0.01295717264510321,0.005894505691495078,0.009842890326480114,0.11556870126378072,0.09690385271285573,0.12824947292915523,0.11840629214430998,0.09840520532109193
53,0.20512392524751033,0.0522765976516974,0.10743023900398363,0.302500672223716,0.010684140171886736,0.02328493511900276,0.02552666848654911,0.1689170702514863
54,0.10974573964039208,0.06300125481760316,0.02440909978439887,0.04463565474589942,0.09367031575368312,0.07604810119299366,0.03888084431110961,0.06545825736550726
55,0.08525022864341736,0.024798781034328754,0.04688386359846247,0.07684861521914489,0.03797343708907919,0.08929358644757868,0.0465036218128938,0.24534450253592133
56,0.06486077638331456,0.028546204176750578,0.20885272197340726,0.11342654835529259,0.19876246819580018,0.23796888413344497,0.2526636293786889,0.16458756604433428
57,0.07502923916467386,0.02106480236622721,0.1292228051614458,0.06461414358698571,0.3092572371580806,0.20591899889062382,0.18870592188223134,0.18216975160072585
58,0.33545519584255473,0.006158017388187387,0.09772685630518207,0.3973917719817155,0.27793335777971495,0.05302062072396285,0.05458148569941074,0.21053296329369076
59,0.02461300976574421,0.14249663888141872,0.027710211431421272,0.0,0.23797149558800315,0.06589013377303887,0.04061243616240401,0.037800550482791406
60,0.0448065555205458,0.14168997042215564,0.011395002271004831,0.0870865824146276,0.1887287827265488,0.027862674809594534,0.011055696284008154,0.09870929384656169
61,0.01681273862314847,0.166852648561441,0.062739723192475,0.04171148158107024,0.0766616152398012,0.1504473165183723,0.1500092139767496,0.22690014571386236
62,0.06743899547114551,0.14806220310119156,0.1572972794075512,0.03781258402796456,0.33454339973476055,0.23291103897838328,0.21961774824354852,0.23905226028162457
63,0.050818852002077086,0.10252352783006205,0.0774024952171552,0.04463565474589942,0.10425802674066459,0.0436557839921114,0.06214835506152766,0.02483847121556121
64,0.006450771904818797,0.22943533207851569,0.19932482476452773,0.05656762570583482,0.0505739922032018,0.2177119789611176,0.20959745958398945,0.005494144389997513
65,0.042332357618558136,0.0889728421618714,0.014831211059340044,0.10745496101102453,0.027049407509759177,0.17663759012724073,0.18259413124199214,0.09416615812038814
66,0.02548043506180414,0.12635968450300278,0.26782265742810435,0.015864479698843803,0.23427408133457922,0.008470623988392267,0.005800587916759248,0.03802688492730427
67,0.07674049549796436,0.02723760867616759,0.2348478427281372,0.1422089271309492,0.11177703985013632,0.002475942789787522,0.00758769708033824,0.08523213663097864
68,0.11675929418271924,0.0318396522362642,0.13350478255863385,0.1734337187415972,0.16937862954281474,0.20730642040025496,0.21646296905436235,0.05193212637099756
69,0.023570789256125324,0.13530025992650258,0.04979559190337207,0.00729362731917188,0.07228899890068008,0.19584232364454635,0.21258942243014733,0.10424427759217081
70,0.027498937456092998,0.13006229273102043,0.017203780121025674,0.0637604194675988,0.44238336477903767,0.13958815388545853,0.13793670337553288,0.12466805436765604
71,0.43129338311649,0.07639105494308518,0.01163481930241006,0.3689499865555257,0.0546232208122789,0.5332223013670029,0.4982969620527618,0.06318411634623056
72,0.5538701573489462,0.4108971945863583,0.07936419560345798,0.5480303845119656,0.02277234841337311,0.08585103054863591,0.12066082558431085,0.15615207216340832
73,0.4562602795301889,0.07852648561441251,0.06531184919985489,0.5653737563861252,0.059711244141861075,0.06588255439438795,0.08349939560730305,0.14326760585014595
74,0.22198238431942585,0.05973335125929904,0.014174451022456264,0.07942995428878719,0.14091928980162632,0.2678623507735191,0.25220953728402035,0.15213795731435742
75,0.009574812100952235,0.05557094200950072,0.011377276211787773,0.0664425920946492,0.08538562496665147,0.029264004075261474,0.049073567066470924,0.09695308828150806
76,0.012764588363005758,0.10622972125123314,0.09419346849715285,0.00346195213767142,0.08233674628381626,0.2683274159729975,0.27359856324922216,0.02836932518036389
77,0.002401895951314348,0.03368154521824823,0.08146774159473046,0.0736757192793761,0.039002219211283204,0.1763984046871555,0.19742360027464703,0.19125980331751127
78,0.012946726117732843,0.008621941382091658,0.137926346287903,0.0025813390696424188,0.07259696318842834,0.11867598337765767,0.10915134398754556,0.03333444696633897
79,0.01591296837912809,0.029671058528278504,0.08921340876230055,0.026996504436676526,0.02754210348405156,0.0809017011891246,0.08501128181542456,0.290436199640545
80,0.02987660786963875,0.08185937079860182,0.1701037781490859,0.025517612261360623,0.006722234934153554,0.27412520424169295,0.29075394408772887,0.29065980551331266
81,0.004168463177211645,0.09319754414269021,0.01185062658448724,0.028132562516805626,0.05031213400017831,0.09410080241172514,0.10442563846538988,0.11742801223357935
82,0.1912758866523856,0.005767679483731525,0.12224631450931656,0.13785963968808812,0.12217456631026657,0.01854044427540491,0.0442907073670295,0.15279146509225938
83,0.023033514618873596,0.17592139464013618,0.08743707186651824,0.022945236174598888,0.15636551754756844,0.07539336038403949,0.07012986257165332,0.19110457422859922
84,0.07519981319560065,0.19787442860984106,0.05286226824773775,0.09246437214304926,0.09801862967763542,0.1565710394044314,0.17111042110784336,0.1538623631445638
85,0.07668647457752598,0.05501702966747343,0.007140645197057788,0.12936945415434253,0.15455142629685953,0.12797533956073,0.12237782006191483,0.08006754450700312
86,0.044947276884075404,0.0027843506318897537,0.015749078208679268,0.2038182307071793,0.03238524510203718,0.08433642798271346,0.08191846070581948,0.09834280114186034
87,0.19781837759238474,0.04997221475306968,0.09498981588214664,0.08167518150040337,0.01144616341546692,0.04669666645441545,0.0689917032382766,0.02525780676802228
88,0.10032163652145398,0.007593887245674835,0.20947106047766828,0.0180693734874966,0.064994131217331,0.07485173626142957,0.06985102368870558,0.0167546762029695
89,0.03157343850657646,0.014438917271667961,0.10232391036641775,0.10137133638074747,0.06599831782468138,0.02485874587722936,0.011416706159293855,0.10353945113143327
90,0.07165888199469006,0.01790759164649989,0.04047737806228076,0.025436945415434287,0.17314807758755196,0.08768328532944769,0.10958878989377557,0.0033532559560443542
91,0.03358681740363967,0.05705162678139242,0.082379819168931,0.061790803979564324,0.2832760821388541,0.1834178442085446,0.16001323466252698,0.0509906494723901
92,0.12803506982618196,0.2756359236353861,0.034381537739644676,0.02809895133100293,0.08332113966021026,0.14589801240614172,0.18700626776609464,0.16709224292003166
93,0.11528967980031968,0.0851339965940669,0.03178271363293755,0.04347046697140805,0.03539140237699201,0.0112379298106558,0.037819889307898424,0.035901776058416546
94,0.04464554192879466,0.06792462131397317,0.017477082343366576,0.0615084700188222,0.07797855701567719,0.14578718159239307,0.18387102342731082,0.21896601543448352
95,0.07196926329366038,0.23651071076454244,0.060586301021232414,0.0378125840279645,0.07127551611464072,0.2883121415767024,0.2747206423732584,0.38177691679178494
96,0.1411348608800499,0.06395088285381284,0.02101991623595597,0.008940575423500907,0.06257663422419538,0.2838178195317901,0.26952691745353935,0.037492259395775634
97,0.09635192275239624,0.015550775298019653,0.0033595917125426034,0.05599623554719002,0.1570321540863045,0.22096950216281008,0.22283535093839643,0.0033545268588132116
98,0.012292744708529202,0.0946320695527473,0.0159253659334318,0.032696961548803416,0.058384198133079615,0.08636293625046901,0.11600556143041486,0.12826336536291433
99,0.08378002853299316,0.012372053419377967,0.06352499956525934,0.10656090346867436,0.014402215961042505,0.20837033969137544,0.19845281174544352,0.05557710128701032
100,0.08180677282951243,0.016066594962803635,0.010894218630379593,0.07676794837321854,0.04802598015663356,0.23433182619566584,0.22321890946822476,0.2221384142645617
101,0.06154349638621437,0.02417002778524746,0.04328569758296022,0.022721161602581308,0.10944182006239542,0.04604579199140907,0.04378939059016579,0.11341574342873842
102,0.03726707398891449,0.027598368737115908,0.11139399912778908,0.0,0.03882354153218225,0.024773141536415133,0.06059345509863573,0.05203501368156255
103,0.0018837150419130921,0.05624899166442593,0.07563099605116533,0.15022855606345792,0.06497950047972442,0.06280868013021201,0.052186331242088047,0.17724052537057905
104,0.0688231849933254,0.17458770278748736,0.12865248551620462,0.059592632428072057,0.17593167856069383,0.12470910944509084,0.1399640396359594,0.09069663211266119
105,0.11163398573381922,0.37015326700726003,0.04449660966939323,0.00726001613336924,0.021414848599001557,0.2444285100805751,0.24496945142885074,0.005191336524263346
106,0.07925494974837188,0.057943072254446226,0.06510301725045825,0.03139284753966118,0.09200609102931206,0.25730573795633027,0.2577904579503462,0.08656262083063748
107,0.02510197955486948,0.0323136051677998,0.036260448741819995,0.03892175315945137,0.04981358104288994,0.20707340614543937,0.2070973218517823,0.016100245522679357
108,0.004256666660244712,0.02392003898897549,0.03226492018489224,0.05721968271040595,0.18217570105317374,0.08957844701723283,0.08943519154272955,0.047290359109442154
109,0.057143643229967456,0.03139271949704869,0.014717534468367821,0.17195482656628114,0.12711058301037573,0.040035639889708485,0.04007670218328924,0.31265138723621255
110,0.0418587744428317,0.011670772566443277,0.022155612115413337,0.02655283678408174,0.029375231713130237,0.021558072157495667,0.021296533856665245,0.0225092247123089
111,0.05100062347670087,0.032266962445101854,0.049267632398837975,0.17296316214036023,0.005274677885878994,0.13993485863820937,0.1413190406191755,0.0034799195635226987
112,0.018646448850631714,0.04693113548188836,0.04699742168750472,0.11881554181231518,0.05669411556576438,0.013253017847698778,0.014865665709183906,0.0954793092683072
113,0.001756381246472427,0.024714375344114442,0.06004977556552582,0.25124361387469757,0.09704422128330033,0.12731220203417504,0.12632043775744112,0.042209228726483805
114,0.07990321557058311,0.05290483232819883,0.02525901877610837,0.2765192255982791,0.06053364852386206,0.07432321654169216,0.07512223533923107,0.12032924946249107
115,0.023358973380730175,0.011640001792596577,0.019913210934415438,0.08636730303845117,0.14107664021340793,0.2665763302044613,0.2671919813033289,0.26352837777150523
116,0.06691803996137924,0.01953493322577754,0.026378417563739126,0.07294971766603928,0.057276918635041835,0.05936893115740355,0.06088043997458503,0.3358980539118015
117,0.016559178565067056,0.0357679035583042,0.02705146981511514,0.015819664784440246,0.04986196472842202,0.06942838935456533,0.07008757775419328,0.2601093230620729
118,0.06683379063910133,0.053921551492336656,0.06837827892268093,0.30806668459263237,0.059362895529467746,0.05478950348490791,0.05567364634872207,0.2857315316551865
119,0.05990449632646955,0.08842574168683334,0.09200290369523798,0.14122075826835173,0.01401314641324325,0.08574569448179994,0.0854486245790686,0.01603979743909001
120,0.20119187282310697,0.12964371076027437,0.016493953952193524,0.12347405216456027,0.13323349987000727,0.06730027214733939,0.06726177035678127,0.0019189217677338943
121,0.1875421702861786,0.04836258146711224,0.024278684844153332,0.0,0.04074730956048428,0.03564385416319116,0.03482815648304993,0.031068635347036744
122,0.045862022195332974,0.045544949359146714,0.10217562446628964,0.013343640763646136,0.046987134912002515,0.14432704168507193,0.14523460725784698,0.05513220186859369
123,0.018102535768105277,0.0533967992547921,0.023214267709184,0.013343640763646136,0.03169803248929576,0.0328520483737596,0.03271081280333543,0.0444835220387072
124,0.07324193597128392,0.008527394716961734,0.04773233840071511,0.00970691045980114,0.00876164452739503,0.0955785385399916,0.09640734695512826,0.14748349274114442
125,0.0603403542416171,0.013163832123330721,0.037796719906189324,0.06204624899166444,0.03614402899044461,0.16475890038710309,0.16422589738907512,0.06267807552225169
126,0.05237092281676453,0.01706849212751338,0.1008057922907937,0.05073944608765797,0.07971552099402873,0.22545569922115372,0.22627585806319672,0.13283050134550622
127,0.03519781068083605,0.16247891138170775,0.09342049725109333,0.19969525858205608,0.13566620364357904,0.10860398473936883,0.10799836581176336,0.21315530485279072
128,0.03718309485485993,0.10157014494423743,0.03832644546063256,0.07421349825221837,0.021727145520529456,0.2115530760508399,0.21225816425675953,0.10472238098632278
129,0.07306716760405596,0.01960907950165823,0.15805281918541403,0.049341220758268356,0.05415506002066295,0.19540026298590196,0.19617362589588683,0.0683111599366284
130,0.11500965664225826,0.03850433317541413,0.03413378433331815,0.0,0.07766900826427264,0.25387347001723176,0.25311543241905615,0.021222719888597807
131,0.20878980781769807,0.04339432536481436,0.03263268508936279,0.017253742045352682,0.021099366441814316,0.22229235652944312,0.22277338307742756,0.012871771007075816
132,0.07756859471990907,0.05700989449288718,0.05929192763482094,0.06567625705834901,0.08183190552246741,0.10284557265546113,0.10305999986747039,0.13446712337956218
133,0.02000114163040767,0.04679709300588586,0.1489706579315918,0.14869588599085765,0.10999831781869102,0.2816958532004048,0.28019319989512875,0.08501646829326182
134,0.06203208164554597,0.16063562860386627,0.06057618505063178,0.17776283947297655,0.17278269636418886,0.15471320948468104,0.15473757790116194,0.02674056363582189
135,0.08349262792982715,0.1297321994092968,0.039719210731656324,0.06792148426996503,0.051516495402425366,0.2771654002979994,0.2770590360874461,0.028024047883542624
136,0.0017331615831623903,0.03578428340951875,0.03144001432468868,0.009975799946222108,0.012695273219083814,0.07413554045568949,0.07418235440858251,0.024671902931276635
137,0.043174719515588045,0.010011249610537093,0.016203731357354534,0.03759971318454791,0.17277770501199868,0.04307482480519209,0.04278648479397268,0.05940040913624711
138,0.19959661216305014,0.027899002121239302,0.2213363702045687,0.0052881598996145085,0.336429959724615,0.06227249281800579,0.06087288986261813,0.2675529272393606
139,0.006668448448181152,0.16490405767039268,0.04642195006414601,0.06295375100833558,0.028543886076065283,0.26551718437766975,0.265540590928646,0.29285437122774954
140,0.05912517703935383,0.030528904552768465,0.024816986867619406,0.015696423769830575,0.027854878267395078,0.1591218721077487,0.15924339807095095,0.2780709489337988
141,0.005455315113067627,0.016149753838077208,0.11100545787691496,0.004382898628663728,0.1258763312649266,0.03782931688914104,0.03843258101467134,0.3568598513282736
142,0.38183217311168305,0.06380005825938884,0.0288779558531944,0.019673747423142485,0.21699570773981836,0.07154485149014389,0.0720170206386424,0.5201171433143628
143,0.3004099940157412,0.0001349313051383222,0.019580832772590852,0.02263153177377425,0.0954325224110042,0.10282300514375659,0.10172957991240045,0.04348356222396284
144,0.0030636144889621963,0.04821174406842598,0.009838320449819922,0.020805324011831078,0.14013079815132276,0.2160263912786654,0.21625882433817362,0.10655761466438386
145,0.004018435693934674,0.02182775867808813,0.08181820461434078,0.14062920139822527,0.07589696582184499,0.16692162308099784,0.1673703475180353,0.21298374586088445
146,0.06432059464931617,0.018203981485038247,0.18966365407571784,0.10561979026620061,0.013304107801251214,0.33033330417967366,0.3303929873886661,0.12801849569039667
147,0.06883498149618217,0.16972460648237064,0.31463040789872365,0.18869319709599341,0.007663748668583659,0.5620765813408873,0.56191074981523,0.15620817457893277
148,0.0764341726919181,0.37410962368276157,0.057270974102964195,0.10123689163753698,0.04966308844650027,0.5605974394544685,0.5620164233981455,0.2708454538172002
149,0.01940056623935571,0.1218813109002676,0.34104336287001574,0.07735054226046428,0.03891262776609955,0.1576946918016627,0.15795088622174375,0.2712512063802437
150,0.23407576447310174,0.23356588592683664,0.02452858671122693,0.05525678945953222,0.1006509353149529,0.13175205805821807,0.13115310047024026,0.27163457451435474
151,0.23104460651626435,0.012689398498486881,0.07365095921593928,0.1762570583490185,0.005738533742758678,0.10128104490549505,0.10140220857902982,0.054852922890766154
152,0.10003894027377624,0.01876285547830331,0.10604045849617688,0.11374025275611732,0.08268669003563456,0.09425652978056759,0.09278769423978042,0.12922564672414671
153,0.13294309473031307,0.03996794613247284,0.009743174164959623,0.2079860177467061,0.16087536813187236,0.2370107029865827,0.2381652032350448,0.15621980716053352
154,0.19326540818134919,0.018647143369313224,0.064923349209979,0.07909832392220134,0.022652522189181123,0.13147772668854643,0.1315325374237835,0.05010985520758171
155,0.002838730812072754,0.011274893617929396,0.06751237263094872,0.02249708703056369,0.16407810375884663,0.3387363524636085,0.33897505495523467,0.13096967516182703
156,0.11464719309637583,0.03328107754260609,0.13563210501626233,0.017645872546383334,0.013720174855856249,0.12531028288958906,0.12533105207746792,0.061058085663118045
157,0.08757528091316813,0.08739572156280256,0.09296987931516221,0.02009948910997572,0.06102175668379506,0.07861974235002747,0.07700171474775425,0.140421212442983
158,0.034150511459113075,0.05490584333132731,0.11718126347640578,0.11773998386663082,0.0784087632282055,0.1061834157849274,0.10559373368240194,0.03553858958845468
159,0.08962870234762277,0.22285768277015916,0.13211393224115908,0.15445012100026886,0.010968659001654002,0.15478056041675753,0.15447314057908917,0.05350641633472403
160,0.029225961099103026,0.13079729574002227,0.10228894338814072,0.05045038988975531,0.03176384507049723,0.05110746686966067,0.051673180817713826,0.07348077268922015
161,0.08097938471630273,0.07544375301433648,0.0637476360946877,0.038115084700188095,0.41885902314722645,0.24104597002828532,0.2404145399777839,0.21598384626119382
162,0.20931250556530123,0.04487276832396478,0.0769554254718201,0.18707986017746703,0.3095402295695495,0.1600293935238164,0.1601461916583206,0.1433426808645466
163,0.06674050271879683,0.07104380337776406,0.3055972701743448,0.11273191718203801,0.18015171961848508,0.18309690846888838,0.18254432034866436,0.08079468625518249
164,0.051200883567701694,0.3376569754414268,0.08136376024922264,0.1348816886259745,0.1907410888764628,0.2036033202450257,0.20409979586584948,0.01892945940511115
165,0.007891084589154329,0.030072644976248092,0.05277771677933327,0.22969884377520838,0.20968061549529415,0.0443528943655197,0.04468792826171486,0.004815820605840071
166,0.11064150574451559,0.0779183040115751,0.006321182442962481,0.02231782737294971,0.11252287200740674,0.09952739281720521,0.09976467677939432,0.15250251754622124
167,0.0571330154204952,0.03148019981049682,0.04702158264685652,0.03810164022586717,0.008982898099353487,0.20930555811673332,0.2103014138637776,0.2630180487846321
168,0.13601080088821849,0.04421046844389798,0.02911550069774585,0.22969884377520838,0.09559170571457004,0.2305992282481063,0.23095607093666098,0.06274883118636423
169,0.09403425100093954,0.003831195021703232,0.01320388534344287,0.17007260016133366,0.11164989693559121,0.016647033419913193,0.01696858932792017,0.21946896699813392
170,0.12844467163085938,0.051724591544065765,0.03625451017726855,0.08717397149771444,0.06038366530273729,0.021958204075783694,0.02160650890297683,0.21093007452483598
171,0.02177783521505794,0.027644664144227366,0.049567693702859156,0.04511965582145738,0.07503125469098071,0.07610447204050497,0.07688610703363435,0.026669555684294743
172,0.14532386180405077,0.024748149784248108,0.061529285516777305,0.0,0.19140333058196596,0.0206210666175492,0.021981774756526906,0.02089624479150315
173,0.2838787715836988,0.11863549949423173,0.09235577944544644,0.15942457649905883,0.053894160517590606,0.10278709503596498,0.10237013993176458,0.23547843154131615
174,0.12961203886411887,0.11783246904569844,0.04120839204856286,0.05756923904275346,0.025462054634895703,0.038515140529462144,0.038424207995849335,0.20701124645203717
175,0.04194487215018006,0.04966677390235452,0.06384654169830828,0.06517881150847005,0.013172041927406397,0.1241456095296661,0.12420005848849919,0.13167474157364734
176,0.026130177186810544,0.12140807980896037,0.33271652298344073,0.011763915030922334,0.576748463373945,0.10280134830000243,0.10358072052323147,0.5045847983871184
177,0.019944057016803463,0.39091088554270853,0.5202686607937135,0.0062180693734874976,0.08933363215371914,0.06122940532843302,0.060938708178677914,0.1162240671661765
178,0.0527045404872577,0.5316004366253089,0.46886370504929364,0.22407457201756736,0.16903839382998723,0.18580123768178908,0.1844670701194897,0.08548035344672833
179,0.03269065223768475,0.4436269019663077,0.2622459561513848,0.10682979295509548,0.13271547052772356,0.15631015178302887,0.15571565592708037,0.22997550147527737
180,0.004319828535543135,0.1687937751016873,0.051221140021241285,0.3696558214573811,0.24881641861077014,0.13791726706963942,0.1383743304094045,0.06860638674533476
181,0.06259908580626161,0.004676792169767685,0.014385068514630228,0.021175047055660118,0.12539367533696533,0.12879321427104576,0.12750895160143805,0.2528441508890846
182,0.08185720114369455,0.009998863621813348,0.05124267963993273,0.011226136058080122,0.05918151774244368,0.015533156535055131,0.015272462196509018,0.16389640649429213
183,0.10060303231726797,0.014861008143510324,0.016204014764013563,0.023500941113202434,0.057273347264936325,0.17724574829322723,0.1770004280312858,0.1027042828955399
184,0.05822491880609448,0.048304773962107944,0.0489926147584136,0.032199515998924455,0.07705996935616244,0.010943430773220408,0.011709068855828064,0.09241300664088758
185,0.0038678622848405952,0.02043906452067242,0.059258691092538784,0.011931970959935478,0.03677530423329854,0.2854800301607819,0.284847817947506,0.29702141864513043
186,0.10022011779110485,0.029348685109070932,0.016676818829141876,0.04826566281258393,0.07008891489727703,0.2708965038015788,0.27073673024657774,0.06687745109890558
187,0.0021927614034455978,0.0018942352014750807,0.19483106110222914,0.0320314600699112,0.010864451054566737,0.11856215971168116,0.11863825767016017,0.005424772516995746
188,0.08854519965892904,0.14241808153753577,0.01340665361027074,0.05619790266200586,0.05295534695334164,0.14038499221664313,0.13996070459706494,0.03965802783795047
189,0.124034583568573,0.06883954980217415,0.04988810067610744,0.06060096800215109,0.06715454048873709,0.16184503736640551,0.1624095977438535,0.15592828761086996
190,0.0930086882661254,0.10608897681148288,0.11993388239547231,0.07609572465716596,0.08284624500966084,0.13535529571099553,0.1359083699204814,0.13806164513722124
191,0.014302401781146279,0.08991811674925415,0.060632287342140045,0.036300080666845924,0.08417531752174603,0.05805816902950123,0.05858186967764023,0.09914834247386839
192,0.08552497582077889,0.052403814389428705,0.2090134468482272,0.01357891906426456,0.11411951052118088,0.08514963428245051,0.08560715124108498,0.07638989307230956
193,0.06861567472411467,0.1359158215854238,0.07593671167590477,0.05048400107555795,0.02574103749752088,0.01415233465875615,0.014644658413809852,0.08471579640657834
194,0.24945974349975586,0.0912362498239414,0.013271033598134307,0.11011024468943265,0.08701001524819296,0.004991272427234739,0.005558794159171987,0.012337711398139717
195,0.07705361435540936,0.02560790471068769,0.010381035674635386,0.1325289056197903,0.11855336811874553,0.0946356993069572,0.09534117942890002,0.10510907647971218
196,0.02610653513828637,0.07098813471790091,0.030704102688512883,0.1099220220489379,0.17263501101582013,0.013318831212664861,0.012563620241185736,0.1625040869711285
197,0.08955490249368125,0.058233404610387646,0.08383121068943822,0.3697678587433897,0.4447835228393359,0.0418185825481629,0.04228557336696798,0.1824265946483558
198,0.009199441729389413,0.1475536242461491,0.12309848123316311,0.027964506587792426,0.007052969746053905,0.16777864838567036,0.16725537621829656,0.027017237220888668
199,0.02006310224533081,0.0875304549354024,0.050741995370559234,0.027346060769023926,0.17903682235032747,0.01727063844261084,0.017796908442350046,0.16676189276517447
200,0.02714628802572855,0.04511125622607198,0.05723567309858907,0.03872008604463566,0.13826880844045886,0.23095209917836607,0.2299886819040337,0.25754471664038625
201,0.018091215036607156,0.044444765617997706,0.18287648219248726,0.0,0.1870372304167774,0.3632284878741036,0.3639635967440292,0.27805805501538483
202,0.008090043803574254,0.10659842315522605,0.013304569653365794,0.0,0.11417008886866946,0.0497313884241363,0.04873881857738016,0.21971968214119866
203,0.04009260304129936,0.1121476715450902,0.056191142439235175,0.1526216724926055,0.17412762557656414,0.021332360288603525,0.021082383131715704,0.1087271049156015
204,0.005648753220883096,0.01063299786168835,0.10570472222625296,0.04802366227480505,0.0489895723748482,0.12110846458075453,0.12121379730765489,0.16801595290094487
205,0.044371141336655984,0.09792124899166442,0.05086818941795487,0.06493681097069104,0.05462033680741433,0.05847579760345334,0.05868760015707175,0.18055617943656235
206,0.01958820295128716,0.07993940543412842,0.0618266657988505,0.00723312718472699,0.04978012481837403,0.22507387067002213,0.22555091654184628,0.026328062735486907
207,0.0984845757003624,0.035713648702288076,0.0686431469521168,0.056063457918795356,0.10149172397637438,0.08750390753940965,0.08855738005691943,0.07353848333669247
208,0.11957362294197083,0.025669915747960917,0.05123646654195275,0.174374831944071,0.02459273135028922,0.061838427241462546,0.062109830061150506,0.045892679222998556
209,0.01136687147934673,0.04224714144867412,0.061645062019357114,0.11737026082280178,0.023165477724180664,0.19092137589780162,0.19102007331568271,0.1444163870916812
210,0.0806841358169812,0.0319646122229478,0.0686461289218761,0.20175674464461774,0.20383070048353963,0.0836622802573829,0.08442234968494,0.22262338374351412
211,0.006815568081439571,0.08807104924518877,0.020768923430219993,0.12967195482656613,0.09127010001286023,0.030461158668678906,0.27797179852322274,0.21738921321820373
212,0.018437788471415306,0.08576247864178072,0.0722025082989014,0.08248184995966662,0.018210809568281416,0.09951047984180572,0.012285630125084601,0.024316248554225706
213,0.06845470096161688,0.02105980870433677,0.05615942873182872,0.04497176660392582,0.019963926500946416,0.08561644612998687,0.10525523194938408,0.10480980330959533
214,0.05391108368666908,0.017167835589017577,0.04289552487605289,0.014385587523527754,0.023755054344282434,0.04218495931727534,0.08218603651253736,0.14604869107691065
215,0.017526518553495407,0.06794756388259349,0.02679873000475514,0.03105673568163475,0.014293464640011189,0.08234894490459066,0.04048660479514421,0.0830856066616319
216,0.004179385490715504,0.009071739963949166,0.011526066482978228,0.20617101371336374,0.04036376073557196,0.018319795818348195,0.003865436883599027,0.044424920717408556
217,0.03080635442646157,0.04320374033811791,0.025370757084261696,0.09175853724119384,0.06897000829009557,0.01047351815491182,0.24990485494708353,0.28669482877687646
218,0.0799890401507456,0.10580373308236975,0.0734391662094161,0.0016133369185264423,0.055480879006610584,0.11496213678439421,0.04591985328725226,0.008475654895842066
219,0.0029411828263083972,0.01192540130688826,0.025668913382236647,0.09200501927041321,0.017836936736186644,0.09105070685995933,0.07521169727941537,0.018203331714970072
220,0.008151615397620549,0.05296234586870498,0.035983993602607706,0.043627319171820333,0.018949109877246507,0.16518758611309386,0.04811955612622176,0.09338231979011508
221,0.10478853434324265,0.028350353397610772,0.11961863250920575,0.0,0.019383581716089147,0.14815557605496846,0.0928206275063031,0.02383065341408286
222,0.010117012076079845,0.06062642073948871,0.08264441921270016,0.0,0.04759628250380334,0.14863037396922754,0.014873519550383907,0.09278127781702883
223,0.09190994501113892,0.04938866179108842,0.11558263646709828,0.014721699381554182,0.05018758524426578,0.14248370500116114,0.08935620484553114,0.12870491954104135
224,0.0016747195040807128,0.09630365892435672,0.01562400504286158,0.03773415792775836,0.11878090645179597,0.1722420482385308,0.06265946908953529,0.03492073726793704
225,0.05387318183190404,0.06360874392331106,0.03738395742374084,0.14970422156493673,0.08757704785022803,0.1410757149988241,0.12195992263383437,0.13910137047183996
226,0.09583139188765966,0.16772142746883947,0.12505756179907024,0.0020614860625615683,0.006676573712772721,0.002529029851247644,0.24833878927220276,0.22687075010196733
227,0.01638545045835993,0.1789992731803368,0.0019795526654844964,0.14739625347315585,0.0220694192734545,0.18480732739923456,0.10666860509123993,0.0769854199206812
228,0.020061869660062293,0.03643588266175013,0.052027158090444836,0.07011293358429688,0.07219239694162344,0.03693177367121947,0.09784028540274953,0.07724743258810973
229,0.015289921799344519,0.023486196472852827,0.02836501757893528,0.06520570045711205,0.03477654347601761,0.043169503243662644,0.18191430212069332,0.15060837072001582
230,0.008806707830831706,0.06051540459331567,0.000247238849490683,0.0,0.024221401117246744,0.0905386804207372,0.11090043951134015,0.08253359972135821
231,0.04261537229992374,0.048671849902758746,0.06370329982290945,0.017343371874159713,0.019490158216072362,0.03389238390251603,0.27250997150659717,0.29084748667337973
232,0.3313858143326158,0.0969089334263776,0.3099544229323944,0.03609841355203014,0.05118066787530948,0.05885274064789131,0.013830158454750052,0.021366460513030927
233,0.09834194314771516,0.06954142587542034,0.171275148801605,0.08187684861521913,0.04839134463776651,0.11619361693185792,0.07724957626732487,0.11128265874673637
234,0.03282481254862024,0.027663650196118605,0.05283318860125075,0.12711750470556593,0.13076832675674926,0.25466448027501754,0.3512723340977948,0.3691278486268852
235,0.03844960599248215,0.026185673525482178,0.036058101211251026,0.09827910728690503,0.05772591522259912,0.022681674177163158,0.3918837178291381,0.47623658086729675
236,0.014966733883901018,0.0929835075779889,0.001754805592500519,0.07372053419377972,0.12958813180916706,0.04978324601510298,0.16828204271846214,0.21964158970531267
237,0.0018450857555074585,0.15995485519803207,0.014946508075956488,0.029801918078336487,0.23872053331428422,0.3086506822759217,0.04516200478133309,0.07970847140142384
238,0.035882217192015176,0.08629741293458032,0.04762960701711677,0.11414358698574889,0.1380473067699578,0.40753199766643355,0.04844346954606943,0.023027063916873924
239,0.10258885095375259,0.04050622376015617,0.1317236901992489,0.2267634668817785,0.34308261716124067,0.4535568946362034,0.15543793945964585,0.19162371286691982
240,0.09576407809769094,0.07076138227691053,0.10359867302889267,0.04391861611544334,0.3024873481902334,0.4099424372440921,0.4001892435158341,0.4559763156548771
241,0.039602035378602074,0.05409582015561398,0.016274698166015122,0.03818230707179343,0.03039274144524745,0.039812073594295505,0.5472843357550263,0.5809826148613417
242,0.019921869528360836,0.1430940931808773,0.053069848283135074,0.02285560634579184,0.016894037641404763,0.022987132815302846,0.39964984975975765,0.42947023831665737
243,0.08441808794928862,0.03204481224684819,0.03491025144580151,0.02630635475486237,0.028313515375076342,0.07018896648614864,0.6052709069103959,0.655419460077884
244,0.37030982221525566,0.27801365307707726,0.3555922512309362,0.2557811239580532,0.16582356668028028,0.16317980738047355,0.18992859807127888,0.08520537889696425
245,0.054602613449737714,0.018624966922325067,0.0037735791023052467,0.21282602850228555,0.08990202200514191,0.06662411131708346,0.11717130036119783,0.0391302428016497
246,0.040195992089753885,0.0492159175462482,0.06932866806653326,0.02962265842072248,0.12197153762236568,0.00749169559732854,0.11763379117114175,0.15441100869039107
247,0.06982149826836026,0.06079798254636917,0.011403880002655353,0.06984404409787581,0.2153667157918443,0.4316563824761669,0.03477321440037218,0.00036262485241755904
248,0.17853782811002006,0.28818680723611534,0.29070120021674595,0.08342296316214037,0.048928312478427216,0.11132468124626146,0.1625959210304878,0.21611719766184834
249,0.004970266938241652,0.16853645586584587,0.04222681610317129,0.2249932777628394,0.04247618980861252,0.059753779387744815,0.09536087570142221,0.0769910474624303
250,0.11532232418464028,0.013241812208436177,0.09588170082556108,0.17661557766424668,0.04455577386272959,0.24210889347601827,0.001729325125379988,0.039888094167235155
251,0.050302911549806595,0.002754949380487204,0.05620159814445539,0.06466792148427003,0.017104033475880173,0.22998457803488356,0.052928633652738755,0.032082077904262984
252,0.023381159119217787,0.06947603682505565,0.043225023454115885,0.0016581518329300549,0.12731247164775275,0.25112896719091243,0.3790041201032906,0.3953297196995891
253,0.007441459836162345,0.0785730765865547,0.040847912852257334,0.13995697768217263,0.16045732958599468,0.2212772756030459,0.2548446627292903,0.21099120571693808
254,0.021665800362825394,0.03394334631737145,0.008582796147793111,0.009209464909922,0.07333589629279036,0.0722291209134645,0.15933089021830682,0.1173353082645805
255,0.04191996902227402,0.003993931491511671,0.03274834201983884,0.04553195303396966,0.3158300406494688,0.3048841589245117,0.11709147910900969,0.11530082227469818
256,0.008229839296735542,0.2572860109177666,0.029904527656619467,0.007461683248184997,0.04329531916856505,0.009541713030597754,0.377333888072813,0.39135872324113063
257,0.12510864029539048,0.2263648762752688,0.1280594518217235,0.0668190373756386,0.016317522464057987,0.033256081804472204,0.10673129448653718,0.03178567005314095
258,0.373417649338982,0.05053442710178385,0.3293477886735523,0.0,0.083887150085107,0.2283350865567827,0.13129652507391243,0.11780010650435821
259,0.036997917471601305,0.07896353506446932,0.017003035332853744,0.073877386394192,0.005891034327257572,0.049368795761446926,0.1551823838178661,0.14954925396381494
260,0.0037028969263767086,0.14779240795579182,0.0014120400255452359,0.189567087926862,0.108638483829467,0.2624987275890904,0.10758040999844476,0.11389134574326366
261,0.05806749270796685,0.03557995034080673,0.08695779300497553,0.15918257596127994,0.2715378861243239,0.28444128228302185,0.003438493949395105,0.004992494182210497
262,0.026921685134957407,0.06669542930553962,0.019884230709251383,0.01478892175315949,0.20952403620703408,0.2086418707200134,0.0632872593278721,0.07203722685037733
263,0.00048470373722975246,0.03605557375959367,0.01917326223820781,0.129604732454961,0.047197357997007416,0.089874979208658,0.15661457003302476,0.17571850472902767
264,0.07651595008825218,0.003382334707657357,0.09027030954030985,0.04389620865824151,0.3675769144679397,0.5191675625129041,0.025904044740468146,0.018323476791763382
265,0.07403087381170337,0.11683721871527711,0.10213429050467171,0.005870753786860361,0.11558243023026243,0.07912620786871846,0.12128514355744208,0.11536022253517564
266,0.009096017317221872,0.018298656176613803,0.0062030237828014645,0.05888679752621673,0.08940264852383636,0.1820318194855916,0.06198744381394983,0.0453495725685375
267,0.057122834886264795,0.03019196735340185,0.07468617313948428,0.0631218069373487,0.09145945461063587,0.11012324186765382,0.12264451455182962,0.1485993555209445
268,0.021013114858808413,0.2888153175599065,0.038842785187567896,0.036434525410056484,0.12346371099266801,0.24714030246977992,0.656259419906666,0.6557743947538223
269,0.008455635799968109,0.19479093700161143,0.014395124901404599,0.0027337097786142572,0.3648954846984152,0.20353766466028772,0.18645850357453186,0.1527650699348343
270,0.11749659535159784,0.043103049228116475,0.10613803358334484,0.2447342475575871,0.019000005145583067,0.15747338742104258,0.09089838890561902,0.12009634039931055
271,0.12337947253996262,0.012531375775191492,0.06251623309628734,0.16245406471273638,0.14101661935122298,0.0685145871103581,0.18222443058212906,0.19669828241040133
272,0.21753881677372156,0.03760873894387615,0.16235587070172774,0.10473245496101108,0.24753794557714862,0.19621557536811282,0.2152957517081039,0.2106094922842287
273,0.1614462706183002,0.031017748306636436,0.19879385467610644,0.2737294971766604,0.24175488288510433,0.23396381997109483,0.1808492524085875,0.14741215455135015
274,0.0800113250857305,0.16116576115319056,0.1164411988341546,0.0033611185802635557,0.09939578963378584,0.16028015028489856,0.16508143523005653,0.1787158666286764
275,0.24170011281967163,0.10357776184681936,0.21008043414378708,0.1618042484538855,0.11305608432158791,0.10287101207940469,0.2906225294697461,0.3074396628192616
276,0.07037585973739624,0.10471074498037401,0.08023725387147713,0.06964237698305986,0.03702234904951665,0.03241443436087332,0.005966187867705142,0.036721460994113886
277,0.09859211299329007,0.014234834096221644,0.11475100002038974,0.009814466254369547,0.12820568058062862,0.08256645756407366,0.15256113933873983,0.1626980112415083
278,0.005594993164924622,0.08139202984531013,0.03283125589328878,0.0295330285919154,0.086055547282335,0.009659542938620563,0.18532254946080656,0.16515193963111907
279,0.05160326569767598,0.12562287022454388,0.08908546323485722,0.07094200950076184,0.021440559832894973,0.025956818225140454,0.09151217529786387,0.09568529372851237
280,0.13345593393538124,0.1446902396673169,0.1448067294815465,0.020211526395984614,0.17923630819369207,0.11912557203740168,0.09451053159743178,0.09716658077915497
281,0.1810981812064255,0.04564211556272582,0.16070707793062688,0.18741597203549343,0.17739686234590432,0.0017237708675401087,0.24972694180545996,0.2521191001417974
282,0.021381841131550283,0.03483175200706796,0.04190337497600238,0.1233530518956708,0.4154392172354577,0.3073916178405163,0.030068576926525203,0.014089891637256602
283,0.4232848403305737,0.00395552226447643,0.4102721839337041,0.02554450121000268,0.5968598082324602,0.554097357609689,0.1799846363496237,0.19336544410229195
284,0.07011973857879639,0.07071936420440744,0.0741517744196041,0.038720086044635615,0.6678667753829071,0.5259141072698112,0.1447924429296954,0.172963237274389
285,0.08125215768814087,0.055723700047375924,0.03935080486804856,0.05727346060769023,0.25689345631459887,0.32466582789554244,0.17471885223590106,0.15001437133046713
286,0.021256420169347146,0.03326975809064431,0.0261072924382805,0.011158913686474758,0.0827898414521826,0.18507260956094645,0.10052137057894311,0.13182048568881388
287,0.08838601985359806,0.0034567082591751563,0.08272741060819316,0.18936542081204621,0.02002187567526037,0.2992917810522152,0.16606924773643233,0.14809467644257163
288,0.03531222599557282,0.05664065974085469,0.05028943984345058,0.003630008066684648,0.027063589982370684,0.07519332675460538,0.20821878854151948,0.22485392962155315
289,0.01335855299954003,0.045758756692004965,0.02363395260154988,0.0275611723581608,0.01681275591600792,0.13567323595153236,0.02504211807643325,0.03462496353385436
290,0.002402427560958098,0.1167821826214877,0.010964040362712563,0.04342565205700458,0.03802226489796473,0.08141306042251667,0.1732822027426732,0.1988884877471312
291,0.09731408164734545,0.07186169690606367,0.07747098597490412,0.14096531325625172,0.01850791447706457,0.009197152444470225,0.11166511806822171,0.13308569698142148
292,0.06310557668393058,0.17567399532786776,0.14164215751304143,0.01021780048400106,0.03809665239086066,0.05319402978251994,0.16363249875560912,0.18462399735461635
293,0.028278813379110312,0.015285089722304052,0.021491362014561644,0.11454692121538051,0.20944312983659572,0.1494069053595083,0.018611989640932886,0.02005158461875023
294,0.12441873335652398,0.1227111008483017,0.07567782103999315,0.031280810253652425,0.06842295889295717,0.2523206544734971,0.052933058301567415,0.035203315316019085
295,0.1424562215612729,0.11344549314900891,0.1826284997494766,0.13135251411669796,0.005595575322742352,0.12780127171541927,0.031115467675188274,0.01837015049227758
296,0.014730307733092696,0.07845691668409473,0.04398320609188802,0.020637268082817906,0.0818250265839458,0.09804706401914937,0.023495201483002937,0.06897575009507376
297,0.02245469714691961,0.02330167906545938,0.02043740711885081,0.07690239311642916,0.01018237120003973,0.08438251650045558,0.09197943788829621,0.08122106292416587
298,0.010046737881101386,0.0582631944355526,0.02965984217467993,0.021645603656897022,0.05345075146631095,0.04851545801109891,0.08088672808713998,0.10534153363778481
299,0.02105696468495588,0.10149472837893775,0.01299401303415626,0.011024468943264226,0.06972563271144988,0.1669676197061476,0.34163843104465114,0.2777734177046531
300,0.012394735856574246,0.2763628610268164,0.004867823354959888,0.12617639150309223,0.05238558927395784,0.13574387435310636,0.027426334793447138,0.050327763839915496
301,0.04030375037333289,0.02443181126234356,0.018250086355314388,0.007663350363000809,0.16689638059741202,0.20495509480325969,0.06332164676792248,0.059574252356921376
302,0.02479242977995988,0.04850350160978019,0.12139554773581779,0.11279913955364348,0.020069543999808565,0.12421307841271201,0.13211232949636662,0.12613738325749432
303,0.2903755580218577,0.07131353830110226,0.21690643743640936,0.053307340682979265,0.1959920191516256,0.11113897604233836,0.06055229148577612,0.06100774481480578
304,0.048282268411788176,0.010310273925829158,0.01880121472372112,0.01272743569059781,0.08063773451311645,0.14432024064594984,0.07558039983841774,0.08426730880758694
305,0.1180647725129711,0.053600289909815343,0.12765104441237168,0.031325625168055926,0.06019605614811818,0.09310447086429424,0.005603928056745144,0.01362604875843823
306,0.1512329211059389,0.030352758642520627,0.22470900313192327,0.29403065340145196,0.042060865311825346,0.07829438910279063,0.08213536196507937,0.0621337158124729
307,0.06849121182764295,0.043301404485190514,0.06179918835057796,0.22660661468136595,0.19322605107792817,0.027515012588104015,0.11484416162310568,0.10569795085004766
308,0.030870630163183477,0.011685579239558763,0.007160442681076046,0.1916509814466254,0.23846539538160594,0.048117736317773635,0.01133911065706128,0.00246837178536638
309,0.12358789145946503,0.030516588777310838,0.08068698390381995,0.11710137133638077,0.0015339276514448746,0.10052905070468737,0.12205747785828791,0.12782753221204027
310,0.004002089146524668,0.0386603482972467,0.01785000495943452,0.005064085327597091,0.09748448578419097,0.03621160608806073,0.13077125760376995,0.11255619688596136
311,0.014641350135207176,0.024887643318807703,0.021535967987927628,0.020883750112037285,0.17003445794608146,0.1639104987620356,0.051571255065323895,0.05316554748348151
312,0.00019404534515943261,0.006537656944352183,0.033439157407371606,0.04983418481670694,0.12225298144355802,0.12633404105541823,0.07206513998871339,0.07739956653756239
313,0.004272493925201015,0.06846222078092207,0.004596923538191827,0.12577305727346064,0.09539790249736932,0.12653560113991405,0.1834981554193138,0.22762909171595555
314,0.054220169293813125,0.1858428326724912,0.00915693414766397,0.13955364345254098,0.04912512725575842,0.19208857484792222,0.10723128262013892,0.12643108368261652
315,0.2051537459128709,0.09777390199902969,0.04982401343050907,0.0918257596127991,0.05509013761997514,0.12405781614500755,0.16085453020963292,0.17308775549472225
316,0.3774251639842987,0.1622929824823477,0.36869904954078303,0.05602984673299277,0.04682545765452584,0.13264782243487938,0.04695300658787255,0.12905709517852212
317,0.0767144238189138,0.02883391592722101,0.1021005447032503,0.015965313256251612,0.09921168350530057,0.21510454120483646,0.1689838626431426,0.04721296210001258
318,0.06263234426847675,0.05552702339338539,0.08129817459615485,0.02823339607421349,0.0019671971279640044,0.05097445791212213,0.003962768566072389,0.11793206943230342
319,0.018528933645608925,0.0031473514385583767,7.997083361449553e-05,0.07192793761763916,0.05826015882664998,0.1703026063950494,0.032640225183005106,0.24309325182423927
320,0.0475851744373309,0.13743748319440677,0.07811507601843581,0.022821995159989172,0.07861410957544263,0.14194161519277748,0.02755268546905587,0.03364522984665819
321,0.017064136486279025,0.07267813928475397,0.014329575602072153,0.0001008335574079755,0.041791628150184224,0.08158887008379806,0.031980259666957334,0.15994120497469355
322,0.0461643677736745,0.14846912252397587,0.08815148950464105,0.0,0.01603661560532632,0.053956739254808594,0.019578231611388518,0.066875249662041
323,0.014703125430711284,0.05852200412297248,0.013334132067638865,0.007696961548803435,0.2819336823283668,0.23149448254033336,0.15415990099535504,0.08024898694415078
324,0.05133899307776463,0.07272474679573399,0.042119396848954826,0.10697320068118665,0.06558510046351085,0.05077112384705451,0.04001088064258398,0.12361626152390359
325,0.11293055921288137,0.10887245675360752,0.10719969612323083,0.057643183651519284,0.07637637833776863,0.07775973121025054,0.12000970380547127,0.11812975103114826
326,0.1356412406232479,0.007136326969615386,0.14546133584845689,0.11230617549520487,0.041857259769203875,0.034814635439603364,0.11399843786099327,0.04346283433141926
327,0.0021691450383514166,0.12116742852021126,0.005119112312158221,0.002151115891368627,0.06301706429566792,0.0919281688191747,0.10899124731428797,0.13625890968510357
328,0.0005084830918349326,0.059277583579815246,0.008220394515657752,0.047458994353320794,0.015614526916351457,0.025778733253073338,0.09603594127425534,0.06525515867127263
329,0.02175905369222164,0.08984314779958802,0.016074599832040452,0.08930492067760143,0.11884005197488853,0.0973214884056095,0.1574388641936403,0.11449231751615352
330,0.024783696979284286,0.07114681365958558,0.044362887582628914,0.009455946939141348,0.035480719792926246,0.06769588844524177,0.10880078278839873,0.12150561661732895
331,0.08234039694070816,0.0873765349108182,0.08011321911931582,0.044142690687460774,0.07711077349949917,0.11903852711718568,0.012733990248702476,0.028706593420159313
332,0.008615729058700838,0.010535090077977951,0.014286484157027844,0.04392981984404409,0.09613487311543549,0.24304166783612355,0.15340309041110028,0.056118073582001854
333,0.00702983003939095,0.031064802366227506,0.012848138903521704,0.008369185264856194,0.02170137690705376,0.10808888778544556,0.023598752408863083,0.19615391616239303
334,0.09300135298221146,0.02746033880075286,0.03727675031685067,0.06651653670341484,0.013170852662038213,0.08619274046525671,0.044815177176478205,0.008693163380916274
335,0.14087651183157068,0.05864614143586991,0.10256513206078288,0.04453482118849161,0.09352847109255624,0.18385411844713262,0.06877425275672672,0.06658381003092684
336,0.05569662153720856,0.05236443488392935,0.035369436239499216,0.03461952137671416,0.07543570419389922,0.09186079224633154,0.051807096766239014,0.22165831313988227
337,0.14536374807357788,0.03957381016402261,0.12331223965517644,0.056365958591019116,0.12387826808772914,0.2568523327952203,0.05737644458158456,0.24249848203199087
338,0.02566034504885817,0.11217621224343446,0.036909381755790116,0.24684054853455217,0.2839142403654493,0.007066314864473844,0.13375200834527107,0.012588670824059456
339,0.06388060038578258,0.06190149681814072,0.09494920818268296,0.10648023662274797,0.26267772079382495,0.08878920210106855,0.273289943049112,0.34483369953122095
340,0.05914368038698048,0.29199291924352366,0.08317497994151574,0.009007797795106187,0.3688074203571034,0.3633447699975757,0.04837957894306971,0.32781785444740197
341,0.06596835086216812,0.10244510172985567,0.06356576271204534,0.18297929550954561,0.3079422393597737,0.4262203149220345,0.07149513279031727,0.04309259960493206
342,0.08252772351496007,0.023835708523797072,0.0814276972986962,0.09276687281527296,0.07711544934596681,0.1774730841601288,0.3088451384579881,0.015927510185123617
343,0.025308018876327276,0.08720175674464425,0.009020736863143308,0.05105539123420272,0.0984223563809643,0.08127645205953266,0.37687034519860607,0.022565484771664646
344,0.09653266342008715,0.055241552388635234,0.09465855509151566,0.042968539930088756,0.16139745987941134,0.05891060310834284,0.4074117191058857,0.014319934573573723
345,0.041627693782092745,0.12515730034955536,0.10899649726884908,0.06681903737563855,0.005486979019815652,0.1863807674804111,0.37420928166169565,0.16519733548765436
346,0.02004988685863318,0.04619476561799668,0.0773853179249141,0.17800484001075545,0.11575222881330127,0.416438501721935,0.029970258198427552,0.10845067549747955
347,0.04120354936965276,0.0023164829255162833,0.037328571689841744,0.039257865017477744,0.3530927975394159,0.5790461458335348,0.036506247400702574,0.10132365908496199
348,0.030520887925728046,0.07270368378596331,0.0005576051694534123,0.07242090167607784,0.02861377003959309,0.4295350652487374,0.098235327904235,0.3000563832419596
349,0.013635390362261246,0.08603074303128166,0.0689919213949905,0.0,0.2933671065967781,0.6400652429428719,0.19131020216532862,0.001998393846212476
350,0.2127042555318593,0.09429730214215276,0.1848986722653485,0.16402258671685932,0.025193453271123756,0.1850994027614667,0.08510432111902816,0.11243448447693016
351,0.1536947657589824,0.0013431029846737164,0.16771710017802227,0.03553822712198618,0.10658002028745095,0.10175947118412654,0.014585468912993504,0.05146428158716834
352,0.06103611727272451,0.013428789101012542,0.07192094090600887,0.08287173971497719,0.014421146885298063,0.10591078657280356,0.39359559150234524,0.2291092934620642
353,0.018029289248490343,0.21133279555436046,0.021275580946358896,0.11785426189835968,0.20834130496300762,0.0025130308568052095,0.13830818624956853,0.019957440657801473
354,0.03801912824996667,0.015471452899524729,0.01833700850410358,0.021152639598458423,0.09751671515061416,0.21357258857096784,0.058522717842476576,0.029875975768080043
355,0.2611103876844212,0.06265797257327238,0.2603703654400565,0.03674822981088105,0.0034583056325348527,0.06007467034546027,0.2674477104798951,0.1155447582166862
356,0.20389855371972954,0.05623509904096036,0.0834952316086206,0.037196378954916176,0.035395786550373176,0.022928521801846125,0.2815012186712094,0.029338855233574157
357,0.09900375244661697,0.09845657434794297,0.14531360588867326,0.0910863135251412,0.09635602310775426,0.01741474444070651,0.2853731680725348,0.46018305324724607
358,0.23016410551586586,0.2621555973828098,0.18962741882876866,0.08846464103253554,0.30444797411586805,0.3771600078313514,0.16342278040288488,0.4376834510187828
359,0.22616910934448242,0.0614712736398674,0.2595318103465458,0.0033947297660660847,0.10153921909787139,0.24305647625202176,0.06133803957791953,0.3169772244573582
360,0.03631091863217456,0.05955453975082905,0.00016848872994597655,0.20311239580532386,0.07128404938358429,0.13820939138852262,0.2382739069134578,0.1595044770506679
361,0.04996876011102486,0.009802814376624391,0.06440189621107978,0.34888410863135244,0.16879657266586184,0.11301348912812137,0.028332858703110586,0.14743504928665774
362,0.01761189661619561,0.28619431746885365,0.0012569514804873054,0.17894595321322937,0.36271674896559014,0.3848117681303659,0.06373650672745967,0.16187223524271843
363,0.03677988511543501,0.09623868423411319,0.004148809680990462,0.011965582145738063,0.07000136146429176,0.12009029167033491,0.24683249569875454,0.27731451835320653
364,0.0029399278573691845,0.04631218069373422,0.026237511837597052,0.26579725732723847,0.16911830104586856,0.10290229105912416,0.03859020605353797,0.1352208766438669
365,0.05178311072904984,0.08608855427086143,0.020483744483090108,0.0,0.1477856140796096,0.14889363034134234,0.2609534152314534,0.11870512040224451
366,0.0873068870175715,0.02868154521824806,0.17866534971428266,0.11427803172895945,0.08825667326767923,0.08791441866048921,0.29409752284599083,0.059375710640318546
367,0.028589922855636996,0.002020704490454217,0.003653285813850854,0.025894057542350024,0.010048196838270379,0.01682527984846463,0.2069657202150137,0.07931539757783568
368,0.014650139245463878,0.039524961907323075,0.02524410622626605,0.053912342027426674,0.05284258328843654,0.06791912196055808,0.12158329163298692,0.016060914857645048
369,0.09329479008023545,0.07021600788742471,0.10134119511467166,0.3006184458187684,0.021369618639843768,0.13712624105227417,0.5313743996516428,0.01097784351990072
370,0.011954135429509793,0.11087523527830062,0.039971030639587055,0.11408980908846456,0.17159411311698528,0.026092703234112058,0.07016076138323084,0.27468645564856975
371,0.032204124364329845,0.051658151832930516,0.013653799229027819,0.18951331002957783,0.09759367946051989,0.13295243580611726,0.20183677089055233,0.09925027710113687
372,0.016324968888862812,0.03857174867795943,0.0326738772154571,0.345522990051089,0.010208065603195704,0.08975157123471217,0.08402234412373955,0.16671772056163903
373,0.041392112922591484,0.18951913596845027,0.010316938598349923,0.08765797257327235,0.3134852535165811,0.13393560850729047,0.2600568669458057,0.466621015810077
374,0.027092704563956405,0.11488348122255121,0.003927573285648134,0.0022519494487766023,0.5182314978602236,0.6688512165381787,0.21689776295852636,0.31672213781887804
375,0.001746140987394229,0.312198171551492,0.049983518003771876,0.015998924442054363,0.09655136005760706,0.19236046064983797,0.10981430516152219,0.2820817249880641
376,0.1257840862803704,0.2341857130052883,0.05801205881452265,0.035305189567087926,0.09403096234545422,0.06019836962074426,0.08230219897679095,0.12016286790317321
377,0.07016075315751769,0.15925383167518142,0.1372387813733712,0.035305189567087926,0.23496495648091148,0.1778843147958946,0.21570742973876803,0.006724120015759116
378,0.0832923507639945,0.060023303755489796,0.08334565873369694,0.11702070449045454,0.2002692785616152,0.22162699182908735,0.2363294794886792,0.357505873701925
379,0.2314888834953308,0.2464363180066327,0.207044930087259,0.004571121269158374,0.12774730428265912,0.18089555859784567,0.14674146789795214,0.03293809924794466
380,0.005333494381995596,0.06620641749574258,0.008685812302310691,0.27394460876579724,0.2368976499048967,0.1484284481725705,0.08456069052221557,0.03654413114613336
381,0.11222656280739907,0.0718324818499595,0.1169109566521464,0.016751815004033277,0.4097855146141563,0.29825183342033773,0.04260856937274729,0.07499451055548845
382,0.3532482805223869,0.021725374204535547,0.2373742041201009,0.14608765797257323,0.08391308181758522,0.005825304067734682,0.09526411685479641,0.26375290163099846
383,0.36464985165746033,0.08996235547190101,0.4053050036792818,0.2033342296316214,0.19696048387959847,0.12335535695621669,0.018009472693203188,0.20206540193412537
384,0.023172467195111623,0.06685533745630479,0.013719992912153138,0.05875235278300628,0.03840796431230392,0.2176288687364238,0.04977819782521728,0.02998779379930616
385,0.11806048080625636,0.17330420363897137,0.09415739919201972,0.00799946222102707,0.042733633910811225,0.0930527094445725,0.11154977811830938,0.1239587318707448
386,0.012840246514756015,0.19462938065788338,0.04738217122286387,0.024110423949090222,0.03550079419485147,0.10621940179794914,0.004192771989683763,0.5902253529389208
387,0.09209904788073497,0.26445953213229334,0.07942411660705495,0.014956977682172634,0.07774291028471116,0.2625595965905969,0.3327441689854795,0.024136029558167654
388,0.05765757413441286,0.027392220130859526,0.05832049975401865,0.03932508738908311,0.0061008105920090094,0.0013222025159931872,0.555808741753473,0.07442713940945034
389,0.04286409357953824,0.1717182038182305,0.04535722848097806,0.024670610379134178,0.003737663483964454,0.18179136597742118,0.5431493901808653,0.10140786190373219
390,0.023134574298096955,0.09299139553643448,0.04680561420220419,0.055424845388545224,0.00839374853725991,0.1569947791926664,0.30523344143901454,0.09994036173141446
391,0.015395177760153644,0.2621901048669004,0.05350019803891237,0.05986152191449304,0.1510725808174775,0.17706552056312297,0.17575600882207304,0.06049169230822943
392,0.0646252658345361,0.01702518598189462,0.024751490762734973,0.20294433987631083,0.12903313490928198,0.11521204506556881,0.32892304193525634,0.0636882075823724
393,0.055041403119267196,0.007047145289952289,0.03951898528995815,0.10735412745361657,0.12981385746268564,0.15555165574715918,0.10288428263207,0.036746053281736676
394,0.0022918662378371146,0.0019001523707090073,0.024526646228322554,0.1635385856413013,0.04929258109663387,0.21807920561564242,0.13199558021328084,0.1308937562074638
395,0.007730558823116018,0.06279555436049072,0.002928758323082592,0.09015864479698843,0.12118184715420699,0.03573963038011202,0.09012794071948799,0.02482218689948945
396,0.015137959271669388,0.0024195572286454525,0.08264003521194213,0.014600699112664706,0.23556203260780256,0.15979128697569828,0.024961271230822812,0.008730561998389008
397,0.20213113039227132,0.055738549789370484,0.2119308963989921,0.0013892623465088794,0.05085986832512379,0.11219842841739969,0.05308677947978599,0.049559328072275366
398,0.072023105816868,0.027050282333961062,0.15206814449742084,0.15918257596127988,0.03943994952400984,0.1505165290947605,0.15602715228065855,0.1372082043457613
399,0.09836016541272286,0.07580218696782332,0.013930003010616976,0.18563457918795373,0.1362887758363999,0.013492656024558458,0.27147452382663695,0.07190553956488743
400,0.035344968610759975,0.06669221116787705,0.04542238591184128,0.03952675450389889,0.16143297984311572,0.04020597817229579,0.13101568615114795,0.11422700529947849
401,0.030557712353215027,0.02131307699202223,0.042234690591525265,0.019270413193510805,0.1436204696129968,0.026469606480216512,0.09205355719499742,0.010161165409315775
402,0.01635245488003456,0.023896656807385508,9.262873934498539e-05,0.13172223716052706,0.0039531150377929425,0.023344650862760358,0.09075180942429617,0.12747200463853428
403,0.003223398290163937,0.03367796002509604,0.01254483082028221,0.053643452541005665,0.12231743111328264,0.07913654613738524,0.07133639244185125,0.004666319929638785
404,0.04815479449509097,0.045848346329658785,0.02062360457308096,0.2635923635385856,0.09082944303705923,0.09551248144376506,0.17350318803065923,0.05960239749505197
405,0.08076795696827577,0.042517253742045985,0.07363867315882883,0.04603388007528908,0.24057748919566915,0.3132715150179865,0.14522505992437473,0.001470062617893425
406,0.05985046730034449,0.10272026530429326,0.06461647393816863,0.022586716859370803,0.06048687070660286,0.03846329616964217,0.20711404944471848,0.22136882694480164
407,0.00994259027679556,0.1213892623465086,0.05255160139293652,0.08459935466523258,0.0019816290731045627,0.07576404911328061,0.10511687086994406,0.34882200681795555
408,0.0682006729974578,0.4470180155955903,0.05341839660146064,0.04463565474589942,0.014904377671357091,0.1332733548347108,0.1168790499527324,0.26158494135858956
409,0.14735821968094254,0.010499686295598498,0.1451481098601668,0.03903379044546026,0.05521955716450454,0.06352607986319986,0.12911100943354878,0.014680303241183329
410,0.029970014189866112,0.033768486152191496,0.006758376434107483,0.01129335842968543,0.13591394061521536,0.05471144698550229,0.08803325415530486,0.061346839522346513
411,0.19946160912513733,0.04384646410325347,0.18045471738578103,0.09282065071255721,0.08001331629623018,0.009887415208321426,0.08634270668482835,0.09529525852601836
412,0.20990707664984654,0.026268262077619446,0.21507652830697532,0.01931522810791434,0.03535538244655717,0.08863512822461753,0.03658054727076876,0.1372992445970519
413,0.09681726965284954,0.020834453706193416,0.011513220657829476,0.031090346867437474,0.033925803189909357,0.09896516735107413,0.06148151979634056,0.13249656936586962
414,0.13079142570495605,0.16722192345612608,0.12289659268606977,0.020883750112037323,0.005336903300271173,0.009279449896404501,0.08778409527716738,0.029072820958589846
415,0.1036058059443038,0.047952406560903396,0.07125325178292863,0.08639419198709337,0.11085302138237535,0.09588237028632521,0.043150369577343015,0.01426651551432137
416,0.014653384252785728,0.04896208658241464,0.023326582750548344,0.025759612799139547,0.08149868490542209,0.14270960261906757,0.1570719259646244,0.058260082650104794
417,0.038866374641656876,0.022501568522004356,0.031628188522145884,0.07832750739446087,0.033422857540347045,0.042068514079618535,0.10351308358116437,0.06635229037062598
418,0.036878485642283354,0.18708344537061983,0.05815043253709709,0.08214573810164022,0.07960749936574943,0.051901444019048004,0.14156423860569695,0.22607661484293953
419,0.04312920155272626,0.20833019628932478,0.02790893258356328,0.00712557139015868,0.013936989144713906,0.20059180040470842,0.18956969115503758,0.0990793668575013
420,0.16239333807877165,0.17517657076274956,0.1580583541125166,0.010432912073138012,0.0026057656966103626,0.10069103095087623,0.1353624647565746,0.1591910467289624
421,0.09082738936556445,0.057545038988976116,0.0929066218322723,0.00322667383705294,0.17400485036145186,0.17062526772729864,0.10641810405280921,0.030653073575917872
422,0.058621312997199526,0.05882226404947566,0.0550347859485083,0.060858653759971404,0.021464572099966384,0.051093812909316694,0.17966565238462062,0.07077992917124509
423,0.05510095800402082,0.04516402258671676,0.07317497793132466,0.010172985569597559,0.05723545094262966,0.03486044496121199,0.09816550201669744,0.05235522471269105
424,0.005761605247947332,0.006050013444474367,0.021216790933481278,0.05117863224881236,0.027339952645402732,0.07163641469705584,0.17291561299020508,0.020999162290388118
425,0.13741669673437573,0.07640494756655009,0.1292170575357871,0.012335305189567089,0.05816727222738427,0.1843432542831983,0.29512764491309956,0.06343960140565696
426,0.11342872336655097,0.0019306265125035305,0.11145938963929891,0.004057786795081766,0.0067232445545546415,0.07809469126176494,0.03318138815671329,0.013378612848563398
427,0.15841695259225785,0.03628663619252487,0.15834570299402784,0.02465716590481313,0.0569075406280698,0.19691353178790438,0.11293499909363558,0.04418591210866574
428,0.034063634780441165,0.023904275342834097,0.04433342035855087,0.00793223984942193,0.014314154561501258,0.08955557047332552,0.013039380085220986,0.08391303791522574
429,0.10354959434256439,0.05430895401989781,0.1358182370853136,0.0005377789728421289,0.04731035341847081,0.0629375473468421,0.15356345464763632,0.14777262256740456
430,0.08718966295815944,0.08895133100295788,0.15787282304412975,0.08478981805144745,0.015559840696116087,0.10146610316337529,0.20459771254547593,0.21789556378211355
431,0.01445829819434108,0.1219091153535896,0.05811166956945146,0.012335305189567089,0.161320282353539,0.16150816315254185,0.14964734628561727,0.20571285058860966
432,0.10800675016861189,0.0011871470825490726,0.08056281337190346,0.012335305189567089,0.009925213931096568,0.0010609488777903742,0.008751290705338366,0.20677234956771479
433,0.070585512864907,0.004126109169131486,0.08440426326670966,0.012335305189567089,0.07153196049980862,0.19444085953203244,0.20452723294785063,0.20406612693233114
434,0.08646805983103867,0.006473514385587523,0.20101547443370832,0.012335305189567089,0.02589697251793795,0.13648943958473236,0.09410326618742226,0.217233278680727
435,0.08310230539895791,0.030166711481581076,0.034718573737786806,0.09438020973379946,0.0975428347882989,0.04201965042651912,0.0864724513189864,0.20084193512016013
436,0.09094400104094214,0.08530787846195215,0.03828398078622566,0.13659585910190908,0.14141822022631273,0.04802159686796309,0.08538197052749563,0.04975435672894299
437,0.03043171763420105,0.01751546114546921,0.0029140092645192767,0.0018822264049476178,0.10420136439009664,0.004576728258975593,0.05948999531927876,0.24812361660410975
438,0.03707954287528992,0.0203683785963969,0.043184684738352665,0.09169131486958848,0.0388123733397297,0.021219467240521123,0.0259362482721546,0.09639193540843968
439,0.02736562490463257,0.018515730034955658,0.01735756399071776,0.09169131486958848,0.09056142680920272,0.14663612430538697,0.1198561758380684,0.07523505487684634
440,0.06501401913169258,0.11036031191180412,0.0880831404869174,0.05996235547190104,0.10225130392300635,0.04630327695520012,0.06222704794095735,0.03679445501920897
441,0.05529419297683491,0.0337577305727346,0.10160776832086722,0.07811239580532398,0.10365757931619841,0.004516181373206446,0.007919951823249838,0.030579815621281148
442,0.023769855499267578,0.1590911535358967,0.0013805935470104975,0.31607959128798035,0.052788369213539334,0.15630717505904523,0.12231853907780915,0.03079908067152337
443,0.07989689707756042,0.05038585641301413,0.10021210740510714,0.006587792417316496,0.050450494460971995,0.17340897569689734,0.1641286610333969,0.11756904219134456
444,0.06595522490647832,0.08613605808012903,0.0667093865563167,0.01586447969884386,0.10049949790202947,0.08387221245187437,0.07284280161765566,0.25266393457889946
445,0.3630397726079731,0.006915837590750373,0.3632908631206026,0.07589405754235004,0.11199638153486818,0.27777967028985184,0.2916465869171074,0.02419514562296199
446,0.0924021303653717,0.060454423232051524,0.0031540338067821095,0.09236353858564125,0.013688490658914199,0.253733957870063,0.2941911796923543,0.0510088445432908
447,0.006034645863712829,0.06310029577843518,0.01767604836590808,0.03083266110961727,0.25159085935876846,0.0002242408188529721,0.014212482782204994,0.32670310796226193
448,0.0689841896479858,0.015829524065608946,0.0720569035686281,0.034104149861073754,0.09458219443804294,0.039010712942462944,0.07827604064992855,0.4340384603572186
449,0.03583019241814833,0.02776687281527268,0.07377437348638388,0.0592901317558483,0.023110777725038556,0.02776252122456946,0.03801283739214467,0.4574772891932815
450,0.09517903102280845,0.14405888679752565,0.09458866943781696,0.07376534910818322,0.14278849538677996,0.08189832461286506,0.07952984490983406,0.4073492452182297
451,0.043761463175219895,0.009835977413282904,0.05980543105557129,0.061172358160795914,0.11516608924225702,0.21933641090852718,0.23851999015403746,0.1012058118988885
452,0.027739182591406175,0.03159182575961281,0.0018489313856075995,0.034910818320336934,0.0025606353252853875,0.15713787565243242,0.15187220741744623,0.0017171061521585873
453,0.003073207967926872,0.020947835439634258,0.027190001583288104,0.171417047593439,0.14732293657162648,0.09225222494879787,0.06547067759627268,0.04975263411438463
454,0.09863481944079822,0.02548668997042214,0.023821612830108307,0.2577305727346061,0.08821868083018147,0.2751875904515909,0.255616027199297,0.1391450692408149
455,0.09318334096604441,0.22032132293627318,0.0844694716933837,0.21356547458994352,0.18638410836312494,0.07870062945131784,0.05562645421036211,0.04907575293089739
456,0.018456305962924358,0.16806937348749623,0.022499781705649563,0.31513847808550666,0.052937061924052814,0.07432105687468549,0.06770500270011548,0.036771025418316394
457,0.011631444477207875,0.03953751008335604,0.04851923260853658,0.09209464909922016,0.004504457094261727,0.009507865657935488,0.003202350395265119,0.44305067429606065
458,0.17675850027733897,0.0178206507125572,0.19849206519886617,0.03777897284216192,0.03347810778470983,0.21697731796028677,0.1868552511262171,0.0806177712708832
459,0.06060979185356952,0.09948238773863938,0.07085086417611833,0.12436138746975,0.015292422893402047,0.0189731608643513,0.025097115801074987,0.08842807641165494
460,0.039756755132962285,0.24223984942188725,0.03502672571999246,0.1692659317020705,0.04675143205145749,0.01940811145077362,0.01726606436832956,0.2096669819255485
461,0.09712599740774597,0.16262436138746988,0.07837208227248654,0.005982791072869045,0.002948228778804518,0.12463053237717708,0.158554059510421,0.23508618863656477
462,0.11877936020625735,0.158650174778166,0.1430057039568826,0.06466792148426992,0.08008260036401726,0.023163655039216247,0.0115841407553825,0.24378302972250881
463,0.21910117473227886,0.13215111589136808,0.18838606171673578,0.03858564130142511,0.18679484982802297,0.47371228282654626,0.4223835666484448,0.1872773308833483
464,0.07711851596832275,0.1583207851573002,0.11998202813878492,0.004057786795081766,0.4199409916153459,0.49162167617843977,0.5347786552773555,0.04295778459478722
465,0.035875946283340454,0.0156171013713364,0.04539786341565053,0.005982791072869045,3.741009726544037e-05,0.3211866162925511,0.351744405946931,0.3352473057197044
466,0.0245465204724703,0.07722237160527021,0.007780222169153361,0.1555077529801918,0.021819844475856706,0.15727851760832062,0.20151411080773363,0.022362973235908634
467,0.29607835075457145,0.0015057811239580637,0.2666579343348681,0.051940485793672136,0.09701539986238522,0.1605103700258077,0.19061819984165074,0.0074456510355500605
468,0.05333509538788472,0.04120596934659859,0.26387027096852766,0.2626378058617908,0.037473861877848125,0.1259295234015403,0.10444023560315074,0.21736624276820027
469,0.003993800841021522,0.010182844850766336,0.04981357083008697,0.08254907233127184,0.025990627394692566,0.2908424169473602,0.23541253310280108,0.0552904106867087
470,0.0868316062453871,0.0425100833557408,0.10327355994572596,0.02769561710137125,0.038014900505193336,0.10287954072178107,0.13287486667614878,0.2709885718498159
471,0.06551974632785529,0.15674643721430487,0.07749701211171567,0.02460338800752898,0.2513212637896841,0.08866716059519586,0.13931690176764056,0.2887737466814232
472,0.004532303235389223,0.03735950524334497,0.011047792526411082,0.061441247647217034,0.16757858091465078,0.09626626812899813,0.08320648058146185,0.17949868745847553
473,0.02144973034113762,0.01663350363000793,0.03227666962434761,0.031325625168055815,0.011142706162303229,0.09398456395578536,0.056208256214372976,0.08121665855990412
474,0.04672343651913091,0.06854396343102998,0.031077302770557536,0.053374563054584545,0.11811568043414816,0.02785118270964504,0.016506400840787805,0.5177405091224265
475,0.09809614764839514,0.002260016133369222,0.19365635743488566,0.04033342296316211,0.18139439766255488,0.03938307596805812,0.07201770919498468,0.06913752978587635
476,0.06749069946335995,0.029610110244689514,0.06118418746529025,0.03119118042484531,0.026801455491645587,0.2914478361675183,0.2996780910139065,0.21784537430117176
477,0.03989814222259647,0.03599354665232582,0.039398018965211,0.0026440799498073653,0.14304175173102424,0.09285261856113947,0.08159480483663173,0.11333127306164292
478,0.19938078520278135,0.031115891368647397,0.2198845192772193,0.03647934032445993,0.007475604794282997,0.19019431987641866,0.18824864529015095,0.2636042581716593
479,0.06532546566134645,0.026525947835439767,0.12664201172229317,0.10701801559559021,0.05092799467977388,0.4726086954302593,0.4499640262038017,0.23672463957502587
480,0.33999023408811535,0.0028367840817424828,0.44480643651366375,0.001008335574079089,0.13679957182389157,0.30046910936142035,0.2849794254418422,0.10248997025438682
481,0.267251580953598,0.09520166711481548,0.22818061620450505,0.013646141435869952,0.05748247932014705,0.32835122816823575,0.32718313959656875,0.0822024294277454
482,0.13454478979110718,0.049575154611454564,0.2279033646576928,0.17087926862059677,0.10822102104150255,0.12654893061289788,0.10610403588275702,0.2010025045784008
483,0.06381146857801961,0.1890911535358967,0.06750821795288148,0.07192793761763916,0.040391290643495156,0.008034129044016958,0.0030827153676704078,0.21407260631528724
484,0.2558450996875763,0.19834767410594253,0.2851391690217328,0.09809984762929105,0.14285453310671642,0.3811640630420481,0.37942094941045046,0.15705491469072197
485,0.1188865756437194,0.02508335574079046,0.023800071751678226,0.21018194855247826,0.07771421609975893,0.022967329757453442,0.025707815237114018,0.054277088350803554
486,0.048008544137638776,0.0689782199515998,0.040802255408539045,0.08344537061934211,0.29991671153462485,0.03166745370194057,0.04063317615505713,0.024013483156694604
487,0.03337693489280624,0.23770233933853235,0.000980656888859427,0.029846732992739988,0.33605668568660174,0.057520818437666876,0.06590410848222927,0.11008392693001881
488,0.12587600946426392,0.4369050820112935,0.1226447182960247,0.025006722237160495,0.16963306484802043,0.20308624759603017,0.24391020259273227,0.006384984397405535
489,0.05365691605868206,0.012660661468136568,0.14846459414995022,0.04364972662902218,0.0671079886917662,0.21770997310416762,0.21754908008296492,0.06711804934943133
490,0.21855672856561925,0.09288249529443404,0.1674012924199525,0.09639688088195741,0.15964884706894575,0.01305933824609734,0.0168996139224743,0.08338175656889826
491,0.19520533766019532,0.02952003226673816,0.1886782300468888,0.25813390696423766,0.18179525919607553,0.18150172878088852,0.14896914063681388,0.016249889379650106
492,0.30976872381326737,0.12360043022317832,0.6094163140570641,0.1365958591019092,0.22357679635423638,0.5957541134190412,0.604871781818023,0.3361458694717607
493,0.01757735368961222,0.13700053777897314,0.05212874151062296,0.038316751815004046,0.03519230183647093,0.010032413384581218,0.002007439905706121,0.5258566871158411
494,0.12065504491729862,0.0034592632428073755,0.1166643979490721,0.12207582683517071,0.1629495372872026,0.058250865663824536,0.07643103823448505,0.5433499263676886
495,0.0791804615080629,0.03001747781661729,0.10691949274383783,0.06265125033611185,0.05449997218118274,0.1329888828697245,0.12074478775797365,0.2917351263044419
496,0.25452492332612364,0.02290669534821166,0.18751610161614146,0.14641032535627863,0.031602092249435554,0.1097201603703955,0.08176304722174654,0.15341744871571067
497,0.00810785537510994,0.039333154073675713,0.011958774925074023,0.07925517612261362,0.02238763562289231,0.03783509318637346,0.06101336186141887,0.30099829005174883
498,0.02295116962813404,0.0538357085237966,0.011383540539462805,0.04066953482118846,0.00035786077540422845,0.05744306429926585,0.08010991469143736,0.14454119701304582
499,0.038205676371771136,0.0012422694272653384,0.024302737435970667,0.0426189835977413,0.10356320082816067,0.05573335129516169,0.024700513340954355,0.12910264409891578
500,0.04248122182960434,0.008568163484807545,0.0573219822647677,0.02749394998655552,0.005003104251446511,0.08733174664091203,0.11871360911429607,0.09427186601989843
501,0.006756889496352225,0.036136058080129096,0.011157864856083832,0.05250067222371607,0.069295587057072,0.04992975996395271,0.049992936394084975,0.020821818387394553
502,0.05132047960629349,0.1833987631083624,0.07085501877354783,0.06238236084969073,0.19662066652445287,0.026880210979550123,0.000675429781024639,0.06111456626016759
503,0.04402383812559196,0.02891503092229064,0.030058142604491522,0.04127453616563592,0.1727427020138228,0.021442878928555176,0.03254333509472851,0.13346838806648742
504,0.07144601183509469,0.008018284485076688,0.10177902223634955,0.1993815541812315,0.12499818909862909,0.1007524167277345,0.1263903648391017,0.28358102457866124
505,0.06511102647639055,0.03871201936004298,0.07308822160330364,0.19454154342565205,0.036933008297490716,0.06532304775427655,0.053232055785344845,0.12554117609227222
506,0.07539559701624399,0.02540467867706389,0.044354845660138864,0.05324011831137407,0.08603931597721624,0.08798542891629552,0.10761582169826789,0.07229384993243204
507,0.06451037570205098,0.026481581070180005,0.026031564820856445,0.028502285560634555,0.03644683406215535,0.010086979781995353,0.024316465018555555,0.10235640504406396
508,0.017362428948776043,0.006369991933315333,0.023198350442179633,0.02061486062561622,0.05699813053046712,0.12591866480560437,0.11515026902682801,0.08457566452781096
509,0.04335502322145157,0.027151115891368705,8.691509279920573e-05,0.01438558752352781,0.01220822895616136,0.01137443528446469,0.0067717876909964,0.15812632084550826
510,0.07922402598839284,0.05676660392578661,0.12922515784502006,0.06843237429416504,0.020965223728606985,0.09225355673667432,0.05089524509549448,0.1616769715651383
511,0.10343890697861846,0.06046383436407621,0.060965894726992736,0.2051626781392848,0.11832539521748972,0.019182340789066332,0.006613458049156751,0.23587714568920984
512,0.08807486295700073,0.020024200053777808,0.07228263067678938,0.3199784888410862,0.05620807949222517,0.22246679724400925,0.23722579214191852,0.11105982770671122
513,0.5084113602629909,0.044236353858564254,0.559920894856304,0.02191449314331806,0.01437183642177764,0.3362533912727973,0.34297672084730424,0.19179694591682503
514,0.012857671385331892,0.1355754235009412,0.0167787358392818,0.11118580263511696,0.047565270306037744,0.26855640973380335,0.2510039789356153,0.1442349018542303
515,0.024429351091384888,0.005933046517881346,0.03825524827574946,0.04853455229900511,0.12425402447676498,0.004105616342895357,0.0186979325997384,0.08579979404253255
516,0.04133105278015137,0.18984807744017218,0.02439432142258802,0.1009680021511159,0.22311380086764054,0.0825859521104973,0.06673418136838757,0.10292939690275438
517,0.023617565631866455,0.19263646141435842,0.025064665799713778,0.08322129604732448,0.26317506069110397,0.07923052836852473,0.0652002391780725,0.02112295713435547
518,0.020078688859939575,0.012207582683517043,0.03142885040257155,0.07394460876579723,0.07567598800399267,0.14379870046533094,0.1318200290498377,0.05229503329197338
519,0.17054122863485144,0.1252729228287175,0.16967784122194224,0.08772519494487768,0.041587929504606005,0.13625332223122066,0.12786846632303317,0.10028712025012354
520,0.018016554064633983,0.09572465716590484,0.06555031552192184,0.004057786795081766,0.03381711312987405,0.024542628285877555,0.034602451016849,0.056804191629132486
521,0.057015005988951595,0.014066953482118894,0.0518348235727804,0.026956171013713337,0.03594309412626469,0.02345145131456311,0.003417884865861698,0.14972908599093954
522,0.006190871945566001,0.07995563323474053,0.03314640657949128,0.002285560634579187,0.02846526999499937,0.0835706453586178,0.06835506473601327,0.10101110876991024
523,0.17092258559500345,0.03551357891906422,0.17285610681835512,0.01653670341489645,0.004833014695339463,0.033112428188414866,0.05532188299432256,0.15378828860949714
524,0.22306779026985168,0.07557542350094121,0.19088581847388575,0.0025544501210001958,0.0866494385900004,0.22173888137618555,0.20676672985039485,0.1995875436703778
525,0.14676898350059164,0.12159854799677322,0.1108094094833581,0.5533745630545845,0.07600770703011572,0.1358107752338013,0.11176531725657668,0.1418647511637497
526,0.007256075575583165,0.05299005108900237,0.060700806652146555,0.5484001075557945,0.035747351145245354,0.17296030290601383,0.16454917180111422,0.12575444793632518
