,Iter,Valid Score,Test Score,Spearmans Rank,Pearsons Correlation,Model Parms,Formulation_Index,Experimental_Transfection,Predicted_Transfection,Score_difference
0,4,0.09861883739969222,0.09041419787153285,"SpearmanrResult(correlation=0.803968627740539, pvalue=3.351440260918595e-50)","(0.8061020031833459, 1.1763259518407346e-50)","{'splitter': 'best', 'min_samples_split': 2, 'min_samples_leaf': 4, 'max_features': None, 'max_depth': None, 'criterion': 'friedman_mse', 'ccp_alpha': 0}","[ 428  872  329  530  534  264   74  359  446  869  690  228  196  304
  217  778  688  388  882   59  646  992  843  982  455   66  120  936
  684  955  109  884  770  470  989    2  438  803   58  458  782  762
  350 1051  771  100  879  644   28  390  845  322  325    4  903  734
  526  291  854   84   52  847  722  836  124  165  781  270    5  297
  294  523  893  972  662  885  681   86  805  191  194  952  315  156
  802  348  499   62  795  148  202  880  753  670  340  180  649  424
 1048  812  205  379  158  657  469  331  122  441  401  535  479  980
  313  921  430  190    8  466  740  267  198  144  741  860   71  750
  555  874  956  611  129   49   88  328  211  915   82  947  698  850
  131  731  775 1016  550  360  718  302  996  181  240  378  233   29
  408  236  668  239  423   31  862  169 1073  910  256  981  896  387
  878  891  616   11  923  416  571  146  852  797  195  890  788  687
  760  289   93 1028  104  991  377  944  614  207  429  949  244  993
  645  610  942  978  613  930  720  709  866  476  946  200 1062 1035
  541   92 1030  145   46  382]","[[0.75128049]
 [0.52817085]
 [0.63034986]
 [0.36313916]
 [0.70275197]
 [0.80145846]
 [0.51176317]
 [0.77393871]
 [0.47417311]
 [0.56133345]
 [0.48459068]
 [0.86448476]
 [0.08195156]
 [0.74789478]
 [0.64580259]
 [0.31313482]
 [0.53867523]
 [0.31799635]
 [0.47860057]
 [0.24368435]
 [0.52400382]
 [0.72627832]
 [0.47078739]
 [0.66524872]
 [0.89730011]
 [0.75154093]
 [0.1233614 ]
 [0.74060248]
 [0.63824985]
 [0.78131782]
 [0.21876899]
 [0.53806754]
 [0.61689383]
 [0.67089157]
 [0.58451254]
 [0.63963886]
 [0.59666638]
 [0.4747808 ]
 [0.23587117]
 [0.44066325]
 [0.53199062]
 [0.44977863]
 [0.45811268]
 [0.43675666]
 [0.51098186]
 [0.6313048 ]
 [0.41201493]
 [0.81986284]
 [0.71968053]
 [0.23422172]
 [0.58034552]
 [0.56159389]
 [0.51089504]
 [0.68139595]
 [0.64927511]
 [0.53103568]
 [0.49223023]
 [0.85163643]
 [0.43363139]
 [0.98385276]
 [0.41461932]
 [0.41479295]
 [0.45802587]
 [0.55907631]
 [0.28926122]
 [0.5722719 ]
 [0.54614116]
 [0.77550135]
 [0.85467488]
 [0.88905287]
 [0.86127268]
 [0.59571143]
 [0.43146106]
 [0.65604653]
 [0.43293689]
 [0.59553781]
 [0.63816303]
 [0.58147409]
 [0.55803455]
 [0.39612814]
 [0.65786961]
 [0.78288046]
 [0.26547443]
 [0.60057297]
 [0.30393263]
 [0.79546836]
 [0.49188298]
 [0.50151923]
 [0.61038285]
 [0.4734786 ]
 [0.27215904]
 [0.48624013]
 [0.57444223]
 [0.21772723]
 [0.72106954]
 [0.23422172]
 [0.20236132]
 [0.52886535]
 [0.41036548]
 [0.82047053]
 [0.61003559]
 [0.38249848]
 [0.22727667]
 [0.46314784]
 [0.54978731]
 [0.67948607]
 [0.28561507]
 [0.76421564]
 [0.51219724]
 [0.56046532]
 [0.81769251]
 [0.7327893 ]
 [0.53355326]
 [0.89400122]
 [0.7016234 ]
 [0.17892178]
 [0.76430246]
 [0.72237173]
 [0.52547964]
 [0.67401684]
 [0.78400903]
 [0.65839049]
 [0.63052348]
 [0.58303672]
 [0.80441011]
 [0.53216425]
 [0.42937755]
 [0.38180398]
 [0.76221894]
 [0.46870388]
 [0.49188298]
 [0.28561507]
 [0.6737564 ]
 [0.66368608]
 [0.44969181]
 [0.63321469]
 [0.63599271]
 [0.54692248]
 [0.44517753]
 [0.33683479]
 [0.46627311]
 [0.21972393]
 [0.50881153]
 [0.6810487 ]
 [0.33787655]
 [0.82750239]
 [0.24741731]
 [0.4290303 ]
 [0.62852678]
 [0.44526435]
 [0.82021009]
 [0.522528  ]
 [0.85971004]
 [0.77116069]
 [0.79946176]
 [0.8680441 ]
 [0.62279712]
 [0.9032034 ]
 [0.43224238]
 [0.65561247]
 [0.31643372]
 [0.10322077]
 [0.64936192]
 [0.90441879]
 [0.64936192]
 [0.69077177]
 [0.49431374]
 [0.19341957]
 [0.38822814]
 [0.15556906]
 [0.58268947]
 [0.75813873]
 [0.56428509]
 [0.8103134 ]
 [0.54145325]
 [0.27788871]
 [0.37885233]
 [0.69146627]
 [0.58642243]
 [0.19480858]
 [0.76690685]
 [0.393871  ]
 [0.63764216]
 [0.65335533]
 [0.90346384]
 [0.44743467]
 [0.66099488]
 [0.89556385]
 [0.4078479 ]
 [0.63165205]
 [0.55525653]
 [0.7215036 ]
 [0.73166073]
 [0.69528605]
 [0.11389878]
 [0.84078479]
 [0.74034204]
 [0.37208091]
 [0.72949041]
 [0.62418613]
 [0.51714559]
 [0.63581908]
 [0.6147235 ]
 [0.02179009]
 [0.44674017]
 [0.79034638]
 [0.41331713]
 [0.44127094]
 [0.69832451]
 [0.20348989]
 [0.36279191]
 [0.85259137]
 [0.50655439]
 [0.25939752]
 [0.91292647]
 [0.49318517]]","[0.68462251 0.59996527 0.67152097 0.47880892 0.73365744 0.58305843
 0.60221156 0.65997048 0.39638858 0.54390572 0.54390572 0.63640507
 0.38484243 0.38484243 0.73259832 0.37176621 0.5319559  0.30087681
 0.55894609 0.22430767 0.32187039 0.70220939 0.44052683 0.64529618
 0.740032   0.77126197 0.14924907 0.49242122 0.44180918 0.63041931
 0.20437972 0.71839569 0.56550048 0.5829065  0.76089938 0.60221156
 0.55550457 0.31508191 0.27354805 0.5829065  0.57093498 0.48571925
 0.17339055 0.44252973 0.56550048 0.76089938 0.31649883 0.71043493
 0.68219898 0.30087681 0.51759205 0.53532425 0.39515149 0.73068409
 0.49403883 0.57093498 0.60441445 0.79305929 0.44052683 0.64406633
 0.27354805 0.50981856 0.57093498 0.59984374 0.30927164 0.71839569
 0.59896692 0.67152097 0.73068409 0.90869433 0.83297161 0.60441445
 0.42421217 0.67799578 0.39161386 0.71839569 0.66062592 0.60221156
 0.59896692 0.42559498 0.63034986 0.71561271 0.44052683 0.56619498
 0.31508191 0.66684608 0.3652574  0.60221156 0.60586856 0.30927164
 0.42559498 0.59708308 0.54976995 0.32187039 0.60441445 0.42340481
 0.40728982 0.55550457 0.44252973 0.72759499 0.61546141 0.4428683
 0.22360882 0.47972914 0.40728982 0.67853112 0.22360882 0.68462251
 0.71667101 0.60441445 0.75078132 0.70220939 0.44052683 0.78099951
 0.740032   0.42559498 0.7230373  0.78600573 0.54976995 0.63034986
 0.60145846 0.44180918 0.54976995 0.59996527 0.64406633 0.48571925
 0.42319646 0.47243684 0.63661487 0.64406633 0.66062592 0.20437972
 0.76089938 0.38484243 0.42559498 0.49403883 0.64529618 0.60366351
 0.40114159 0.31508191 0.44180918 0.25972741 0.41095581 0.63661487
 0.32187039 0.73365744 0.14749544 0.44052683 0.69802686 0.61546141
 0.84184825 0.30087681 0.71667101 0.68219898 0.63640507 0.90869433
 0.58496831 0.84184825 0.36834795 0.7230373  0.31508191 0.17339055
 0.71561271 0.52676448 0.38484243 0.70220939 0.42421217 0.36834795
 0.40114159 0.17339055 0.55152357 0.431027   0.67799578 0.82496745
 0.51116788 0.22360882 0.31508191 0.66636489 0.63034986 0.17339055
 0.72759499 0.31649883 0.43359419 0.79305929 0.80320712 0.58496831
 0.89026825 0.70220939 0.30087681 0.78099951 0.50349857 0.63034986
 0.68462251 0.66622103 0.38484243 0.70220939 0.71043493 0.32187039
 0.65173481 0.77126197 0.40728982 0.65173481 0.47972914 0.17339055
 0.39515149 0.75078132 0.52676448 0.42559498 0.55894609 0.24742971
 0.28752496 0.80320712 0.46433842 0.22360882 0.52676448 0.55282577]",0.008204639528159377
1,3,0.10227046210019089,0.09341416864675539,"SpearmanrResult(correlation=0.7698221796534748, pvalue=1.311373542382077e-43)","(0.76717282499021, 3.814136880302806e-43)","{'splitter': 'random', 'min_samples_split': 6, 'min_samples_leaf': 2, 'max_features': None, 'max_depth': None, 'criterion': 'squared_error', 'ccp_alpha': 0}","[  92  743  562  377  566  678  463 1027  798  448  629  948  794   69
  184  553  735  547  410  790 1043  385  586 1014  736  366  633  621
  865  319  147  872 1062  666  296    8  198 1005  950  242  357  574
  214  224  565  718  331  882  812 1011   68  918  642  661  835  993
  520  921  252  503  683  597  356  935  165  878  568  398  543  412
  803  227  514  838   61  994  273  213  285  138  854  432  695  585
  142  399  783  816  533  810 1056  511  804  236  286   67  779  877
  955  418  525  485  401   38 1013  782  986  911  324  776   21  890
  857  323  400  822  645 1034  962  594  777  942  883  681  875  997
  491  272  129  336  644  428  413  312 1032  457  316  655   72  814
  389  722   16  144  559  701  668   48  231  100  516  855  183  815
 1010  440  311 1026  984  541  200  172  156  789  481  539  769  313
  530  320  787  745  989  674  251  978  282  233  600  102 1033  716
  375  402  439  306  647  288  194   66  937  972  870  784  926  266
  294  274  240   19   62  602  995  853  707  159  318  474 1050  709
  195  665  287  947  408  756]","[[0.85259137]
 [0.275892  ]
 [0.08195156]
 [0.4078479 ]
 [0.41357757]
 [0.48502474]
 [0.75440576]
 [0.58477298]
 [0.67141245]
 [0.60717076]
 [0.52704228]
 [0.62019273]
 [0.56732355]
 [0.86422433]
 [0.10322077]
 [0.29924473]
 [0.60604219]
 [0.51002691]
 [0.688341  ]
 [0.15556906]
 [0.53867523]
 [0.29403594]
 [0.21251845]
 [0.77046619]
 [0.4098446 ]
 [0.32737217]
 [0.76013543]
 [0.73652227]
 [0.33987325]
 [0.6896432 ]
 [0.30046011]
 [0.52817085]
 [0.69832451]
 [0.48641375]
 [0.86509246]
 [0.76430246]
 [0.78400903]
 [0.93957809]
 [0.58798507]
 [0.61541801]
 [0.66585641]
 [0.24524698]
 [0.21772723]
 [0.85719246]
 [0.43857974]
 [0.24741731]
 [0.67948607]
 [0.47860057]
 [0.82047053]
 [0.65769598]
 [0.76404202]
 [0.72758052]
 [0.74121017]
 [0.29724803]
 [0.74485632]
 [0.84078479]
 [0.54527303]
 [0.89400122]
 [0.79729143]
 [0.51436757]
 [0.45385884]
 [0.43267645]
 [0.6637729 ]
 [0.52061811]
 [0.5722719 ]
 [0.38822814]
 [0.25818213]
 [0.3872732 ]
 [0.3812831 ]
 [0.81968921]
 [0.4747808 ]
 [0.61368174]
 [0.36609081]
 [0.47009289]
 [0.68278496]
 [0.67627398]
 [0.85120236]
 [0.84608039]
 [0.79607605]
 [0.38736001]
 [0.43363139]
 [0.80536505]
 [0.50785658]
 [0.71099922]
 [0.42199844]
 [0.51914229]
 [0.62896085]
 [0.46583905]
 [0.67931244]
 [0.63373557]
 [0.55490928]
 [0.40272593]
 [0.03090546]
 [0.8680441 ]
 [0.7566629 ]
 [0.74094974]
 [0.32442052]
 [0.32389964]
 [0.78131782]
 [0.8640507 ]
 [0.70197066]
 [0.34603698]
 [0.51219724]
 [0.75900686]
 [0.71412449]
 [0.53199062]
 [0.486761  ]
 [0.76082993]
 [0.65196632]
 [0.31738866]
 [0.75657609]
 [0.19480858]
 [0.53485546]
 [0.61446306]
 [0.3415227 ]
 [0.60317736]
 [0.74034204]
 [0.30540846]
 [0.5682785 ]
 [0.41487976]
 [0.30757878]
 [0.72949041]
 [0.55586422]
 [0.63816303]
 [0.58425211]
 [0.57800156]
 [0.49309836]
 [0.76551784]
 [0.49188298]
 [0.67983332]
 [0.81986284]
 [0.75128049]
 [0.76820905]
 [0.7884365 ]
 [0.55473565]
 [0.41331713]
 [0.70700582]
 [0.24064589]
 [0.96067367]
 [0.35098533]
 [0.36366004]
 [0.45802587]
 [0.73860578]
 [0.65839049]
 [0.51020054]
 [0.58442573]
 [0.62279712]
 [0.23083601]
 [0.75214862]
 [0.6313048 ]
 [0.68347947]
 [0.45741818]
 [0.72905634]
 [0.42234569]
 [0.71204098]
 [0.66750586]
 [0.61645976]
 [0.49266429]
 [0.57782794]
 [0.36279191]
 [0.44127094]
 [0.21034812]
 [0.60057297]
 [0.76438927]
 [0.16155916]
 [0.68721243]
 [0.70136297]
 [0.53355326]
 [0.36313916]
 [0.68122233]
 [0.69806407]
 [0.4661863 ]
 [0.58451254]
 [0.45585554]
 [0.58867957]
 [0.62418613]
 [0.79208265]
 [0.85971004]
 [0.48919177]
 [0.69285528]
 [0.283792  ]
 [0.30645021]
 [0.32476777]
 [0.57114333]
 [0.6014411 ]
 [0.37989409]
 [0.75883323]
 [0.80892439]
 [0.65786961]
 [0.75154093]
 [0.48528518]
 [0.65604653]
 [0.47564893]
 [0.71004427]
 [0.34759962]
 [0.62817953]
 [0.86127268]
 [0.55161038]
 [0.82021009]
 [0.67123882]
 [0.50151923]
 [0.55916312]
 [0.688341  ]
 [0.42625228]
 [0.55516972]
 [0.37885233]
 [0.56975432]
 [0.71212779]
 [0.62878722]
 [0.02179009]
 [0.58642243]
 [0.52634777]
 [0.82550569]
 [0.54692248]
 [0.79946176]
 [0.26069971]]","[0.82526695 0.29978731 0.17471135 0.53080997 0.44854154 0.48754232
 0.82165697 0.42677316 0.64302457 0.5445438  0.54070087 0.70767862
 0.55675406 0.81534855 0.17425558 0.31113812 0.6262407  0.39662008
 0.64183089 0.39634517 0.49506612 0.20288219 0.17471135 0.7002778
 0.51181526 0.50742252 0.63654252 0.63654252 0.31742339 0.59121886
 0.17067454 0.541106   0.66252279 0.48754232 0.85455335 0.76331858
 0.69295946 0.75515236 0.55450415 0.56094279 0.720158   0.17471135
 0.52539283 0.82268426 0.31113812 0.31684608 0.45504529 0.45999363
 0.82526695 0.6352982  0.81534855 0.75631565 0.60734439 0.40947565
 0.58265474 0.57337877 0.34985676 0.81760569 0.80400498 0.33692161
 0.52600052 0.54012212 0.720158   0.57939057 0.53531846 0.31742339
 0.31571751 0.3971916  0.46184565 0.25077408 0.45452441 0.64321556
 0.45504529 0.39634517 0.59009752 0.8207599  0.57337877 0.72692074
 0.76022224 0.49530341 0.44025812 0.74371039 0.52600052 0.54012212
 0.51928698 0.3971916  0.62108979 0.39427612 0.62845733 0.70943658
 0.63538502 0.45504529 0.39427612 0.91414185 0.64321556 0.81534855
 0.33963018 0.31742339 0.71641057 0.72844865 0.76201638 0.43932633
 0.64083688 0.50519432 0.84549006 0.55675406 0.6352982  0.76381052
 0.68994704 0.48465579 0.76331858 0.31742339 0.49530341 0.59121886
 0.25077408 0.69433111 0.54012212 0.3653529  0.48709089 0.38618804
 0.48465579 0.66252279 0.47449865 0.63654252 0.39416037 0.6352982
 0.33692161 0.77836618 0.53531846 0.63538502 0.62162514 0.71572185
 0.64083688 0.68994704 0.59527737 0.18695199 0.71088347 0.65830367
 0.72827502 0.39634517 0.64083688 0.55675406 0.67520329 0.51928698
 0.39662008 0.61093266 0.6715282  0.16937234 0.78501606 0.67429898
 0.63538502 0.44025812 0.56094279 0.45452441 0.6352982  0.71572185
 0.59121886 0.46521399 0.74371039 0.31113812 0.45953063 0.3779842
 0.51928698 0.76582169 0.25005643 0.64065168 0.56393784 0.52042278
 0.64183089 0.59121886 0.76582169 0.50332494 0.69395492 0.40947565
 0.71572185 0.75631565 0.66252279 0.64083688 0.67261047 0.67429898
 0.27723761 0.6715282  0.24654918 0.66252279 0.71672888 0.46521399
 0.38475562 0.64321556 0.6355297  0.73857684 0.39821165 0.74371039
 0.49530341 0.64302457 0.55450415 0.60563706 0.79494748 0.8207599
 0.91414185 0.76331858 0.55675406 0.52167723 0.8207599  0.44025812
 0.38475562 0.17067454 0.46521399 0.7002778  0.46521399 0.25253928
 0.67433516 0.55534335 0.64321556 0.70767862 0.78672917 0.29978731]",0.008856293453435499
2,2,0.09796727749322375,0.08354350675588051,"SpearmanrResult(correlation=0.8387599134645657, pvalue=2.0679317378054633e-58)","(0.850631623109245, 1.1340548951214872e-61)","{'splitter': 'best', 'min_samples_split': 6, 'min_samples_leaf': 2, 'max_features': 'auto', 'max_depth': None, 'criterion': 'squared_error', 'ccp_alpha': 0}","[ 434  746  474  127  620  100   50  284  149  517  864  208  475  799
  813  522  886  579  205   42  702  201  711  547  555   79  942  342
  810  322  202  819  975   81  613   61  835  102  405  972  160  683
  816   48  192  275  808  332   28  712  256 1067  553  307  181  630
  878  453  375  889  542  134  109  155  568 1061  182  245  935  120
  355   91  892   35  121   36   82  648  346  726  166  660   95  956
  678  136  263  862  176  191  249  265  831  588  429  440  677  854
   86   66  196  187  685  436 1028  605  419    7  709 1080  817  531
  946 1053  206  538  384  530  992  737  217 1058 1004  105  229  780
  488  157  909  703  487  759  846  608  203  708  772  578  420 1054
  195  572 1066  826  368  311  574  852  404  659  560  790  684   18
   20  674  300  456  960  701  766 1031  861  310  920  821  640  237
  259  350  227  447 1034  373  299  242  371   60   14  260  781  243
  423  510  481   92  396  348  479 1012  721  675  748 1009  364  216
    4  968  600  431  804   63  268  670  473  791  590  689    3  797
 1064   73  930  341  383  959]","[[0.36878201]
 [0.54023787]
 [0.71212779]
 [0.25687994]
 [0.68174321]
 [0.6313048 ]
 [0.24663599]
 [0.84521226]
 [0.44118413]
 [0.13716468]
 [0.45212258]
 [0.09940099]
 [0.7082212 ]
 [0.81725844]
 [0.81309141]
 [0.62826634]
 [0.4098446 ]
 [0.55143676]
 [0.61003559]
 [0.64154875]
 [0.53633128]
 [0.82967271]
 [0.11389878]
 [0.51002691]
 [0.42937755]
 [0.79034638]
 [0.72949041]
 [0.5510895 ]
 [0.63373557]
 [0.56159389]
 [0.27215904]
 [0.58564111]
 [0.54162688]
 [0.88471221]
 [0.51714559]
 [0.68278496]
 [0.74485632]
 [0.69285528]
 [0.81725844]
 [0.65604653]
 [0.30237   ]
 [0.45385884]
 [0.46583905]
 [0.23083601]
 [0.4104523 ]
 [0.77445959]
 [0.66472784]
 [0.67879156]
 [0.71968053]
 [0.        ]
 [0.64936192]
 [0.65873774]
 [0.29924473]
 [0.66064763]
 [0.44526435]
 [0.64128831]
 [0.38822814]
 [0.74485632]
 [0.32476777]
 [0.12032294]
 [0.47399948]
 [0.2367393 ]
 [0.21876899]
 [0.5609862 ]
 [0.25818213]
 [0.5921521 ]
 [0.53398733]
 [0.55716642]
 [0.52061811]
 [0.1233614 ]
 [0.65856411]
 [0.80718812]
 [0.36157653]
 [0.7977255 ]
 [0.23587117]
 [0.16338224]
 [0.63599271]
 [0.6856498 ]
 [0.51514888]
 [0.57270596]
 [0.58572793]
 [0.60170154]
 [0.90138033]
 [0.76221894]
 [0.48502474]
 [0.27380849]
 [0.70882889]
 [0.31643372]
 [0.5629829 ]
 [0.39612814]
 [0.77402552]
 [0.59189166]
 [0.41071274]
 [0.7911277 ]
 [0.73166073]
 [0.66750586]
 [0.54952687]
 [0.43363139]
 [0.58147409]
 [0.75154093]
 [0.08195156]
 [0.22363052]
 [0.38840177]
 [0.47434673]
 [0.44743467]
 [0.58833232]
 [0.84260787]
 [0.74772116]
 [0.02179009]
 [0.74937061]
 [0.6717597 ]
 [0.55030819]
 [0.41331713]
 [0.66290477]
 [0.61498394]
 [0.53936974]
 [0.60309055]
 [0.36313916]
 [0.72627832]
 [0.54666204]
 [0.64580259]
 [0.3189513 ]
 [0.90085945]
 [0.76265301]
 [0.78626617]
 [0.20583384]
 [0.44717423]
 [0.21251845]
 [0.96510114]
 [0.58529386]
 [0.38362705]
 [0.58130046]
 [0.52148624]
 [0.67818387]
 [0.50803021]
 [0.66984981]
 [0.45368522]
 [0.53954336]
 [0.81474086]
 [0.38301936]
 [0.58642243]
 [0.58008508]
 [0.70778713]
 [0.4887577 ]
 [0.33683479]
 [0.61645976]
 [0.24524698]
 [0.37885233]
 [0.77819255]
 [0.51454119]
 [0.43285007]
 [0.15556906]
 [0.63824985]
 [0.73686952]
 [0.71455856]
 [0.45585554]
 [0.81074746]
 [0.74277281]
 [0.61246636]
 [0.58442573]
 [0.28136123]
 [0.51428075]
 [0.64962236]
 [0.46028301]
 [0.87906936]
 [0.70761351]
 [0.51089504]
 [0.92898689]
 [0.78591892]
 [0.45811268]
 [0.61368174]
 [0.44378852]
 [0.30540846]
 [0.33961281]
 [0.82272767]
 [0.61541801]
 [0.50117198]
 [0.25878983]
 [0.54457852]
 [0.72072228]
 [0.54614116]
 [0.65040368]
 [0.43224238]
 [0.44665336]
 [0.16155916]
 [0.85259137]
 [0.67818387]
 [0.79546836]
 [0.81769251]
 [0.77472003]
 [0.46835663]
 [0.41661603]
 [0.51714559]
 [0.74450907]
 [0.20348989]
 [0.8819342 ]
 [0.68139595]
 [0.66707179]
 [0.48919177]
 [0.67540585]
 [0.03090546]
 [0.60065978]
 [0.62974217]
 [0.21772723]
 [0.8123101 ]
 [0.42416876]
 [0.3958677 ]
 [0.55933675]
 [0.63642677]
 [0.69146627]
 [0.72836184]
 [0.64866742]
 [0.63581908]
 [0.61915097]
 [0.6524872 ]
 [0.7082212 ]]","[0.41088636 0.57717684 0.87542321 0.29677055 0.72567063 0.75185925
 0.21412449 0.81016871 0.46896432 0.07405157 0.47998958 0.21735104
 0.77131261 0.69070666 0.83375293 0.72853546 0.35365917 0.41916833
 0.623318   0.78820499 0.43640941 0.69749978 0.10142663 0.52171195
 0.334187   0.69070666 0.80638944 0.72853546 0.63245073 0.71484793
 0.36118587 0.66772289 0.58789826 0.73473392 0.33240733 0.5311659
 0.5607547  0.7831843  0.70982724 0.63231762 0.3740125  0.53238128
 0.4416182  0.12765865 0.69749978 0.59119715 0.67013919 0.58604624
 0.69608473 0.19638858 0.41664496 0.67171629 0.35361866 0.71484793
 0.623318   0.62839656 0.4458894  0.84356281 0.334187   0.22576613
 0.41163295 0.23380936 0.21412449 0.53238128 0.37095234 0.61298724
 0.64560002 0.65859884 0.52906068 0.14924907 0.68958532 0.83375293
 0.5607547  0.62849206 0.23380936 0.12765865 0.55748474 0.67983332
 0.67627398 0.54266863 0.43384842 0.49950517 0.74393032 0.69664033
 0.43640941 0.3740125  0.59119715 0.35365917 0.35765257 0.4681613
 0.78949996 0.623318   0.59583297 0.61391324 0.76074312 0.76074312
 0.46896432 0.4458894  0.57717684 0.7831843  0.21735104 0.36118587
 0.36772289 0.41664496 0.53285876 0.52914315 0.81945047 0.69608473
 0.22576613 0.62052261 0.5327893  0.46093411 0.52906068 0.67149926
 0.64560002 0.56675059 0.38709957 0.46093411 0.91898168 0.423713
 0.67332234 0.31083427 0.91898168 0.72303151 0.67332234 0.31877767
 0.50216165 0.28877507 0.80638944 0.57727233 0.38690859 0.66772289
 0.54489684 0.72567063 0.4681613  0.67171629 0.5607547  0.41916833
 0.81945047 0.45420609 0.68801545 0.52691206 0.45420609 0.32745898
 0.38709957 0.70434355 0.15057731 0.31186156 0.70982724 0.41836965
 0.52691206 0.32745898 0.6034378  0.74355413 0.74355413 0.4458894
 0.86433284 0.84356281 0.62527129 0.46896432 0.15057731 0.51433863
 0.61791822 0.71484793 0.62604393 0.63245073 0.71981075 0.89257748
 0.60187516 0.22576613 0.85930492 0.41088636 0.31083427 0.37746332
 0.86433284 0.64560002 0.38709957 0.22128657 0.55097375 0.78949996
 0.5327893  0.68801545 0.41088636 0.37568365 0.07405157 0.83375293
 0.50820384 0.80305003 0.77131261 0.73596666 0.5327893  0.40087392
 0.423713   0.65637642 0.21735104 0.8216425  0.69608473 0.79550308
 0.42377811 0.76074312 0.4416182  0.63929161 0.41664496 0.35365917
 0.87542321 0.4416182  0.41916833 0.46896432 0.59314177 0.63245073
 0.53285876 0.5311659  0.80638944 0.63969673 0.38709957 0.62527129]",0.01442377073734323
3,5,0.10740917917150301,0.08954006745698732,"SpearmanrResult(correlation=0.7541592627899567, pvalue=5.923773258448737e-41)","(0.7515661239458388, 1.55926463136315e-40)","{'splitter': 'best', 'min_samples_split': 2, 'min_samples_leaf': 2, 'max_features': 'auto', 'max_depth': None, 'criterion': 'squared_error', 'ccp_alpha': 0}","[ 859  736  965  629  304  988  355  881  920  646  116  491  164  337
  898 1000   67  870   59  226  162  412  944 1019  816  869  951  320
 1029   77 1043  589  905  237  842  284  619  403  895  660  856  180
  276  377  380  717  482 1026  621   64 1038  616  332  189  695  490
  923  286  212  111  301  865  261   73   34  464  926   99   93  326
   60  353  524  863  888 1073  239  602  539  902  341  179  595  396
  828  812  858  942  487  222  148  402  932  113  948  382  894  784
 1001  287  597  306  735  935  165  153  669  650  802  701  406  480
  722  763   89   48  683  577  878  225  896  892  346  679  558  642
  576  569  678  972  381  134  280  886  618  805  155   41  575  526
  751  644  271  567  238 1072  410  980  518  705  685   18  617  254
  192  752  125  399  854  405  657  841  840  483  154  666  248   90
  596  354  216  338   31  163  764  438  158  800  852  103  992  583
 1034  371  673 1027   71  847   36  331   76  456  729  861  139 1054
  535  792  799  779  732 1068  428  105  719  203  699  684  245   56
  386  830   75  571  662  702]","[[0.4953555 ]
 [0.4098446 ]
 [0.71429812]
 [0.52704228]
 [0.74789478]
 [0.79373209]
 [0.65856411]
 [0.52287525]
 [0.87906936]
 [0.52400382]
 [0.24524698]
 [0.49309836]
 [0.65604653]
 [0.56428509]
 [0.38770727]
 [0.84998698]
 [0.74094974]
 [0.47564893]
 [0.24368435]
 [0.40671933]
 [0.42234569]
 [0.81968921]
 [0.63165205]
 [0.61211911]
 [0.46583905]
 [0.56133345]
 [0.62887403]
 [0.68122233]
 [0.64250369]
 [0.74181787]
 [0.53867523]
 [0.12917788]
 [0.57183783]
 [0.92898689]
 [0.45481379]
 [0.84521226]
 [0.65986631]
 [0.74659259]
 [0.48797639]
 [0.60170154]
 [0.49422693]
 [0.23422172]
 [0.17735915]
 [0.4078479 ]
 [0.50186648]
 [0.44665336]
 [0.20470527]
 [0.49266429]
 [0.73652227]
 [0.66559597]
 [0.45038632]
 [0.58268947]
 [0.67879156]
 [0.81534855]
 [0.50785658]
 [0.28283705]
 [0.56428509]
 [0.7566629 ]
 [0.43779842]
 [0.07700321]
 [0.55265214]
 [0.33987325]
 [0.83653095]
 [0.64866742]
 [0.7235003 ]
 [0.67401684]
 [0.34759962]
 [0.60161472]
 [0.90346384]
 [0.4025523 ]
 [0.25878983]
 [0.62253668]
 [0.66490147]
 [0.4476083 ]
 [0.46479729]
 [0.64936192]
 [0.9032034 ]
 [0.55916312]
 [0.68721243]
 [0.57687299]
 [0.61915097]
 [0.44370171]
 [0.13456029]
 [0.67818387]
 [0.38892265]
 [0.82047053]
 [0.51948954]
 [0.72949041]
 [0.38362705]
 [0.68148277]
 [0.4734786 ]
 [0.57114333]
 [0.59102353]
 [0.11389878]
 [0.62019273]
 [0.49318517]
 [0.39091935]
 [0.71004427]
 [0.78079694]
 [0.82550569]
 [0.43267645]
 [0.37989409]
 [0.60604219]
 [0.52061811]
 [0.5722719 ]
 [0.62783228]
 [0.6398993 ]
 [0.31348207]
 [0.30393263]
 [0.58442573]
 [0.76048268]
 [0.83765952]
 [0.45802587]
 [0.48719507]
 [0.75518708]
 [0.23083601]
 [0.45385884]
 [0.49309836]
 [0.38822814]
 [0.85623752]
 [0.49431374]
 [0.36157653]
 [0.51514888]
 [0.5265214 ]
 [0.29403594]
 [0.74121017]
 [0.65656741]
 [0.23587117]
 [0.48502474]
 [0.65604653]
 [0.30540846]
 [0.2367393 ]
 [0.79781231]
 [0.4098446 ]
 [0.62166855]
 [0.55803455]
 [0.5609862 ]
 [0.68443441]
 [0.56376422]
 [0.49223023]
 [0.54961368]
 [0.81986284]
 [0.75735741]
 [0.46236652]
 [0.87759354]
 [0.65483115]
 [0.688341  ]
 [0.7327893 ]
 [0.24811182]
 [0.71056515]
 [0.38840177]
 [0.73686952]
 [0.48042365]
 [0.65075093]
 [0.4104523 ]
 [0.52834447]
 [0.522528  ]
 [0.51914229]
 [0.43363139]
 [0.81725844]
 [0.46314784]
 [0.39517319]
 [0.35228752]
 [0.25227884]
 [0.44569841]
 [0.48641375]
 [0.70474868]
 [0.80423648]
 [0.367393  ]
 [0.75431895]
 [0.8819342 ]
 [0.47339179]
 [0.65561247]
 [0.39308968]
 [0.57331366]
 [0.59666638]
 [0.22727667]
 [0.70379373]
 [0.37885233]
 [0.84825072]
 [0.72627832]
 [0.51384669]
 [0.30540846]
 [0.50117198]
 [0.38006771]
 [0.58477298]
 [0.80441011]
 [0.41479295]
 [0.16338224]
 [0.67948607]
 [0.67861794]
 [0.74277281]
 [0.59640594]
 [0.64962236]
 [0.30124143]
 [0.38301936]
 [0.56046532]
 [0.4416182 ]
 [0.81725844]
 [0.32442052]
 [0.26486674]
 [0.66524872]
 [0.75128049]
 [0.76265301]
 [0.39699627]
 [0.50803021]
 [0.40046879]
 [0.63824985]
 [0.55716642]
 [0.2254536 ]
 [0.45585554]
 [0.58703012]
 [0.65222676]
 [0.54145325]
 [0.43293689]
 [0.53633128]]","[0.52533495 0.50099835 0.5355789  0.55443181 0.68534595 0.56824956
 0.57999826 0.55760049 0.71733657 0.45255665 0.12626964 0.46962989
 0.73322337 0.45598576 0.63347513 0.77011893 0.53164337 0.50004341
 0.21243163 0.82936887 0.44242845 0.28573082 0.86624996 0.71716295
 0.50872472 0.55760049 0.65257401 0.63775791 0.63916139 0.59705704
 0.5325115  0.32346558 0.62019273 0.85444338 0.43843505 0.7354371
 0.6233614  0.72798565 0.63347513 0.56463235 0.52533495 0.37255838
 0.84864138 0.39330671 0.39330671 0.348352   0.27803339 0.37568365
 0.74624533 0.53164337 0.37568365 0.52778019 0.53520271 0.71642504
 0.55512631 0.37854849 0.71733657 0.82936887 0.54483896 0.2645629
 0.49023353 0.49023353 0.79092514 0.65396302 0.45264346 0.76152444
 0.47690772 0.65127181 0.87446827 0.43843505 0.21243163 0.68828313
 0.68249559 0.38417687 0.38617357 0.68828313 0.81789507 0.53769135
 0.73361403 0.47690772 0.57860925 0.46410279 0.24035651 0.37472871
 0.46970223 0.79420957 0.50004341 0.72588766 0.34942269 0.79407935
 0.30102439 0.72588766 0.71733657 0.12626964 0.68455016 0.41875742
 0.44391874 0.53164337 0.53965911 0.7354371  0.47308794 0.62370866
 0.56649883 0.71733657 0.73322337 0.65662529 0.67011025 0.38623144
 0.47449142 0.65514946 0.76297132 0.82501375 0.57175102 0.45950169
 0.87698585 0.12765865 0.55512631 0.32346558 0.21301039 0.79407935
 0.44391874 0.63347513 0.66824377 0.51367306 0.28489163 0.71299592
 0.70567468 0.53407414 0.58700119 0.8375293  0.56280927 0.21963712
 0.77011893 0.52105217 0.58700119 0.56081257 0.60337992 0.88189079
 0.53407414 0.66824377 0.50099835 0.72862228 0.79856469 0.40533032
 0.89900744 0.54883236 0.67233846 0.63622421 0.27803339 0.65514946
 0.17883497 0.67155714 0.55443181 0.6379026  0.71642504 0.59271638
 0.48001852 0.46149839 0.43843505 0.78079694 0.47308794 0.49023353
 0.46970223 0.34852562 0.36313916 0.58700119 0.63204271 0.73550945
 0.43467315 0.68828313 0.84864138 0.45598576 0.66756374 0.44404896
 0.59271638 0.59184825 0.24993489 0.79420957 0.26816564 0.50177967
 0.79182221 0.51011373 0.31353995 0.35793038 0.28995573 0.34942269
 0.75123709 0.52533495 0.12765865 0.67514541 0.71316955 0.74100761
 0.61796452 0.61006453 0.30102439 0.45420609 0.57999826 0.26816564
 0.67196227 0.45641983 0.26816564 0.77700611 0.63204271 0.87446827
 0.56463235 0.59692682 0.25388489 0.6390601  0.60643285 0.21243163
 0.40198802 0.62705096 0.61417368 0.51011373 0.45027057 0.65514946]",0.01786911171451569
4,1,0.10048751638526925,0.07996044616799819,"SpearmanrResult(correlation=0.7967772030535933, pvalue=1.0415302107599482e-48)","(0.7848545862341254, 2.3122234377216294e-46)","{'splitter': 'best', 'min_samples_split': 6, 'min_samples_leaf': 4, 'max_features': None, 'max_depth': None, 'criterion': 'friedman_mse', 'ccp_alpha': 0}","[ 905  935  693  536  679  962 1080  240  492  467  859  603  504 1015
  642  524  353  494  463  531  906 1035  248  782   32   28  437  317
  816  945  215 1037  225  627  879  647  123   15  793  459  407  413
  142  802  205  860  593  273  662  709  631  433  458  268  857  684
   19    2  443  440  193  295  409  436  799  884  250  381  387 1033
 1013  982   76  855  104  332  197  379  734  488 1053  835 1056   16
  670  997 1007  930  428  472  686  176  976  824  643  704  741  426
   46  483  316  898  615  357  479   98  109  934  299  487 1000   56
   86  486  722  547 1030  383  651  482  359  232  834  502  296  143
  787  432   78  636  184  616  826  265  606  404  805  837 1046  203
  254  484  201  321    6  367  668    3  677   83  558 1005  871  737
  597  271  313  701  681  252 1067  848  514  777  360  320  870  842
  659  581  774  863  655  894  496  241   66 1018  363  583  956  639
  858  683  672  554  791 1049  189  919  868  279   61 1051  886  993
  875 1054  343  980 1075  784  550  312  790  362  744  444  577    9
  927  914  102  916  454  788]","[[0.57183783]
 [0.52061811]
 [0.70205747]
 [0.64701797]
 [0.5265214 ]
 [0.5682785 ]
 [0.74937061]
 [0.82021009]
 [0.72167723]
 [0.7632607 ]
 [0.4953555 ]
 [0.52938623]
 [0.65821686]
 [0.75674972]
 [0.74121017]
 [0.66490147]
 [0.62253668]
 [0.2334404 ]
 [0.75440576]
 [0.55030819]
 [0.83340568]
 [0.20348989]
 [0.70474868]
 [0.53199062]
 [0.70153659]
 [0.71968053]
 [0.50716208]
 [0.61194548]
 [0.46583905]
 [0.75831235]
 [0.55187082]
 [0.48945221]
 [0.85623752]
 [0.44986544]
 [0.41201493]
 [0.75883323]
 [0.21034812]
 [0.6054345 ]
 [0.57548398]
 [0.55655873]
 [0.76473652]
 [0.76820905]
 [0.42199844]
 [0.30393263]
 [0.61003559]
 [0.58303672]
 [0.47208959]
 [0.85120236]
 [0.43293689]
 [0.02179009]
 [0.62574876]
 [0.31799635]
 [0.44066325]
 [0.62974217]
 [0.53485546]
 [0.63824985]
 [0.67123882]
 [0.63963886]
 [0.76890355]
 [0.66750586]
 [0.61706745]
 [0.8939144 ]
 [0.60161472]
 [0.47434673]
 [0.81725844]
 [0.53806754]
 [0.54535984]
 [0.30540846]
 [0.19341957]
 [0.283792  ]
 [0.71412449]
 [0.66524872]
 [0.67861794]
 [0.45741818]
 [0.66099488]
 [0.67879156]
 [0.58520705]
 [0.38249848]
 [0.53103568]
 [0.44717423]
 [0.66290477]
 [0.74485632]
 [0.55490928]
 [0.73860578]
 [0.21772723]
 [0.57800156]
 [0.74954423]
 [0.63581908]
 [0.75128049]
 [0.8481639 ]
 [0.44977863]
 [0.5629829 ]
 [0.62323118]
 [0.68660474]
 [0.72662558]
 [0.74042886]
 [0.63052348]
 [0.55612466]
 [0.91292647]
 [0.25227884]
 [0.70700582]
 [0.38770727]
 [0.46592586]
 [0.66585641]
 [0.81769251]
 [0.61454987]
 [0.21876899]
 [0.49717857]
 [0.82272767]
 [0.38362705]
 [0.84998698]
 [0.2254536 ]
 [0.58147409]
 [0.37659519]
 [0.45802587]
 [0.51002691]
 [0.50655439]
 [0.6524872 ]
 [0.35862488]
 [0.20470527]
 [0.77393871]
 [0.25019533]
 [0.47981596]
 [0.39100616]
 [0.86509246]
 [0.55117632]
 [0.69806407]
 [0.80536505]
 [0.76213213]
 [0.65378939]
 [0.10322077]
 [0.58268947]
 [0.4887577 ]
 [0.59189166]
 [0.63512458]
 [0.77819255]
 [0.55803455]
 [0.5702752 ]
 [0.25358104]
 [0.50803021]
 [0.65075093]
 [0.35706224]
 [0.82967271]
 [0.67219377]
 [0.71672888]
 [0.51679833]
 [0.62279712]
 [0.63642677]
 [0.54952687]
 [0.42312701]
 [0.29403594]
 [0.93957809]
 [0.49986978]
 [0.54666204]
 [0.43267645]
 [0.75735741]
 [0.53355326]
 [0.58442573]
 [0.63816303]
 [0.79729143]
 [0.65873774]
 [0.54579391]
 [0.36609081]
 [0.30757878]
 [0.82750239]
 [0.68122233]
 [0.47564893]
 [0.45481379]
 [0.51454119]
 [0.62470701]
 [0.48372255]
 [0.4476083 ]
 [0.24064589]
 [0.39091935]
 [0.35723587]
 [0.61411581]
 [0.75154093]
 [0.64120149]
 [0.29967879]
 [0.51384669]
 [0.76221894]
 [0.50117198]
 [0.51948954]
 [0.45385884]
 [0.59805539]
 [0.38475562]
 [0.42416876]
 [0.51184999]
 [0.81534855]
 [0.68148277]
 [0.55134994]
 [0.76612553]
 [0.68278496]
 [0.43675666]
 [0.4098446 ]
 [0.84078479]
 [0.58425211]
 [0.38301936]
 [0.74077611]
 [0.7327893 ]
 [0.57383453]
 [0.71004427]
 [0.33787655]
 [0.7884365 ]
 [0.15556906]
 [0.4078479 ]
 [0.32146888]
 [0.71395086]
 [0.49309836]
 [0.82767601]
 [0.54978731]
 [0.51705877]
 [0.69285528]
 [0.33396996]
 [0.79052001]
 [0.76690685]]","[0.62519316 0.65101137 0.69477757 0.7142113  0.57869607 0.43669155
 0.65290886 0.86512718 0.63050178 0.76301473 0.41147958 0.52554475
 0.63050178 0.74097144 0.59286107 0.7142113  0.64534682 0.29561594
 0.77440998 0.44137512 0.80480696 0.24662152 0.77419915 0.53129612
 0.76489775 0.67969442 0.57723761 0.41242729 0.44329658 0.61709639
 0.4701797  0.41242729 0.80158248 0.52554475 0.42374917 0.50536794
 0.24524698 0.63471945 0.57633475 0.52779466 0.81021211 0.74125358
 0.28509419 0.28895117 0.59063907 0.60159736 0.37430084 0.77419915
 0.43392656 0.20421695 0.57869607 0.4384582  0.52779466 0.4748242
 0.53292821 0.69477757 0.75123089 0.53129612 0.69359319 0.75763955
 0.59063907 0.89250369 0.23413491 0.4748242  0.68499002 0.60159736
 0.61435454 0.44000347 0.40148884 0.14702417 0.74125358 0.73693153
 0.67969442 0.42374917 0.81455277 0.58833232 0.4701797  0.48828023
 0.53129612 0.50009301 0.58514194 0.44006796 0.58514194 0.67969442
 0.41876155 0.58503342 0.76164598 0.80480696 0.75763955 0.78420002
 0.43392656 0.35765257 0.73693153 0.76897589 0.57869607 0.68793587
 0.58669527 0.66087334 0.4447261  0.24662152 0.62607431 0.47291432
 0.52554475 0.69554649 0.76301473 0.60079    0.22062679 0.59289001
 0.88347513 0.37817953 0.77440998 0.22795382 0.60079    0.45349423
 0.53129612 0.29713951 0.43039037 0.53737304 0.45381544 0.29561594
 0.64534682 0.89250369 0.46711644 0.37817953 0.88347513 0.63109397
 0.68499002 0.69359319 0.73289348 0.69477757 0.18673496 0.54543425
 0.28895117 0.59063907 0.59286107 0.81021211 0.57633475 0.46711644
 0.29561594 0.4701797  0.59063907 0.37817953 0.70147458 0.65307318
 0.72465781 0.48828023 0.68793587 0.63471945 0.51300749 0.81455277
 0.35797378 0.76164598 0.41147958 0.47851376 0.50041236 0.69488671
 0.48176305 0.51300749 0.69477757 0.69359319 0.76164598 0.60159736
 0.37817953 0.46711644 0.69554649 0.58833232 0.53292821 0.43392656
 0.37430084 0.35797378 0.46711644 0.30599444 0.14834187 0.46711644
 0.37817953 0.59063907 0.73289348 0.74097144 0.40148884 0.33054953
 0.61709639 0.45381544 0.53292821 0.50536794 0.69477757 0.50302978
 0.30599444 0.55187082 0.70147458 0.59289001 0.41147958 0.77731202
 0.57633475 0.43039037 0.47291432 0.69391874 0.44329658 0.43039037
 0.64358885 0.70745724 0.64358885 0.68499002 0.29713951 0.65307318
 0.28895117 0.40965362 0.31367306 0.69359319 0.30744856 0.72465781
 0.52554475 0.43669155 0.73289348 0.59289001 0.61435454 0.76897589]",0.020527070217271057
