P_charged_centers,N_charged_centers,cLogP,Hbond_D,Hbond_A,Double_bonds,18PG,DOPE,Size,PDI,Zeta,NP_ratio,PEG_(Chol+PEG),(IL+HL),HL_(IL+HL)
0,1,8.8188,3,10,2,1,0,440.1666667,0.292666667,-7.193333333,4,0.199600798,20,0.497512438
0,1,8.8188,3,10,2,1,0,320.9666667,0.187666667,-5.036666667,8,0.199600798,20,0.497512438
0,1,8.8188,3,10,2,1,0,205.6333333,0.408666667,-0.522666667,12,0.199600798,20,0.497512438
0,1,8.8188,3,10,2,1,0,236.0666667,0.359666667,-4.42,4,0.199600798,40,0.497512438
0,1,8.8188,3,10,2,1,0,188.6,0.308666667,-3.686666667,8,0.199600798,40,0.497512438
0,1,8.8188,3,10,2,1,0,248.3,0.374333333,-2.553333333,12,0.199600798,40,0.497512438
0,1,8.8188,3,10,2,1,0,221.0666667,0.257,-1.06,4,0.199600798,60,0.497512438
0,1,8.8188,3,10,2,1,0,206.6333333,0.367333333,1.177333333,8,0.199600798,60,0.497512438
0,1,8.8188,3,10,2,1,0,239.3,0.301,-0.068333333,12,0.199600798,60,0.497512438
0,1,8.8188,3,10,2,1,0,228.7,0.5935,-24.26666667,4,0.199600798,80,0.497512438
0,1,8.8188,3,10,2,1,0,195.4666667,0.445,-14.43333333,8,0.199600798,80,0.497512438
0,1,8.8188,3,10,2,1,0,211.95,0.466166667,-1.853333333,12,0.199600798,80,0.497512438
0,1,8.8188,3,10,2,1,0,395.5333333,0.062333333,-9.85,4,0.199600798,20,0.99009901
0,1,8.8188,3,10,2,1,0,412.0666667,0.177666667,-4.376666667,8,0.199600798,20,0.99009901
0,1,8.8188,3,10,2,1,0,288.7666667,0.699333333,-1.413,12,0.199600798,20,0.99009901
0,1,8.8188,3,10,2,1,0,218.7666667,0.298,-4.306666667,4,0.199600798,40,0.99009901
0,1,8.8188,3,10,2,1,0,221.7666667,0.319666667,-1.85,8,0.199600798,40,0.99009901
0,1,8.8188,3,10,2,1,0,491.3333333,0.671,-4.253333333,12,0.199600798,40,0.99009901
0,1,8.8188,3,10,2,1,0,227.4,0.285666667,0.728366667,4,0.199600798,60,0.99009901
0,1,8.8188,3,10,2,1,0,217.1,0.286333333,-0.417,8,0.199600798,60,0.99009901
0,1,8.8188,3,10,2,1,0,241.5666667,0.296333333,-2.663333333,12,0.199600798,60,0.99009901
0,1,8.8188,3,10,2,1,0,188.8333333,0.565833333,-25.4,4,0.199600798,80,0.99009901
0,1,8.8188,3,10,2,1,0,184.6,0.429666667,-17.4,8,0.199600798,80,0.99009901
0,1,8.8188,3,10,2,1,0,285.2666667,0.270666667,-8.583333333,12,0.199600798,80,0.99009901
0,1,8.8188,3,10,2,1,0,431.4,0.301666667,-6.4,4,0.199600798,20,1.960784314
0,1,8.8188,3,10,2,1,0,265.1333333,0.512666667,-3.806666667,8,0.199600798,20,1.960784314
0,1,8.8188,3,10,2,1,0,1283.4,0.621666667,-1.361666667,12,0.199600798,20,1.960784314
0,1,8.8188,3,10,2,1,0,281.9333333,0.463333333,-5.183333333,4,0.199600798,40,1.960784314
0,1,8.8188,3,10,2,1,0,247.4666667,0.442333333,-2.506666667,8,0.199600798,40,1.960784314
0,1,8.8188,3,10,2,1,0,230.4,0.252,-2.166666667,12,0.199600798,40,1.960784314
0,1,8.8188,3,10,2,1,0,215.5666667,0.283333333,0.091,4,0.199600798,60,1.960784314
0,1,8.8188,3,10,2,1,0,221.9666667,0.240333333,-0.125666667,8,0.199600798,60,1.960784314
0,1,8.8188,3,10,2,1,0,234.9333333,0.281333333,0.407333333,12,0.199600798,60,1.960784314
0,1,8.8188,3,10,2,1,0,172.3666667,0.537333333,-25.33333333,4,0.199600798,80,1.960784314
0,1,8.8188,3,10,2,1,0,163.9833333,0.436166667,-6.63,8,0.199600798,80,1.960784314
0,1,8.8188,3,10,2,1,0,247.1,0.323,-11.83333333,12,0.199600798,80,1.960784314
0,1,8.8188,3,10,2,1,0,303.8,0.320333333,-4.81,4,0.199600798,20,9.090909091
0,1,8.8188,3,10,2,1,0,462.6666667,0.568333333,-3.45,8,0.199600798,20,9.090909091
0,1,8.8188,3,10,2,1,0,947.7666667,0.293,-0.677333333,12,0.199600798,20,9.090909091
0,1,8.8188,3,10,2,1,0,242.8,0.251,1.363333333,4,0.199600798,40,9.090909091
0,1,8.8188,3,10,2,1,0,182.1,0.263,-1.420666667,8,0.199600798,40,9.090909091
0,1,8.8188,3,10,2,1,0,252.6333333,0.273666667,-2.366666667,12,0.199600798,40,9.090909091
0,1,8.8188,3,10,2,1,0,242.8,0.252666667,-1.566666667,4,0.199600798,60,9.090909091
0,1,8.8188,3,10,2,1,0,202.9666667,0.257333333,-2.063333333,8,0.199600798,60,9.090909091
0,1,8.8188,3,10,2,1,0,142.2666667,0.268333333,-0.186,12,0.199600798,60,9.090909091
0,1,8.8188,3,10,2,1,0,154.0833333,0.3755,-22.66666667,4,0.199600798,80,9.090909091
0,1,8.8188,3,10,2,1,0,172.25,0.288833333,-0.437,8,0.199600798,80,9.090909091
0,1,8.8188,3,10,2,1,0,175.9333333,0.234333333,-2.24,12,0.199600798,80,9.090909091
0,1,8.8188,3,10,2,1,0,1859.333333,0.579,-19.73333333,4,0.199600798,20,50.0
0,1,8.8188,3,10,2,1,0,487.5,0.492333333,-3.413333333,8,0.199600798,20,50.0
0,1,8.8188,3,10,2,1,0,1049.966667,0.215333333,-2.423333333,12,0.199600798,20,50.0
0,1,8.8188,3,10,2,1,0,370.2333333,0.760333333,-25.56666667,4,0.199600798,40,50.0
0,1,8.8188,3,10,2,1,0,1164.833333,0.693666667,-15.7,8,0.199600798,40,50.0
0,1,8.8188,3,10,2,1,0,1153.333333,0.461,-4.87,12,0.199600798,40,50.0
0,1,8.8188,3,10,2,1,0,1720.666667,0.716333333,-28.26666667,4,0.199600798,60,50.0
0,1,8.8188,3,10,2,1,0,214.1666667,0.147333333,-17.83333333,8,0.199600798,60,50.0
0,1,8.8188,3,10,2,1,0,1034.266667,0.683333333,-5.81,12,0.199600798,60,50.0
0,1,8.8188,3,10,2,1,0,476.1166667,0.131333333,-6.776666667,4,0.199600798,80,50.0
0,1,8.8188,3,10,2,1,0,418.8333333,0.151833333,-5.44,8,0.199600798,80,50.0
0,1,8.8188,3,10,2,1,0,268.4333333,0.102,-4.47,12,0.199600798,80,50.0
0,1,8.8188,3,10,2,1,0,514.5666667,0.964,-1.836666667,4,0.99009901,20,0.497512438
0,1,8.8188,3,10,2,1,0,209.0,0.518,-1.497333333,8,0.99009901,20,0.497512438
0,1,8.8188,3,10,2,1,0,296.5333333,0.349333333,-1.007333333,12,0.99009901,20,0.497512438
0,1,8.8188,3,10,2,1,0,75.20666667,0.609333333,-1.843333333,4,0.99009901,40,0.497512438
0,1,8.8188,3,10,2,1,0,210.5666667,0.548,-0.593366667,8,0.99009901,40,0.497512438
0,1,8.8188,3,10,2,1,0,184.1666667,0.46,-7.61,12,0.99009901,40,0.497512438
0,1,8.8188,3,10,2,1,0,133.6666667,0.504666667,-4.72,4,0.99009901,60,0.497512438
0,1,8.8188,3,10,2,1,0,145.6666667,0.482666667,-3.62,8,0.99009901,60,0.497512438
0,1,8.8188,3,10,2,1,0,164.5333333,0.325666667,-4.233333333,12,0.99009901,60,0.497512438
0,1,8.8188,3,10,2,1,0,415.6,0.144666667,-2.0,4,0.99009901,80,0.497512438
0,1,8.8188,3,10,2,1,0,420.6,0.213666667,-2.613333333,8,0.99009901,80,0.497512438
0,1,8.8188,3,10,2,1,0,725.6666667,0.112,-0.015666667,12,0.99009901,80,0.497512438
0,1,8.8188,3,10,2,1,0,613.1333333,0.699333333,-2.063333333,4,0.99009901,20,0.99009901
0,1,8.8188,3,10,2,1,0,187.7333333,0.447,-1.543333333,8,0.99009901,20,0.99009901
0,1,8.8188,3,10,2,1,0,99.15666667,0.669666667,-1.906666667,12,0.99009901,20,0.99009901
0,1,8.8188,3,10,2,1,0,118.2,0.441,-1.441,4,0.99009901,40,0.99009901
0,1,8.8188,3,10,2,1,0,170.9666667,0.641666667,-1.497333333,8,0.99009901,40,0.99009901
0,1,8.8188,3,10,2,1,0,215.6333333,0.624,-4.113333333,12,0.99009901,40,0.99009901
0,1,8.8188,3,10,2,1,0,182.2,0.565,-3.46,4,0.99009901,60,0.99009901
0,1,8.8188,3,10,2,1,0,207.7333333,0.412333333,-5.52,8,0.99009901,60,0.99009901
0,1,8.8188,3,10,2,1,0,348.7,0.722666667,-2.886666667,12,0.99009901,60,0.99009901
0,1,8.8188,3,10,2,1,0,379.2666667,0.080666667,-2.153333333,4,0.99009901,80,0.99009901
0,1,8.8188,3,10,2,1,0,430.7333333,0.114666667,-1.356666667,8,0.99009901,80,0.99009901
0,1,8.8188,3,10,2,1,0,255.0166667,0.3485,0.867666667,12,0.99009901,80,0.99009901
0,1,8.8188,3,10,2,1,0,738.2666667,0.887666667,-1.916666667,4,0.99009901,20,1.960784314
0,1,8.8188,3,10,2,1,0,190.2,0.453,-0.810333333,8,0.99009901,20,1.960784314
0,1,8.8188,3,10,2,1,0,210.8,0.686333333,-2.876666667,12,0.99009901,20,1.960784314
0,1,8.8188,3,10,2,1,0,263.4666667,0.627666667,-2.14,4,0.99009901,40,1.960784314
0,1,8.8188,3,10,2,1,0,162.0,0.536333333,-0.342,8,0.99009901,40,1.960784314
0,1,8.8188,3,10,2,1,0,203.3333333,0.343333333,-2.2,12,0.99009901,40,1.960784314
0,1,8.8188,3,10,2,1,0,194.0,0.484333333,-3.503333333,4,0.99009901,60,1.960784314
0,1,8.8188,3,10,2,1,0,235.7333333,0.341333333,-2.013333333,8,0.99009901,60,1.960784314
0,1,8.8188,3,10,2,1,0,183.1666667,0.295666667,-3.336666667,12,0.99009901,60,1.960784314
0,1,8.8188,3,10,2,1,0,264.4666667,0.139,-6.496666667,4,0.99009901,80,1.960784314
0,1,8.8188,3,10,2,1,0,410.2,0.146666667,0.9383,8,0.99009901,80,1.960784314
0,1,8.8188,3,10,2,1,0,363.8,0.148333333,0.4627,12,0.99009901,80,1.960784314
0,1,8.8188,3,10,2,1,0,457.7666667,0.88,-20.96666667,4,0.99009901,20,9.090909091
0,1,8.8188,3,10,2,1,0,170.4666667,0.436333333,-1.013333333,8,0.99009901,20,9.090909091
0,1,8.8188,3,10,2,1,0,205.1333333,0.81,-0.812553333,12,0.99009901,20,9.090909091
0,1,8.8188,3,10,2,1,0,153.8666667,0.343666667,-1.636666667,4,0.99009901,40,9.090909091
0,1,8.8188,3,10,2,1,0,202.0333333,0.364666667,-0.022666667,8,0.99009901,40,9.090909091
0,1,8.8188,3,10,2,1,0,192.2666667,0.267,-3.43,12,0.99009901,40,9.090909091
0,1,8.8188,3,10,2,1,0,176.8,0.353333333,-13.4,4,0.99009901,60,9.090909091
0,1,8.8188,3,10,2,1,0,293.4666667,0.390666667,-1.985333333,8,0.99009901,60,9.090909091
0,1,8.8188,3,10,2,1,0,281.8333333,0.217333333,-3.243333333,12,0.99009901,60,9.090909091
0,1,8.8188,3,10,2,1,0,496.8666667,0.153666667,-1.304,4,0.99009901,80,9.090909091
0,1,8.8188,3,10,2,1,0,526.7333333,0.369,-0.888,8,0.99009901,80,9.090909091
0,1,8.8188,3,10,2,1,0,501.1333333,0.277,-0.417666667,12,0.99009901,80,9.090909091
0,1,8.8188,3,10,2,1,0,237.7333333,0.221,-6.72,4,0.99009901,20,50.0
0,1,8.8188,3,10,2,1,0,154.0666667,0.200333333,-5.936666667,8,0.99009901,20,50.0
0,1,8.8188,3,10,2,1,0,185.1,0.109,-3.736666667,12,0.99009901,20,50.0
0,1,8.8188,3,10,2,1,0,196.1666667,0.203333333,-7.57,4,0.99009901,40,50.0
0,1,8.8188,3,10,2,1,0,298.0333333,0.1,-4.593333333,8,0.99009901,40,50.0
0,1,8.8188,3,10,2,1,0,189.2333333,0.111,-1.266666667,12,0.99009901,40,50.0
0,1,8.8188,3,10,2,1,0,241.5,0.106333333,-16.4,4,0.99009901,60,50.0
0,1,8.8188,3,10,2,1,0,249.8,0.209,-1.483333333,8,0.99009901,60,50.0
0,1,8.8188,3,10,2,1,0,346.5,0.061666667,-0.622,12,0.99009901,60,50.0
0,1,8.8188,3,10,2,1,0,364.1333333,0.201,-8.473333333,4,0.99009901,80,50.0
0,1,8.8188,3,10,2,1,0,812.3666667,0.132666667,-5.833333333,8,0.99009901,80,50.0
0,1,8.8188,3,10,2,1,0,409.6,0.290333333,-6.46,12,0.99009901,80,50.0
0,1,8.8188,3,10,2,1,0,113.3,0.238333333,-1.485333333,4,9.090909091,20,0.497512438
0,1,8.8188,3,10,2,1,0,179.0666667,0.428333333,-0.415666667,8,9.090909091,20,0.497512438
0,1,8.8188,3,10,2,1,0,1512.333333,0.599333333,-2.8,12,9.090909091,20,0.497512438
0,1,8.8188,3,10,2,1,0,108.3166667,0.307333333,-1.42,4,9.090909091,40,0.497512438
0,1,8.8188,3,10,2,1,0,153.9,0.435666667,-0.845333333,8,9.090909091,40,0.497512438
0,1,8.8188,3,10,2,1,0,120.1,0.400666667,-1.69,12,9.090909091,40,0.497512438
0,1,8.8188,3,10,2,1,0,166.4,0.504,-3.313333333,4,9.090909091,60,0.497512438
0,1,8.8188,3,10,2,1,0,192.9,0.356666667,-1.398,8,9.090909091,60,0.497512438
0,1,8.8188,3,10,2,1,0,260.3666667,0.331,-0.940666667,12,9.090909091,60,0.497512438
0,1,8.8188,3,10,2,1,0,230.6333333,0.313333333,8.696666667,4,9.090909091,80,0.497512438
0,1,8.8188,3,10,2,1,0,237.4,0.258666667,-0.939,8,9.090909091,80,0.497512438
0,1,8.8188,3,10,2,1,0,208.8333333,0.286,-0.976,12,9.090909091,80,0.497512438
0,1,8.8188,3,10,2,1,0,129.5333333,0.231666667,-1.733333333,4,9.090909091,20,0.99009901
0,1,8.8188,3,10,2,1,0,247.0333333,0.714,-1.54,8,9.090909091,20,0.99009901
0,1,8.8188,3,10,2,1,0,1955.333333,0.704333333,-1.195666667,12,9.090909091,20,0.99009901
0,1,8.8188,3,10,2,1,0,181.4666667,0.334,-1.7,4,9.090909091,40,0.99009901
0,1,8.8188,3,10,2,1,0,144.4,0.396,-0.988333333,8,9.090909091,40,0.99009901
0,1,8.8188,3,10,2,1,0,123.8,0.366333333,-2.643333333,12,9.090909091,40,0.99009901
0,1,8.8188,3,10,2,1,0,253.1333333,0.477333333,-0.603333333,4,9.090909091,60,0.99009901
0,1,8.8188,3,10,2,1,0,212.9666667,0.330666667,-0.511666667,8,9.090909091,60,0.99009901
0,1,8.8188,3,10,2,1,0,219.6333333,0.313,-1.116666667,12,9.090909091,60,0.99009901
0,1,8.8188,3,10,2,1,0,243.4333333,0.302666667,2.933333333,4,9.090909091,80,0.99009901
0,1,8.8188,3,10,2,1,0,226.2666667,0.251333333,0.520333333,8,9.090909091,80,0.99009901
0,1,8.8188,3,10,2,1,0,262.2333333,0.095333333,-2.67,12,9.090909091,80,0.99009901
0,1,8.8188,3,10,2,1,0,135.9333333,0.257333333,-1.596666667,4,9.090909091,20,1.960784314
0,1,8.8188,3,10,2,1,0,967.0333333,1.0,-1.566666667,8,9.090909091,20,1.960784314
0,1,8.8188,3,10,2,1,0,1599.666667,0.223666667,-2.373333333,12,9.090909091,20,1.960784314
0,1,8.8188,3,10,2,1,0,113.75,0.3625,-1.247666667,4,9.090909091,40,1.960784314
0,1,8.8188,3,10,2,1,0,142.2666667,0.315,-1.014,8,9.090909091,40,1.960784314
0,1,8.8188,3,10,2,1,0,142.3333333,0.393333333,-3.99,12,9.090909091,40,1.960784314
0,1,8.8188,3,10,2,1,0,256.9666667,0.289333333,-10.79333333,4,9.090909091,60,1.960784314
0,1,8.8188,3,10,2,1,0,205.9333333,0.315,-1.503333333,8,9.090909091,60,1.960784314
0,1,8.8188,3,10,2,1,0,184.7,0.339666667,-1.180333333,12,9.090909091,60,1.960784314
0,1,8.8188,3,10,2,1,0,244.4333333,0.245,1.269666667,4,9.090909091,80,1.960784314
0,1,8.8188,3,10,2,1,0,247.3666667,0.241333333,-1.149666667,8,9.090909091,80,1.960784314
0,1,8.8188,3,10,2,1,0,250.6333333,0.152666667,-1.219666667,12,9.090909091,80,1.960784314
0,1,8.8188,3,10,2,1,0,636.7,1.0,-2.273333333,4,9.090909091,20,9.090909091
0,1,8.8188,3,10,2,1,0,691.7,0.956666667,-1.220666667,8,9.090909091,20,9.090909091
0,1,8.8188,3,10,2,1,0,1708.333333,0.6,-1.876666667,12,9.090909091,20,9.090909091
0,1,8.8188,3,10,2,1,0,111.6666667,0.341,-1.019766667,4,9.090909091,40,9.090909091
0,1,8.8188,3,10,2,1,0,148.1333333,0.512,-1.61,8,9.090909091,40,9.090909091
0,1,8.8188,3,10,2,1,0,118.0,0.328666667,-1.693333333,12,9.090909091,40,9.090909091
0,1,8.8188,3,10,2,1,0,233.5,0.391333333,-0.879,4,9.090909091,60,9.090909091
0,1,8.8188,3,10,2,1,0,264.6666667,0.407666667,-0.790333333,8,9.090909091,60,9.090909091
0,1,8.8188,3,10,2,1,0,220.9,0.306,-1.506666667,12,9.090909091,60,9.090909091
0,1,8.8188,3,10,2,1,0,256.1,0.264333333,0.606333333,4,9.090909091,80,9.090909091
0,1,8.8188,3,10,2,1,0,278.3,0.217333333,-1.317,8,9.090909091,80,9.090909091
0,1,8.8188,3,10,2,1,0,265.9,0.18,-0.951333333,12,9.090909091,80,9.090909091
0,1,8.8188,3,10,2,1,0,675.8333333,0.61,-3.106666667,4,9.090909091,20,50.0
0,1,8.8188,3,10,2,1,0,682.8333333,0.205,-31.73333333,8,9.090909091,20,50.0
0,1,8.8188,3,10,2,1,0,464.0,0.574666667,-2.386666667,12,9.090909091,20,50.0
0,1,8.8188,3,10,2,1,0,163.5666667,0.133666667,-1.746666667,4,9.090909091,40,50.0
0,1,8.8188,3,10,2,1,0,459.9666667,0.154666667,-1.683333333,8,9.090909091,40,50.0
0,1,8.8188,3,10,2,1,0,753.9666667,0.546333333,-1.856666667,12,9.090909091,40,50.0
0,1,8.8188,3,10,2,1,0,194.8666667,0.121,-1.74,4,9.090909091,60,50.0
0,1,8.8188,3,10,2,1,0,934.6333333,0.794,-1.833333333,8,9.090909091,60,50.0
0,1,8.8188,3,10,2,1,0,1021.5,0.392,-1.422666667,12,9.090909091,60,50.0
0,1,8.8188,3,10,2,1,0,201.0,0.139666667,-1.713333333,4,9.090909091,80,50.0
0,1,8.8188,3,10,2,1,0,456.4,0.434666667,-2.203333333,8,9.090909091,80,50.0
0,1,8.8188,3,10,2,1,0,398.5,0.280666667,-1.184333333,12,9.090909091,80,50.0
1,1,9.784,2,9,2,0,1,288.9666667,0.464333333,-7.436666667,4,0.199600798,20,0.497512438
1,1,9.784,2,9,2,0,1,533.7,0.403333333,-3.523333333,8,0.199600798,20,0.497512438
1,1,9.784,2,9,2,0,1,342.3333333,0.496333333,-3.396666667,12,0.199600798,20,0.497512438
1,1,9.784,2,9,2,0,1,237.1333333,0.211,-4.23,4,0.199600798,40,0.497512438
1,1,9.784,2,9,2,0,1,185.1333333,0.237333333,-1.803333333,8,0.199600798,40,0.497512438
1,1,9.784,2,9,2,0,1,267.7333333,0.806666667,-2.356666667,12,0.199600798,40,0.497512438
1,1,9.784,2,9,2,0,1,206.6,0.246666667,-5.31,4,0.199600798,60,0.497512438
1,1,9.784,2,9,2,0,1,173.1333333,0.215,0.721666667,8,0.199600798,60,0.497512438
1,1,9.784,2,9,2,0,1,183.6666667,0.260333333,-0.501666667,12,0.199600798,60,0.497512438
1,1,9.784,2,9,2,0,1,166.6333333,0.219666667,-24.63333333,4,0.199600798,80,0.497512438
1,1,9.784,2,9,2,0,1,137.6333333,0.164666667,-6.11,8,0.199600798,80,0.497512438
1,1,9.784,2,9,2,0,1,158.8,0.225333333,-0.955,12,0.199600798,80,0.497512438
1,1,9.784,2,9,2,0,1,577.6666667,0.252,-11.77666667,4,0.199600798,20,0.99009901
1,1,9.784,2,9,2,0,1,562.7666667,0.344333333,-3.553333333,8,0.199600798,20,0.99009901
1,1,9.784,2,9,2,0,1,288.1666667,0.316,-1.593,12,0.199600798,20,0.99009901
1,1,9.784,2,9,2,0,1,240.3,0.260333333,-3.686666667,4,0.199600798,40,0.99009901
1,1,9.784,2,9,2,0,1,191.7333333,0.264,0.269333333,8,0.199600798,40,0.99009901
1,1,9.784,2,9,2,0,1,189.9666667,0.325666667,-2.24,12,0.199600798,40,0.99009901
1,1,9.784,2,9,2,0,1,192.8,0.182,-3.663333333,4,0.199600798,60,0.99009901
1,1,9.784,2,9,2,0,1,170.3,0.242,0.073,8,0.199600798,60,0.99009901
1,1,9.784,2,9,2,0,1,181.6333333,0.328333333,-1.161666667,12,0.199600798,60,0.99009901
1,1,9.784,2,9,2,0,1,172.9333333,0.206666667,-26.66666667,4,0.199600798,80,0.99009901
1,1,9.784,2,9,2,0,1,148.0,0.187666667,-6.033333333,8,0.199600798,80,0.99009901
1,1,9.784,2,9,2,0,1,162.5333333,0.193666667,-0.325333333,12,0.199600798,80,0.99009901
1,1,9.784,2,9,2,0,1,650.7333333,0.484666667,-11.36666667,4,0.199600798,20,1.960784314
1,1,9.784,2,9,2,0,1,403.2666667,0.629666667,-4.096666667,8,0.199600798,20,1.960784314
1,1,9.784,2,9,2,0,1,475.3333333,0.162,-3.116666667,12,0.199600798,20,1.960784314
1,1,9.784,2,9,2,0,1,191.8,0.206,-0.756333333,4,0.199600798,40,1.960784314
1,1,9.784,2,9,2,0,1,170.0,0.294,0.3774,8,0.199600798,40,1.960784314
1,1,9.784,2,9,2,0,1,307.4666667,0.557666667,-3.04,12,0.199600798,40,1.960784314
1,1,9.784,2,9,2,0,1,189.0333333,0.220333333,-2.12,4,0.199600798,60,1.960784314
1,1,9.784,2,9,2,0,1,155.4333333,0.233333333,1.195666667,8,0.199600798,60,1.960784314
1,1,9.784,2,9,2,0,1,256.8,0.427666667,0.16,12,0.199600798,60,1.960784314
1,1,9.784,2,9,2,0,1,202.3,0.256333333,-29.4,4,0.199600798,80,1.960784314
1,1,9.784,2,9,2,0,1,135.8666667,0.173666667,-10.41,8,0.199600798,80,1.960784314
1,1,9.784,2,9,2,0,1,163.5333333,0.229333333,-0.4925,12,0.199600798,80,1.960784314
1,1,9.784,2,9,2,0,1,431.8,0.420666667,-9.42,4,0.199600798,20,9.090909091
1,1,9.784,2,9,2,0,1,465.9333333,0.358,-1.686666667,8,0.199600798,20,9.090909091
1,1,9.784,2,9,2,0,1,599.5333333,0.522,-0.166206667,12,0.199600798,20,9.090909091
1,1,9.784,2,9,2,0,1,197.5666667,0.262666667,-2.53,4,0.199600798,40,9.090909091
1,1,9.784,2,9,2,0,1,199.4,0.327666667,2.476666667,8,0.199600798,40,9.090909091
1,1,9.784,2,9,2,0,1,208.5,0.330666667,1.541666667,12,0.199600798,40,9.090909091
1,1,9.784,2,9,2,0,1,193.9,0.197333333,-1.64,4,0.199600798,60,9.090909091
1,1,9.784,2,9,2,0,1,159.3,0.201,2.77,8,0.199600798,60,9.090909091
1,1,9.784,2,9,2,0,1,190.9666667,0.275,2.354,12,0.199600798,60,9.090909091
1,1,9.784,2,9,2,0,1,166.8666667,0.266,-26.83333333,4,0.199600798,80,9.090909091
1,1,9.784,2,9,2,0,1,146.8666667,0.208666667,5.42,8,0.199600798,80,9.090909091
1,1,9.784,2,9,2,0,1,167.8,0.237,7.203333333,12,0.199600798,80,9.090909091
1,1,9.784,2,9,2,0,1,287.7333333,0.327,2.916666667,4,0.199600798,20,50.0
1,1,9.784,2,9,2,0,1,306.5333333,0.569,3.96,8,0.199600798,20,50.0
1,1,9.784,2,9,2,0,1,473.2,0.17,5.006666667,12,0.199600798,20,50.0
1,1,9.784,2,9,2,0,1,261.7,0.330333333,4.206666667,4,0.199600798,40,50.0
1,1,9.784,2,9,2,0,1,205.1,0.196,4.25,8,0.199600798,40,50.0
1,1,9.784,2,9,2,0,1,177.9333333,0.268,2.72,12,0.199600798,40,50.0
1,1,9.784,2,9,2,0,1,224.5,0.256333333,4.343333333,4,0.199600798,60,50.0
1,1,9.784,2,9,2,0,1,195.0333333,0.254,5.876666667,8,0.199600798,60,50.0
1,1,9.784,2,9,2,0,1,179.0333333,0.261666667,6.29,12,0.199600798,60,50.0
1,1,9.784,2,9,2,0,1,237.6333333,0.301,6.303333333,4,0.199600798,80,50.0
1,1,9.784,2,9,2,0,1,164.9666667,0.183666667,11.93333333,8,0.199600798,80,50.0
1,1,9.784,2,9,2,0,1,171.5333333,0.187333333,8.72,12,0.199600798,80,50.0
1,1,9.784,2,9,2,0,1,177.0333333,0.31,-4.186666667,4,0.99009901,20,0.497512438
1,1,9.784,2,9,2,0,1,223.4,0.485666667,-2.646666667,8,0.99009901,20,0.497512438
1,1,9.784,2,9,2,0,1,169.1333333,0.368333333,-2.373333333,12,0.99009901,20,0.497512438
1,1,9.784,2,9,2,0,1,193.5,0.275333333,-1.616666667,4,0.99009901,40,0.497512438
1,1,9.784,2,9,2,0,1,139.0,0.236666667,-1.976666667,8,0.99009901,40,0.497512438
1,1,9.784,2,9,2,0,1,159.2333333,0.303666667,-2.136666667,12,0.99009901,40,0.497512438
1,1,9.784,2,9,2,0,1,171.7,0.236333333,-0.094333333,4,0.99009901,60,0.497512438
1,1,9.784,2,9,2,0,1,150.1333333,0.232,-1.95,8,0.99009901,60,0.497512438
1,1,9.784,2,9,2,0,1,177.5333333,0.260666667,-2.43,12,0.99009901,60,0.497512438
1,1,9.784,2,9,2,0,1,219.6333333,0.307666667,-15.26666667,4,0.99009901,80,0.497512438
1,1,9.784,2,9,2,0,1,141.4666667,0.245666667,-3.21,8,0.99009901,80,0.497512438
1,1,9.784,2,9,2,0,1,160.0333333,0.184333333,-4.51,12,0.99009901,80,0.497512438
1,1,9.784,2,9,2,0,1,176.9333333,0.24,-4.66,4,0.99009901,20,0.99009901
1,1,9.784,2,9,2,0,1,263.8333333,0.433333333,-6.34,8,0.99009901,20,0.99009901
1,1,9.784,2,9,2,0,1,303.3666667,0.674666667,-2.326666667,12,0.99009901,20,0.99009901
1,1,9.784,2,9,2,0,1,174.6666667,0.246333333,-3.043333333,4,0.99009901,40,0.99009901
1,1,9.784,2,9,2,0,1,148.9333333,0.217333333,-0.049066667,8,0.99009901,40,0.99009901
1,1,9.784,2,9,2,0,1,152.4666667,0.288333333,-1.993333333,12,0.99009901,40,0.99009901
1,1,9.784,2,9,2,0,1,164.2,0.201666667,-2.476666667,4,0.99009901,60,0.99009901
1,1,9.784,2,9,2,0,1,150.2666667,0.204333333,1.32,8,0.99009901,60,0.99009901
1,1,9.784,2,9,2,0,1,191.8,0.244333333,-1.426666667,12,0.99009901,60,0.99009901
1,1,9.784,2,9,2,0,1,241.5333333,0.267,-15.93333333,4,0.99009901,80,0.99009901
1,1,9.784,2,9,2,0,1,148.0333333,0.21,-3.53,8,0.99009901,80,0.99009901
1,1,9.784,2,9,2,0,1,155.5666667,0.167333333,-3.316666667,12,0.99009901,80,0.99009901
1,1,9.784,2,9,2,0,1,153.8666667,0.203,-3.213333333,4,0.99009901,20,1.960784314
1,1,9.784,2,9,2,0,1,203.9333333,0.501,-2.766666667,8,0.99009901,20,1.960784314
1,1,9.784,2,9,2,0,1,263.9333333,0.412333333,-1.060666667,12,0.99009901,20,1.960784314
1,1,9.784,2,9,2,0,1,170.0666667,0.220333333,-3.176666667,4,0.99009901,40,1.960784314
1,1,9.784,2,9,2,0,1,158.3666667,0.279,-1.57,8,0.99009901,40,1.960784314
1,1,9.784,2,9,2,0,1,130.9333333,0.215,0.963666667,12,0.99009901,40,1.960784314
1,1,9.784,2,9,2,0,1,160.7333333,0.165333333,-3.816666667,4,0.99009901,60,1.960784314
1,1,9.784,2,9,2,0,1,138.7333333,0.185333333,0.242266667,8,0.99009901,60,1.960784314
1,1,9.784,2,9,2,0,1,152.2333333,0.245666667,-1.88,12,0.99009901,60,1.960784314
1,1,9.784,2,9,2,0,1,189.0,0.199,-15.9,4,0.99009901,80,1.960784314
1,1,9.784,2,9,2,0,1,147.2,0.241333333,-5.523333333,8,0.99009901,80,1.960784314
1,1,9.784,2,9,2,0,1,148.5333333,0.207,-2.94,12,0.99009901,80,1.960784314
1,1,9.784,2,9,2,0,1,154.9,0.957333333,-5.373333333,4,0.99009901,20,9.090909091
1,1,9.784,2,9,2,0,1,230.9333333,0.481666667,-2.173333333,8,0.99009901,20,9.090909091
1,1,9.784,2,9,2,0,1,168.1666667,0.428,-0.284166667,12,0.99009901,20,9.090909091
1,1,9.784,2,9,2,0,1,164.0666667,0.157333333,-0.60825,4,0.99009901,40,9.090909091
1,1,9.784,2,9,2,0,1,478.0,0.815333333,-3.73,8,0.99009901,40,9.090909091
1,1,9.784,2,9,2,0,1,161.1333333,0.330333333,0.813333333,12,0.99009901,40,9.090909091
1,1,9.784,2,9,2,0,1,179.6666667,0.263333333,1.84,4,0.99009901,60,9.090909091
1,1,9.784,2,9,2,0,1,153.8,0.197333333,-0.397333333,8,0.99009901,60,9.090909091
1,1,9.784,2,9,2,0,1,150.7333333,0.228333333,-0.254666667,12,0.99009901,60,9.090909091
1,1,9.784,2,9,2,0,1,222.5666667,0.208,-12.13333333,4,0.99009901,80,9.090909091
1,1,9.784,2,9,2,0,1,166.1666667,0.209333333,-6.06,8,0.99009901,80,9.090909091
1,1,9.784,2,9,2,0,1,198.6666667,0.219,-0.9158,12,0.99009901,80,9.090909091
1,1,9.784,2,9,2,0,1,236.7666667,0.272333333,-3.646666667,4,0.99009901,20,50.0
1,1,9.784,2,9,2,0,1,211.3666667,0.439666667,1.916666667,8,0.99009901,20,50.0
1,1,9.784,2,9,2,0,1,182.6,0.281,0.651,12,0.99009901,20,50.0
1,1,9.784,2,9,2,0,1,179.9,0.168333333,-1.32,4,0.99009901,40,50.0
1,1,9.784,2,9,2,0,1,196.2,0.148333333,2.876666667,8,0.99009901,40,50.0
1,1,9.784,2,9,2,0,1,180.0,0.512666667,-3.013333333,12,0.99009901,40,50.0
1,1,9.784,2,9,2,0,1,197.7,0.18,0.54,4,0.99009901,60,50.0
1,1,9.784,2,9,2,0,1,148.4666667,0.206666667,4.106666667,8,0.99009901,60,50.0
1,1,9.784,2,9,2,0,1,171.6333333,0.198666667,1.651,12,0.99009901,60,50.0
1,1,9.784,2,9,2,0,1,253.0666667,0.335333333,-0.074666667,4,0.99009901,80,50.0
1,1,9.784,2,9,2,0,1,186.6333333,0.255,-5.6,8,0.99009901,80,50.0
1,1,9.784,2,9,2,0,1,150.0333333,0.178,6.683333333,12,0.99009901,80,50.0
1,1,9.784,2,9,2,0,1,274.6,0.739666667,-9.106666667,4,9.090909091,20,0.497512438
1,1,9.784,2,9,2,0,1,236.6,0.577,-4.033333333,8,9.090909091,20,0.497512438
1,1,9.784,2,9,2,0,1,405.4,0.707666667,-5.893333333,12,9.090909091,20,0.497512438
1,1,9.784,2,9,2,0,1,170.1333333,0.409333333,-5.413333333,4,9.090909091,40,0.497512438
1,1,9.784,2,9,2,0,1,176.6666667,0.290333333,-1.593333333,8,9.090909091,40,0.497512438
1,1,9.784,2,9,2,0,1,260.6666667,0.788666667,-1.943333333,12,9.090909091,40,0.497512438
1,1,9.784,2,9,2,0,1,153.6333333,0.193,-3.223333333,4,9.090909091,60,0.497512438
1,1,9.784,2,9,2,0,1,153.0333333,0.370333333,-1.48,8,9.090909091,60,0.497512438
1,1,9.784,2,9,2,0,1,149.9,0.288333333,-2.086666667,12,9.090909091,60,0.497512438
1,1,9.784,2,9,2,0,1,133.1,0.144333333,-3.64,4,9.090909091,80,0.497512438
1,1,9.784,2,9,2,0,1,138.3666667,0.247666667,-33.9,8,9.090909091,80,0.497512438
1,1,9.784,2,9,2,0,1,136.2333333,0.169,-2.783333333,12,9.090909091,80,0.497512438
1,1,9.784,2,9,2,0,1,196.5,0.676666667,-6.903333333,4,9.090909091,20,0.99009901
1,1,9.784,2,9,2,0,1,197.3,0.605666667,-2.48,8,9.090909091,20,0.99009901
1,1,9.784,2,9,2,0,1,213.9333333,0.647666667,-1.81,12,9.090909091,20,0.99009901
1,1,9.784,2,9,2,0,1,137.9333333,0.216666667,-6.893333333,4,9.090909091,40,0.99009901
1,1,9.784,2,9,2,0,1,470.4333333,1.0,-3.68,8,9.090909091,40,0.99009901
1,1,9.784,2,9,2,0,1,165.9666667,0.624666667,-2.296666667,12,9.090909091,40,0.99009901
1,1,9.784,2,9,2,0,1,137.5666667,0.191333333,-3.093333333,4,9.090909091,60,0.99009901
1,1,9.784,2,9,2,0,1,115.6333333,0.217,-2.686666667,8,9.090909091,60,0.99009901
1,1,9.784,2,9,2,0,1,207.0666667,0.332333333,-1.29,12,9.090909091,60,0.99009901
1,1,9.784,2,9,2,0,1,145.4,0.130333333,-3.763333333,4,9.090909091,80,0.99009901
1,1,9.784,2,9,2,0,1,135.8666667,0.231,-36.3,8,9.090909091,80,0.99009901
1,1,9.784,2,9,2,0,1,120.9333333,0.173,-1.66,12,9.090909091,80,0.99009901
1,1,9.784,2,9,2,0,1,278.8333333,0.789333333,-8.986666667,4,9.090909091,20,1.960784314
1,1,9.784,2,9,2,0,1,415.8,0.856666667,-6.63,8,9.090909091,20,1.960784314
1,1,9.784,2,9,2,0,1,496.8333333,0.378333333,-6.54,12,9.090909091,20,1.960784314
1,1,9.784,2,9,2,0,1,93.06666667,0.211,-2.723333333,4,9.090909091,40,1.960784314
1,1,9.784,2,9,2,0,1,207.5666667,0.603666667,-2.203333333,8,9.090909091,40,1.960784314
1,1,9.784,2,9,2,0,1,201.6333333,0.620333333,-2.146666667,12,9.090909091,40,1.960784314
1,1,9.784,2,9,2,0,1,136.1666667,0.159666667,-2.57,4,9.090909091,60,1.960784314
1,1,9.784,2,9,2,0,1,129.5,0.283,-1.666333333,8,9.090909091,60,1.960784314
1,1,9.784,2,9,2,0,1,202.5,0.512333333,-2.12,12,9.090909091,60,1.960784314
1,1,9.784,2,9,2,0,1,143.0333333,0.155333333,-3.51,4,9.090909091,80,1.960784314
1,1,9.784,2,9,2,0,1,134.7,0.230666667,-36.66666667,8,9.090909091,80,1.960784314
1,1,9.784,2,9,2,0,1,135.2333333,0.219666667,-2.383333333,12,9.090909091,80,1.960784314
1,1,9.784,2,9,2,0,1,235.4666667,0.617,-9.563333333,4,9.090909091,20,9.090909091
1,1,9.784,2,9,2,0,1,378.9333333,0.809333333,-5.376666667,8,9.090909091,20,9.090909091
1,1,9.784,2,9,2,0,1,476.3333333,0.748333333,-7.476666667,12,9.090909091,20,9.090909091
1,1,9.784,2,9,2,0,1,132.7666667,0.226,-5.483333333,4,9.090909091,40,9.090909091
1,1,9.784,2,9,2,0,1,279.9666667,0.880333333,-2.596666667,8,9.090909091,40,9.090909091
1,1,9.784,2,9,2,0,1,153.0,0.411666667,-1.983333333,12,9.090909091,40,9.090909091
1,1,9.784,2,9,2,0,1,156.7333333,0.235666667,-3.656666667,4,9.090909091,60,9.090909091
1,1,9.784,2,9,2,0,1,134.0666667,0.204666667,-1.370333333,8,9.090909091,60,9.090909091
1,1,9.784,2,9,2,0,1,167.5,0.380333333,-2.37,12,9.090909091,60,9.090909091
1,1,9.784,2,9,2,0,1,144.4333333,0.081666667,-4.92,4,9.090909091,80,9.090909091
1,1,9.784,2,9,2,0,1,161.1333333,0.24,-31.9,8,9.090909091,80,9.090909091
1,1,9.784,2,9,2,0,1,118.1666667,0.198,-2.056666667,12,9.090909091,80,9.090909091
1,1,9.784,2,9,2,0,1,302.6666667,0.693,-8.333333333,4,9.090909091,20,50.0
1,1,9.784,2,9,2,0,1,270.0333333,0.633333333,-7.673333333,8,9.090909091,20,50.0
1,1,9.784,2,9,2,0,1,180.3,0.614,-9.613333333,12,9.090909091,20,50.0
1,1,9.784,2,9,2,0,1,157.5,0.177,-3.126666667,4,9.090909091,40,50.0
1,1,9.784,2,9,2,0,1,140.4666667,0.248666667,-1.383333333,8,9.090909091,40,50.0
1,1,9.784,2,9,2,0,1,228.2,0.517,-1.873333333,12,9.090909091,40,50.0
1,1,9.784,2,9,2,0,1,153.2,0.232666667,-2.37,4,9.090909091,60,50.0
1,1,9.784,2,9,2,0,1,129.7666667,0.194666667,-1.059,8,9.090909091,60,50.0
1,1,9.784,2,9,2,0,1,145.7333333,0.333666667,-1.533333333,12,9.090909091,60,50.0
1,1,9.784,2,9,2,0,1,165.1666667,0.186,-3.313333333,4,9.090909091,80,50.0
1,1,9.784,2,9,2,0,1,157.6666667,0.210666667,15.6,8,9.090909091,80,50.0
1,1,9.784,2,9,2,0,1,140.5666667,0.184333333,-1.012333333,12,9.090909091,80,50.0
1,0,12.515,0,4,2,0,0,157.3333333,0.166,5.9,4,0.199600798,20,0.497512438
1,0,12.515,0,4,2,0,0,138.8333333,0.375666667,5.12,8,0.199600798,20,0.497512438
1,0,12.515,0,4,2,0,0,235.9333333,0.509333333,9.113333333,12,0.199600798,20,0.497512438
1,0,12.515,0,4,2,0,0,175.8333333,0.266333333,12.9,4,0.199600798,40,0.497512438
1,0,12.515,0,4,2,0,0,172.5333333,0.298333333,1.866666667,8,0.199600798,40,0.497512438
1,0,12.515,0,4,2,0,0,173.3,0.307666667,6.673333333,12,0.199600798,40,0.497512438
1,0,12.515,0,4,2,0,0,222.7333333,0.28,16.2,4,0.199600798,60,0.497512438
1,0,12.515,0,4,2,0,0,163.4666667,0.289666667,13.33333333,8,0.199600798,60,0.497512438
1,0,12.515,0,4,2,0,0,132.7666667,0.248666667,15.63333333,12,0.199600798,60,0.497512438
1,0,12.515,0,4,2,0,0,172.6333333,0.228666667,-10.96666667,4,0.199600798,80,0.497512438
1,0,12.515,0,4,2,0,0,156.5,0.215666667,5.703333333,8,0.199600798,80,0.497512438
1,0,12.515,0,4,2,0,0,415.4333333,0.464333333,-30.56666667,12,0.199600798,80,0.497512438
1,0,12.515,0,4,2,0,0,126.4666667,0.141666667,1.823,4,0.199600798,20,0.99009901
1,0,12.515,0,4,2,0,0,173.0,0.266666667,7.926666667,8,0.199600798,20,0.99009901
1,0,12.515,0,4,2,0,0,198.5333333,0.402666667,2.883333333,12,0.199600798,20,0.99009901
1,0,12.515,0,4,2,0,0,185.6666667,0.295,12.1,4,0.199600798,40,0.99009901
1,0,12.515,0,4,2,0,0,160.6,0.245333333,4.013333333,8,0.199600798,40,0.99009901
1,0,12.515,0,4,2,0,0,183.8333333,0.354,2.956666667,12,0.199600798,40,0.99009901
1,0,12.515,0,4,2,0,0,224.0,0.195666667,22.76666667,4,0.199600798,60,0.99009901
1,0,12.515,0,4,2,0,0,147.6666667,0.245666667,9.33,8,0.199600798,60,0.99009901
1,0,12.515,0,4,2,0,0,146.4333333,0.24,19.53333333,12,0.199600798,60,0.99009901
1,0,12.515,0,4,2,0,0,170.8666667,0.246333333,7.633333333,4,0.199600798,80,0.99009901
1,0,12.515,0,4,2,0,0,136.8333333,0.256666667,7.98,8,0.199600798,80,0.99009901
1,0,12.515,0,4,2,0,0,290.3,0.270666667,-25.13333333,12,0.199600798,80,0.99009901
1,0,12.515,0,4,2,0,0,122.2,0.186333333,18.9,4,0.199600798,20,1.960784314
1,0,12.515,0,4,2,0,0,176.0666667,0.496333333,21.16666667,8,0.199600798,20,1.960784314
1,0,12.515,0,4,2,0,0,186.9666667,0.243,2.883333333,12,0.199600798,20,1.960784314
1,0,12.515,0,4,2,0,0,153.4666667,0.229666667,17.63333333,4,0.199600798,40,1.960784314
1,0,12.515,0,4,2,0,0,204.5333333,0.348333333,0.663333333,8,0.199600798,40,1.960784314
1,0,12.515,0,4,2,0,0,177.8333333,0.331,3.57,12,0.199600798,40,1.960784314
1,0,12.515,0,4,2,0,0,193.0,0.257666667,24.03333333,4,0.199600798,60,1.960784314
1,0,12.515,0,4,2,0,0,155.2333333,0.232666667,9.956666667,8,0.199600798,60,1.960784314
1,0,12.515,0,4,2,0,0,133.8333333,0.272,18.63333333,12,0.199600798,60,1.960784314
1,0,12.515,0,4,2,0,0,204.0333333,0.267,6.13,4,0.199600798,80,1.960784314
1,0,12.515,0,4,2,0,0,118.1,0.251,9.33,8,0.199600798,80,1.960784314
1,0,12.515,0,4,2,0,0,1330.666667,0.467333333,-27.3,12,0.199600798,80,1.960784314
1,0,12.515,0,4,2,0,0,105.7,0.192333333,44.06666667,4,0.199600798,20,9.090909091
1,0,12.515,0,4,2,0,0,131.2333333,0.203666667,25.86666667,8,0.199600798,20,9.090909091
1,0,12.515,0,4,2,0,0,241.2,0.458333333,1.388333333,12,0.199600798,20,9.090909091
1,0,12.515,0,4,2,0,0,204.4333333,0.278666667,26.16666667,4,0.199600798,40,9.090909091
1,0,12.515,0,4,2,0,0,135.9,0.314333333,27.06666667,8,0.199600798,40,9.090909091
1,0,12.515,0,4,2,0,0,199.2666667,0.421,22.36666667,12,0.199600798,40,9.090909091
1,0,12.515,0,4,2,0,0,157.6333333,0.228333333,30.7,4,0.199600798,60,9.090909091
1,0,12.515,0,4,2,0,0,133.6333333,0.194,15.33333333,8,0.199600798,60,9.090909091
1,0,12.515,0,4,2,0,0,139.3666667,0.264333333,20.86666667,12,0.199600798,60,9.090909091
1,0,12.515,0,4,2,0,0,138.7666667,0.140333333,15.56666667,4,0.199600798,80,9.090909091
1,0,12.515,0,4,2,0,0,143.8333333,0.207,18.4,8,0.199600798,80,9.090909091
1,0,12.515,0,4,2,0,0,581.7333333,0.704333333,-31.76666667,12,0.199600798,80,9.090909091
1,0,12.515,0,4,2,0,0,137.3,0.147333333,19.9,4,0.199600798,20,50.0
1,0,12.515,0,4,2,0,0,899.4,0.383333333,16.3,8,0.199600798,20,50.0
1,0,12.515,0,4,2,0,0,158.2333333,0.258666667,12.23333333,12,0.199600798,20,50.0
1,0,12.515,0,4,2,0,0,214.0333333,0.282,5.41,4,0.199600798,40,50.0
1,0,12.515,0,4,2,0,0,173.5,0.248333333,22.13333333,8,0.199600798,40,50.0
1,0,12.515,0,4,2,0,0,217.2,0.522333333,24.76666667,12,0.199600798,40,50.0
1,0,12.515,0,4,2,0,0,218.4,0.214,22.4,4,0.199600798,60,50.0
1,0,12.515,0,4,2,0,0,152.1333333,0.246333333,23.5,8,0.199600798,60,50.0
1,0,12.515,0,4,2,0,0,101.8666667,0.231333333,21.46666667,12,0.199600798,60,50.0
1,0,12.515,0,4,2,0,0,200.6,0.364,12.93333333,4,0.199600798,80,50.0
1,0,12.515,0,4,2,0,0,133.7333333,0.264333333,31.5,8,0.199600798,80,50.0
1,0,12.515,0,4,2,0,0,223.2,0.314333333,-16.6,12,0.199600798,80,50.0
1,0,12.515,0,4,2,0,0,265.1,0.339333333,-27.6,4,0.99009901,20,0.497512438
1,0,12.515,0,4,2,0,0,576.1666667,0.390666667,-2.563333333,8,0.99009901,20,0.497512438
1,0,12.515,0,4,2,0,0,453.7333333,0.368333333,1.926666667,12,0.99009901,20,0.497512438
1,0,12.515,0,4,2,0,0,157.1,0.253333333,-3.873333333,4,0.99009901,40,0.497512438
1,0,12.515,0,4,2,0,0,161.9333333,0.634666667,-3.35,8,0.99009901,40,0.497512438
1,0,12.515,0,4,2,0,0,154.0333333,0.321666667,-2.93,12,0.99009901,40,0.497512438
1,0,12.515,0,4,2,0,0,187.9,0.252666667,-3.706666667,4,0.99009901,60,0.497512438
1,0,12.515,0,4,2,0,0,151.0666667,0.26,-1.271,8,0.99009901,60,0.497512438
1,0,12.515,0,4,2,0,0,165.1666667,0.227,4.56,12,0.99009901,60,0.497512438
1,0,12.515,0,4,2,0,0,152.2,0.155,1.253333333,4,0.99009901,80,0.497512438
1,0,12.515,0,4,2,0,0,143.4666667,0.167666667,4.306666667,8,0.99009901,80,0.497512438
1,0,12.515,0,4,2,0,0,119.9666667,0.237,3.433333333,12,0.99009901,80,0.497512438
1,0,12.515,0,4,2,0,0,269.6333333,0.338666667,-30.33333333,4,0.99009901,20,0.99009901
1,0,12.515,0,4,2,0,0,115.6666667,0.283333333,3.27,8,0.99009901,20,0.99009901
1,0,12.515,0,4,2,0,0,388.5666667,0.348666667,-0.77,12,0.99009901,20,0.99009901
1,0,12.515,0,4,2,0,0,176.5,0.311333333,-3.76,4,0.99009901,40,0.99009901
1,0,12.515,0,4,2,0,0,214.0333333,0.314666667,-3.076666667,8,0.99009901,40,0.99009901
1,0,12.515,0,4,2,0,0,199.2,0.431,-2.876666667,12,0.99009901,40,0.99009901
1,0,12.515,0,4,2,0,0,182.5333333,0.252,-2.633333333,4,0.99009901,60,0.99009901
1,0,12.515,0,4,2,0,0,155.6333333,0.269,-2.463333333,8,0.99009901,60,0.99009901
1,0,12.515,0,4,2,0,0,181.7,0.266666667,2.173333333,12,0.99009901,60,0.99009901
1,0,12.515,0,4,2,0,0,175.7,0.143666667,-1.211333333,4,0.99009901,80,0.99009901
1,0,12.515,0,4,2,0,0,162.9666667,0.154333333,2.933333333,8,0.99009901,80,0.99009901
1,0,12.515,0,4,2,0,0,128.4666667,0.179,3.573333333,12,0.99009901,80,0.99009901
1,0,12.515,0,4,2,0,0,298.2666667,0.356666667,-28.56666667,4,0.99009901,20,1.960784314
1,0,12.515,0,4,2,0,0,139.2,0.262333333,1.826666667,8,0.99009901,20,1.960784314
1,0,12.515,0,4,2,0,0,307.7,0.539333333,1.6,12,0.99009901,20,1.960784314
1,0,12.515,0,4,2,0,0,162.2333333,0.378,-3.646666667,4,0.99009901,40,1.960784314
1,0,12.515,0,4,2,0,0,223.1333333,0.318,-2.73,8,0.99009901,40,1.960784314
1,0,12.515,0,4,2,0,0,242.6666667,0.782666667,-2.316666667,12,0.99009901,40,1.960784314
1,0,12.515,0,4,2,0,0,207.0333333,0.238333333,-5.89,4,0.99009901,60,1.960784314
1,0,12.515,0,4,2,0,0,154.4666667,0.284666667,-0.982333333,8,0.99009901,60,1.960784314
1,0,12.515,0,4,2,0,0,170.7333333,0.238333333,3.386666667,12,0.99009901,60,1.960784314
1,0,12.515,0,4,2,0,0,149.4333333,0.106333333,2.24,4,0.99009901,80,1.960784314
1,0,12.515,0,4,2,0,0,171.1333333,0.235,1.28,8,0.99009901,80,1.960784314
1,0,12.515,0,4,2,0,0,163.5333333,0.214,2.923333333,12,0.99009901,80,1.960784314
1,0,12.515,0,4,2,0,0,1760.0,0.536,-30.76666667,4,0.99009901,20,9.090909091
1,0,12.515,0,4,2,0,0,171.1666667,0.473666667,3.026666667,8,0.99009901,20,9.090909091
1,0,12.515,0,4,2,0,0,224.7333333,0.667333333,1.253333333,12,0.99009901,20,9.090909091
1,0,12.515,0,4,2,0,0,166.5666667,0.488666667,-2.246666667,4,0.99009901,40,9.090909091
1,0,12.515,0,4,2,0,0,146.1333333,0.331,-2.403333333,8,0.99009901,40,9.090909091
1,0,12.515,0,4,2,0,0,231.5,0.267666667,-2.746666667,12,0.99009901,40,9.090909091
1,0,12.515,0,4,2,0,0,161.8333333,0.254333333,-1.385333333,4,0.99009901,60,9.090909091
1,0,12.515,0,4,2,0,0,137.9,0.27,-0.514,8,0.99009901,60,9.090909091
1,0,12.515,0,4,2,0,0,150.0,0.260666667,2.373333333,12,0.99009901,60,9.090909091
1,0,12.515,0,4,2,0,0,169.0,0.172333333,-0.684,4,0.99009901,80,9.090909091
1,0,12.515,0,4,2,0,0,125.6,0.137,2.273333333,8,0.99009901,80,9.090909091
1,0,12.515,0,4,2,0,0,136.8666667,0.203,4.91,12,0.99009901,80,9.090909091
1,0,12.515,0,4,2,0,0,322.6333333,0.253,-28.23333333,4,0.99009901,20,50.0
1,0,12.515,0,4,2,0,0,130.5333333,0.249666667,4.226666667,8,0.99009901,20,50.0
1,0,12.515,0,4,2,0,0,401.8333333,0.549333333,6.786666667,12,0.99009901,20,50.0
1,0,12.515,0,4,2,0,0,161.9,0.303,-3.153333333,4,0.99009901,40,50.0
1,0,12.515,0,4,2,0,0,345.8666667,0.653,-1.426666667,8,0.99009901,40,50.0
1,0,12.515,0,4,2,0,0,354.4666667,0.356333333,-1.543333333,12,0.99009901,40,50.0
1,0,12.515,0,4,2,0,0,202.1,0.265333333,-2.55,4,0.99009901,60,50.0
1,0,12.515,0,4,2,0,0,139.7,0.281666667,0.63,8,0.99009901,60,50.0
1,0,12.515,0,4,2,0,0,122.8,0.189333333,6.336666667,12,0.99009901,60,50.0
1,0,12.515,0,4,2,0,0,152.7666667,0.206666667,6.34,4,0.99009901,80,50.0
1,0,12.515,0,4,2,0,0,134.0,0.192,12.86666667,8,0.99009901,80,50.0
1,0,12.515,0,4,2,0,0,194.4666667,0.301666667,6.843333333,12,0.99009901,80,50.0
1,0,12.515,0,4,2,0,0,183.1333333,0.629333333,-2.183333333,4,9.090909091,20,0.497512438
1,0,12.515,0,4,2,0,0,151.5333333,0.402,-2.966666667,8,9.090909091,20,0.497512438
1,0,12.515,0,4,2,0,0,766.5666667,0.907333333,-2.463333333,12,9.090909091,20,0.497512438
1,0,12.515,0,4,2,0,0,99.71,0.181666667,-1.186666667,4,9.090909091,40,0.497512438
1,0,12.515,0,4,2,0,0,247.2666667,0.368666667,-3.813333333,8,9.090909091,40,0.497512438
1,0,12.515,0,4,2,0,0,400.6,0.535333333,-5.33,12,9.090909091,40,0.497512438
1,0,12.515,0,4,2,0,0,1350.666667,0.896,-20.13333333,4,9.090909091,60,0.497512438
1,0,12.515,0,4,2,0,0,297.0,0.258333333,-9.57,8,9.090909091,60,0.497512438
1,0,12.515,0,4,2,0,0,134.1333333,0.257,-1.092,12,9.090909091,60,0.497512438
1,0,12.515,0,4,2,0,0,165.4666667,0.175,-1.492333333,4,9.090909091,80,0.497512438
1,0,12.515,0,4,2,0,0,110.9666667,0.174666667,-1.123,8,9.090909091,80,0.497512438
1,0,12.515,0,4,2,0,0,128.5333333,0.182,-0.810666667,12,9.090909091,80,0.497512438
1,0,12.515,0,4,2,0,0,176.3333333,0.631666667,-1.883333333,4,9.090909091,20,0.99009901
1,0,12.515,0,4,2,0,0,176.6666667,0.532666667,-1.316666667,8,9.090909091,20,0.99009901
1,0,12.515,0,4,2,0,0,495.4333333,0.636333333,-2.92,12,9.090909091,20,0.99009901
1,0,12.515,0,4,2,0,0,116.2666667,0.275666667,-1.833333333,4,9.090909091,40,0.99009901
1,0,12.515,0,4,2,0,0,285.1333333,0.367666667,-6.416666667,8,9.090909091,40,0.99009901
1,0,12.515,0,4,2,0,0,432.9,0.635333333,-4.216666667,12,9.090909091,40,0.99009901
1,0,12.515,0,4,2,0,0,141.4,0.175333333,-20.63333333,4,9.090909091,60,0.99009901
1,0,12.515,0,4,2,0,0,293.6333333,0.427333333,-9.726666667,8,9.090909091,60,0.99009901
1,0,12.515,0,4,2,0,0,162.9333333,0.248333333,-1.077,12,9.090909091,60,0.99009901
1,0,12.515,0,4,2,0,0,170.3,0.095333333,-2.533333333,4,9.090909091,80,0.99009901
1,0,12.515,0,4,2,0,0,136.5,0.184666667,-0.168,8,9.090909091,80,0.99009901
1,0,12.515,0,4,2,0,0,108.9333333,0.175,-0.043,12,9.090909091,80,0.99009901
1,0,12.515,0,4,2,0,0,145.8666667,0.455333333,-1.640333333,4,9.090909091,20,1.960784314
1,0,12.515,0,4,2,0,0,241.3666667,0.758666667,-1.149,8,9.090909091,20,1.960784314
1,0,12.515,0,4,2,0,0,357.8666667,0.772,-2.276666667,12,9.090909091,20,1.960784314
1,0,12.515,0,4,2,0,0,133.4,0.228666667,-0.863666667,4,9.090909091,40,1.960784314
1,0,12.515,0,4,2,0,0,282.5,0.323,-7.106666667,8,9.090909091,40,1.960784314
1,0,12.515,0,4,2,0,0,462.7,0.739666667,-2.183333333,12,9.090909091,40,1.960784314
1,0,12.515,0,4,2,0,0,116.7666667,0.118,-22.2,4,9.090909091,60,1.960784314
1,0,12.515,0,4,2,0,0,296.5666667,0.253,-14.66666667,8,9.090909091,60,1.960784314
1,0,12.515,0,4,2,0,0,138.1666667,0.219666667,-1.203333333,12,9.090909091,60,1.960784314
1,0,12.515,0,4,2,0,0,159.1333333,0.153,-2.56,4,9.090909091,80,1.960784314
1,0,12.515,0,4,2,0,0,117.1333333,0.218666667,-0.0463,8,9.090909091,80,1.960784314
1,0,12.515,0,4,2,0,0,118.5666667,0.198666667,-0.131666667,12,9.090909091,80,1.960784314
1,0,12.515,0,4,2,0,0,122.3666667,0.275666667,-1.79,4,9.090909091,20,9.090909091
1,0,12.515,0,4,2,0,0,411.6333333,1.0,-3.726666667,8,9.090909091,20,9.090909091
1,0,12.515,0,4,2,0,0,199.2,0.498,-1.776666667,12,9.090909091,20,9.090909091
1,0,12.515,0,4,2,0,0,119.1333333,0.235666667,-0.88,4,9.090909091,40,9.090909091
1,0,12.515,0,4,2,0,0,393.5333333,0.312,-13.16666667,8,9.090909091,40,9.090909091
1,0,12.515,0,4,2,0,0,474.5,0.771333333,-6.36,12,9.090909091,40,9.090909091
1,0,12.515,0,4,2,0,0,171.8333333,0.23,-19.56666667,4,9.090909091,60,9.090909091
1,0,12.515,0,4,2,0,0,309.2,0.357333333,-9.383333333,8,9.090909091,60,9.090909091
1,0,12.515,0,4,2,0,0,135.1,0.243666667,-1.427,12,9.090909091,60,9.090909091
1,0,12.515,0,4,2,0,0,178.8,0.187666667,-2.843333333,4,9.090909091,80,9.090909091
1,0,12.515,0,4,2,0,0,114.0333333,0.199666667,0.044333333,8,9.090909091,80,9.090909091
1,0,12.515,0,4,2,0,0,99.51,0.233666667,-0.3501,12,9.090909091,80,9.090909091
1,0,12.515,0,4,2,0,0,142.0666667,0.393,-2.13,4,9.090909091,20,50.0
1,0,12.515,0,4,2,0,0,155.0333333,0.426,-0.929,8,9.090909091,20,50.0
1,0,12.515,0,4,2,0,0,123.6666667,0.345,-0.883333333,12,9.090909091,20,50.0
1,0,12.515,0,4,2,0,0,108.2666667,0.213333333,-1.0292,4,9.090909091,40,50.0
1,0,12.515,0,4,2,0,0,247.7,0.358333333,-6.423333333,8,9.090909091,40,50.0
1,0,12.515,0,4,2,0,0,772.0333333,0.821333333,-11.56666667,12,9.090909091,40,50.0
1,0,12.515,0,4,2,0,0,182.6,0.103666667,-20.7,4,9.090909091,60,50.0
1,0,12.515,0,4,2,0,0,397.4666667,0.533,-4.423333333,8,9.090909091,60,50.0
1,0,12.515,0,4,2,0,0,117.0333333,0.272333333,-1.237,12,9.090909091,60,50.0
1,0,12.515,0,4,2,0,0,137.2333333,0.148333333,-0.065666667,4,9.090909091,80,50.0
1,0,12.515,0,4,2,0,0,104.4666667,0.211,2.526666667,8,9.090909091,80,50.0
1,0,12.515,0,4,2,0,0,99.66666667,0.235333333,1.341666667,12,9.090909091,80,50.0
1,1,6.12,0,8,0,0,0,445.6,0.224,-20.0,4,0.199600798,20,0.497512438
1,1,6.12,0,8,0,0,0,388.5666667,0.160666667,-2.833333333,8,0.199600798,20,0.497512438
1,1,6.12,0,8,0,0,0,168.4666667,0.232333333,-0.537666667,12,0.199600798,20,0.497512438
1,1,6.12,0,8,0,0,0,206.4666667,0.204666667,-0.144176667,4,0.199600798,40,0.497512438
1,1,6.12,0,8,0,0,0,266.9333333,0.448,-1.186333333,8,0.199600798,40,0.497512438
1,1,6.12,0,8,0,0,0,295.5333333,0.357,-1.356666667,12,0.199600798,40,0.497512438
1,1,6.12,0,8,0,0,0,213.1,0.208333333,-2.03,4,0.199600798,60,0.497512438
1,1,6.12,0,8,0,0,0,226.5333333,0.251333333,0.105433333,8,0.199600798,60,0.497512438
1,1,6.12,0,8,0,0,0,191.9333333,0.201333333,0.3688,12,0.199600798,60,0.497512438
1,1,6.12,0,8,0,0,0,204.2,0.222333333,-2.123333333,4,0.199600798,80,0.497512438
1,1,6.12,0,8,0,0,0,153.2,0.214666667,1.007666667,8,0.199600798,80,0.497512438
1,1,6.12,0,8,0,0,0,145.8666667,0.251,-0.358366667,12,0.199600798,80,0.497512438
1,1,6.12,0,8,0,0,0,380.3333333,0.369666667,-7.156666667,4,0.199600798,20,0.99009901
1,1,6.12,0,8,0,0,0,300.7,0.191666667,-7.346666667,8,0.199600798,20,0.99009901
1,1,6.12,0,8,0,0,0,323.3666667,0.139333333,-1.173666667,12,0.199600798,20,0.99009901
1,1,6.12,0,8,0,0,0,197.5333333,0.27,-0.223666667,4,0.199600798,40,0.99009901
1,1,6.12,0,8,0,0,0,266.7,0.469333333,-1.3988,8,0.199600798,40,0.99009901
1,1,6.12,0,8,0,0,0,260.9333333,0.451,-1.876666667,12,0.199600798,40,0.99009901
1,1,6.12,0,8,0,0,0,236.7333333,0.212,1.45,4,0.199600798,60,0.99009901
1,1,6.12,0,8,0,0,0,169.5666667,0.271,2.546666667,8,0.199600798,60,0.99009901
1,1,6.12,0,8,0,0,0,227.0666667,0.248666667,2.25,12,0.199600798,60,0.99009901
1,1,6.12,0,8,0,0,0,198.8,0.230666667,-5.656666667,4,0.199600798,80,0.99009901
1,1,6.12,0,8,0,0,0,148.5333333,0.221333333,-0.2858,8,0.199600798,80,0.99009901
1,1,6.12,0,8,0,0,0,134.8333333,0.301666667,3.186666667,12,0.199600798,80,0.99009901
1,1,6.12,0,8,0,0,0,160.3666667,0.219333333,3.713333333,4,0.199600798,20,1.960784314
1,1,6.12,0,8,0,0,0,394.7333333,0.162333333,-4.73,8,0.199600798,20,1.960784314
1,1,6.12,0,8,0,0,0,294.7666667,0.212333333,-2.64,12,0.199600798,20,1.960784314
1,1,6.12,0,8,0,0,0,174.7,0.195333333,1.836666667,4,0.199600798,40,1.960784314
1,1,6.12,0,8,0,0,0,308.0666667,0.109,5.443333333,8,0.199600798,40,1.960784314
1,1,6.12,0,8,0,0,0,458.9333333,0.305333333,-1.491333333,12,0.199600798,40,1.960784314
1,1,6.12,0,8,0,0,0,191.4333333,0.245666667,-1.055666667,4,0.199600798,60,1.960784314
1,1,6.12,0,8,0,0,0,201.9333333,0.207333333,4.203333333,8,0.199600798,60,1.960784314
1,1,6.12,0,8,0,0,0,211.8333333,0.225,0.894,12,0.199600798,60,1.960784314
1,1,6.12,0,8,0,0,0,190.4333333,0.222666667,-0.884,4,0.199600798,80,1.960784314
1,1,6.12,0,8,0,0,0,190.6333333,0.218,-0.851,8,0.199600798,80,1.960784314
1,1,6.12,0,8,0,0,0,128.8,0.305666667,2.053333333,12,0.199600798,80,1.960784314
1,1,6.12,0,8,0,0,0,595.8333333,0.223,-15.63333333,4,0.199600798,20,9.090909091
1,1,6.12,0,8,0,0,0,377.5666667,0.193666667,-3.236666667,8,0.199600798,20,9.090909091
1,1,6.12,0,8,0,0,0,288.2333333,0.216666667,-2.386666667,12,0.199600798,20,9.090909091
1,1,6.12,0,8,0,0,0,217.5333333,0.217,-1.123333333,4,0.199600798,40,9.090909091
1,1,6.12,0,8,0,0,0,218.9666667,0.235,0.326666667,8,0.199600798,40,9.090909091
1,1,6.12,0,8,0,0,0,316.5666667,0.160666667,6.206666667,12,0.199600798,40,9.090909091
1,1,6.12,0,8,0,0,0,273.8,0.336,-2.076666667,4,0.199600798,60,9.090909091
1,1,6.12,0,8,0,0,0,146.0,0.277666667,1.556666667,8,0.199600798,60,9.090909091
1,1,6.12,0,8,0,0,0,181.1666667,0.254,-0.4172,12,0.199600798,60,9.090909091
1,1,6.12,0,8,0,0,0,275.1,0.284,-2.526666667,4,0.199600798,80,9.090909091
1,1,6.12,0,8,0,0,0,160.8666667,0.203666667,-0.499666667,8,0.199600798,80,9.090909091
1,1,6.12,0,8,0,0,0,155.4,0.298333333,-0.839666667,12,0.199600798,80,9.090909091
1,1,6.12,0,8,0,0,0,720.4,0.440666667,-2.03,4,0.199600798,20,50.0
1,1,6.12,0,8,0,0,0,474.8333333,0.644333333,-1.383333333,8,0.199600798,20,50.0
1,1,6.12,0,8,0,0,0,343.4,0.394333333,0.513666667,12,0.199600798,20,50.0
1,1,6.12,0,8,0,0,0,221.6333333,0.178333333,0.588,4,0.199600798,40,50.0
1,1,6.12,0,8,0,0,0,288.5,0.270666667,1.082333333,8,0.199600798,40,50.0
1,1,6.12,0,8,0,0,0,253.8,0.277666667,1.406666667,12,0.199600798,40,50.0
1,1,6.12,0,8,0,0,0,289.6666667,0.285,0.446333333,4,0.199600798,60,50.0
1,1,6.12,0,8,0,0,0,132.6,0.250333333,5.146666667,8,0.199600798,60,50.0
1,1,6.12,0,8,0,0,0,241.5333333,0.276666667,2.226666667,12,0.199600798,60,50.0
1,1,6.12,0,8,0,0,0,269.8333333,0.182,-8.26,4,0.199600798,80,50.0
1,1,6.12,0,8,0,0,0,210.1666667,0.217,-1.306,8,0.199600798,80,50.0
1,1,6.12,0,8,0,0,0,200.7333333,0.231,1.663666667,12,0.199600798,80,50.0
1,1,6.12,0,8,0,0,0,665.4,0.428666667,-4.956666667,4,0.99009901,20,0.497512438
1,1,6.12,0,8,0,0,0,461.8666667,0.204666667,-3.503333333,8,0.99009901,20,0.497512438
1,1,6.12,0,8,0,0,0,426.1,0.213666667,-2.953333333,12,0.99009901,20,0.497512438
1,1,6.12,0,8,0,0,0,278.2,0.298333333,-3.166666667,4,0.99009901,40,0.497512438
1,1,6.12,0,8,0,0,0,185.7333333,0.289333333,2.283333333,8,0.99009901,40,0.497512438
1,1,6.12,0,8,0,0,0,244.9,0.259,2.306666667,12,0.99009901,40,0.497512438
1,1,6.12,0,8,0,0,0,217.0666667,0.225333333,-1.85,4,0.99009901,60,0.497512438
1,1,6.12,0,8,0,0,0,222.0666667,0.144666667,0.132760333,8,0.99009901,60,0.497512438
1,1,6.12,0,8,0,0,0,187.0666667,0.212333333,-0.077333333,12,0.99009901,60,0.497512438
1,1,6.12,0,8,0,0,0,186.3666667,0.218,-4.35,4,0.99009901,80,0.497512438
1,1,6.12,0,8,0,0,0,208.6666667,0.198333333,-1.425333333,8,0.99009901,80,0.497512438
1,1,6.12,0,8,0,0,0,200.6333333,0.218,-0.192333333,12,0.99009901,80,0.497512438
1,1,6.12,0,8,0,0,0,411.7333333,0.436333333,-4.316666667,4,0.99009901,20,0.99009901
1,1,6.12,0,8,0,0,0,570.8666667,0.539333333,-3.67,8,0.99009901,20,0.99009901
1,1,6.12,0,8,0,0,0,219.3333333,0.198666667,2.13,12,0.99009901,20,0.99009901
1,1,6.12,0,8,0,0,0,265.8666667,0.319666667,-2.493333333,4,0.99009901,40,0.99009901
1,1,6.12,0,8,0,0,0,174.9,0.285,-0.763333333,8,0.99009901,40,0.99009901
1,1,6.12,0,8,0,0,0,221.6,0.295666667,3.32,12,0.99009901,40,0.99009901
1,1,6.12,0,8,0,0,0,180.1666667,0.231666667,0.096,4,0.99009901,60,0.99009901
1,1,6.12,0,8,0,0,0,213.7666667,0.231666667,-1.543333333,8,0.99009901,60,0.99009901
1,1,6.12,0,8,0,0,0,176.4333333,0.280666667,-0.458,12,0.99009901,60,0.99009901
1,1,6.12,0,8,0,0,0,180.8666667,0.208333333,-3.533333333,4,0.99009901,80,0.99009901
1,1,6.12,0,8,0,0,0,171.9333333,0.230666667,-2.693333333,8,0.99009901,80,0.99009901
1,1,6.12,0,8,0,0,0,192.2,0.185333333,-1.073,12,0.99009901,80,0.99009901
1,1,6.12,0,8,0,0,0,391.5666667,0.541,-4.583333333,4,0.99009901,20,1.960784314
1,1,6.12,0,8,0,0,0,258.8333333,0.707,-2.473333333,8,0.99009901,20,1.960784314
1,1,6.12,0,8,0,0,0,237.1333333,0.195333333,-0.988333333,12,0.99009901,20,1.960784314
1,1,6.12,0,8,0,0,0,194.0333333,0.253,-0.591633333,4,0.99009901,40,1.960784314
1,1,6.12,0,8,0,0,0,170.3,0.291333333,-1.048,8,0.99009901,40,1.960784314
1,1,6.12,0,8,0,0,0,198.4,0.239666667,1.671666667,12,0.99009901,40,1.960784314
1,1,6.12,0,8,0,0,0,174.6333333,0.245333333,0.497666667,4,0.99009901,60,1.960784314
1,1,6.12,0,8,0,0,0,223.9666667,0.187,1.216666667,8,0.99009901,60,1.960784314
1,1,6.12,0,8,0,0,0,202.3,0.240333333,-0.367833333,12,0.99009901,60,1.960784314
1,1,6.12,0,8,0,0,0,233.2666667,0.174,-2.813333333,4,0.99009901,80,1.960784314
1,1,6.12,0,8,0,0,0,167.0333333,0.204,0.119166667,8,0.99009901,80,1.960784314
1,1,6.12,0,8,0,0,0,190.2333333,0.240666667,-1.521333333,12,0.99009901,80,1.960784314
1,1,6.12,0,8,0,0,0,264.9,0.459,-3.486666667,4,0.99009901,20,9.090909091
1,1,6.12,0,8,0,0,0,216.4,0.234333333,1.181,8,0.99009901,20,9.090909091
1,1,6.12,0,8,0,0,0,314.3333333,0.333,-1.583333333,12,0.99009901,20,9.090909091
1,1,6.12,0,8,0,0,0,207.4,0.21,-1.696666667,4,0.99009901,40,9.090909091
1,1,6.12,0,8,0,0,0,180.6333333,0.302666667,1.110333333,8,0.99009901,40,9.090909091
1,1,6.12,0,8,0,0,0,212.9666667,0.360333333,-0.2816,12,0.99009901,40,9.090909091
1,1,6.12,0,8,0,0,0,253.3,0.169,-0.997666667,4,0.99009901,60,9.090909091
1,1,6.12,0,8,0,0,0,170.7666667,0.234666667,1.956666667,8,0.99009901,60,9.090909091
1,1,6.12,0,8,0,0,0,158.8333333,0.296333333,0.975666667,12,0.99009901,60,9.090909091
1,1,6.12,0,8,0,0,0,188.7333333,0.239666667,-4.646666667,4,0.99009901,80,9.090909091
1,1,6.12,0,8,0,0,0,206.5333333,0.225333333,-1.383,8,0.99009901,80,9.090909091
1,1,6.12,0,8,0,0,0,182.9,0.292,0.969,12,0.99009901,80,9.090909091
1,1,6.12,0,8,0,0,0,394.3,0.600333333,-7.95,4,0.99009901,20,50.0
1,1,6.12,0,8,0,0,0,254.7,0.583333333,-4.996666667,8,0.99009901,20,50.0
1,1,6.12,0,8,0,0,0,308.6333333,0.453,1.496666667,12,0.99009901,20,50.0
1,1,6.12,0,8,0,0,0,431.1,0.499333333,-12.68333333,4,0.99009901,40,50.0
1,1,6.12,0,8,0,0,0,161.8333333,0.314666667,-0.225866667,8,0.99009901,40,50.0
1,1,6.12,0,8,0,0,0,234.1666667,0.19,1.199666667,12,0.99009901,40,50.0
1,1,6.12,0,8,0,0,0,227.1333333,0.237666667,1.106666667,4,0.99009901,60,50.0
1,1,6.12,0,8,0,0,0,191.0333333,0.258,1.159666667,8,0.99009901,60,50.0
1,1,6.12,0,8,0,0,0,173.0666667,0.277666667,0.740633333,12,0.99009901,60,50.0
1,1,6.12,0,8,0,0,0,385.4666667,0.314,-5.563333333,4,0.99009901,80,50.0
1,1,6.12,0,8,0,0,0,235.9666667,0.202666667,-1.49,8,0.99009901,80,50.0
1,1,6.12,0,8,0,0,0,221.4,0.292,-0.068,12,0.99009901,80,50.0
1,1,6.12,0,8,0,0,0,429.7333333,0.863666667,-4.106666667,4,9.090909091,20,0.497512438
1,1,6.12,0,8,0,0,0,164.9,0.532666667,-4.78,8,9.090909091,20,0.497512438
1,1,6.12,0,8,0,0,0,204.7333333,0.528,-3.8,12,9.090909091,20,0.497512438
1,1,6.12,0,8,0,0,0,151.1,0.245666667,-8.67,4,9.090909091,40,0.497512438
1,1,6.12,0,8,0,0,0,219.6333333,0.576,-3.373333333,8,9.090909091,40,0.497512438
1,1,6.12,0,8,0,0,0,145.9333333,0.341666667,-1.295666667,12,9.090909091,40,0.497512438
1,1,6.12,0,8,0,0,0,127.0666667,0.191,-0.760666667,4,9.090909091,60,0.497512438
1,1,6.12,0,8,0,0,0,127.8,0.215333333,0.013,8,9.090909091,60,0.497512438
1,1,6.12,0,8,0,0,0,82.80666667,0.227333333,-1.82,12,9.090909091,60,0.497512438
1,1,6.12,0,8,0,0,0,104.6,0.148,-4.656666667,4,9.090909091,80,0.497512438
1,1,6.12,0,8,0,0,0,101.8666667,0.164,-2.406666667,8,9.090909091,80,0.497512438
1,1,6.12,0,8,0,0,0,92.93333333,0.211333333,-2.843333333,12,9.090909091,80,0.497512438
1,1,6.12,0,8,0,0,0,100.2433333,0.198,-9.143333333,4,9.090909091,20,0.99009901
1,1,6.12,0,8,0,0,0,142.6,0.251333333,-2.086666667,8,9.090909091,20,0.99009901
1,1,6.12,0,8,0,0,0,656.7666667,0.614,-2.69,12,9.090909091,20,0.99009901
1,1,6.12,0,8,0,0,0,156.8,0.255,-9.543333333,4,9.090909091,40,0.99009901
1,1,6.12,0,8,0,0,0,122.3333333,0.273,-1.101,8,9.090909091,40,0.99009901
1,1,6.12,0,8,0,0,0,146.9333333,0.334333333,-0.806,12,9.090909091,40,0.99009901
1,1,6.12,0,8,0,0,0,119.6333333,0.184,-0.956333333,4,9.090909091,60,0.99009901
1,1,6.12,0,8,0,0,0,138.6333333,0.232666667,-1.070666667,8,9.090909091,60,0.99009901
1,1,6.12,0,8,0,0,0,92.68333333,0.249333333,-1.873333333,12,9.090909091,60,0.99009901
1,1,6.12,0,8,0,0,0,107.7666667,0.171333333,-7.5,4,9.090909091,80,0.99009901
1,1,6.12,0,8,0,0,0,96.23333333,0.183,-3.133333333,8,9.090909091,80,0.99009901
1,1,6.12,0,8,0,0,0,112.1666667,0.211333333,-1.543333333,12,9.090909091,80,0.99009901
1,1,6.12,0,8,0,0,0,131.9333333,0.382,-8.303333333,4,9.090909091,20,1.960784314
1,1,6.12,0,8,0,0,0,130.2,0.408333333,-1.67,8,9.090909091,20,1.960784314
1,1,6.12,0,8,0,0,0,611.0333333,0.368666667,-4.006666667,12,9.090909091,20,1.960784314
1,1,6.12,0,8,0,0,0,149.6666667,0.191666667,-5.433333333,4,9.090909091,40,1.960784314
1,1,6.12,0,8,0,0,0,133.9666667,0.316333333,-0.782666667,8,9.090909091,40,1.960784314
1,1,6.12,0,8,0,0,0,138.3,0.326,-0.808,12,9.090909091,40,1.960784314
1,1,6.12,0,8,0,0,0,134.9666667,0.216333333,-2.59,4,9.090909091,60,1.960784314
1,1,6.12,0,8,0,0,0,140.6333333,0.252333333,-0.939333333,8,9.090909091,60,1.960784314
1,1,6.12,0,8,0,0,0,97.09,0.251,-1.427333333,12,9.090909091,60,1.960784314
1,1,6.12,0,8,0,0,0,104.5666667,0.164333333,-4.286666667,4,9.090909091,80,1.960784314
1,1,6.12,0,8,0,0,0,110.4,0.162333333,-3.123333333,8,9.090909091,80,1.960784314
1,1,6.12,0,8,0,0,0,95.28,0.202666667,-2.5,12,9.090909091,80,1.960784314
1,1,6.12,0,8,0,0,0,115.9666667,0.283666667,-5.833333333,4,9.090909091,20,9.090909091
1,1,6.12,0,8,0,0,0,130.5666667,0.339666667,-1.171666667,8,9.090909091,20,9.090909091
1,1,6.12,0,8,0,0,0,320.0666667,0.756333333,-3.613333333,12,9.090909091,20,9.090909091
1,1,6.12,0,8,0,0,0,129.2333333,0.187,-8.426666667,4,9.090909091,40,9.090909091
1,1,6.12,0,8,0,0,0,121.4666667,0.242333333,-0.833,8,9.090909091,40,9.090909091
1,1,6.12,0,8,0,0,0,169.4666667,0.346,-0.889,12,9.090909091,40,9.090909091
1,1,6.12,0,8,0,0,0,134.3333333,0.149666667,-3.496666667,4,9.090909091,60,9.090909091
1,1,6.12,0,8,0,0,0,114.1666667,0.231666667,-1.372,8,9.090909091,60,9.090909091
1,1,6.12,0,8,0,0,0,92.96333333,0.255666667,-2.23,12,9.090909091,60,9.090909091
1,1,6.12,0,8,0,0,0,118.9,0.206333333,-7.86,4,9.090909091,80,9.090909091
1,1,6.12,0,8,0,0,0,94.82333333,0.199666667,-1.491,8,9.090909091,80,9.090909091
1,1,6.12,0,8,0,0,0,95.42666667,0.200333333,-2.646666667,12,9.090909091,80,9.090909091
1,1,6.12,0,8,0,0,0,395.1666667,0.705333333,-16.8,4,9.090909091,20,50.0
1,1,6.12,0,8,0,0,0,156.3,0.287,-9.796666667,8,9.090909091,20,50.0
1,1,6.12,0,8,0,0,0,139.8,0.211666667,-6.03,12,9.090909091,20,50.0
1,1,6.12,0,8,0,0,0,144.2333333,0.199666667,-7.93,4,9.090909091,40,50.0
1,1,6.12,0,8,0,0,0,131.1,0.226666667,-1.069666667,8,9.090909091,40,50.0
1,1,6.12,0,8,0,0,0,150.6666667,0.35,-1.002,12,9.090909091,40,50.0
1,1,6.12,0,8,0,0,0,151.8666667,0.188666667,-6.88,4,9.090909091,60,50.0
1,1,6.12,0,8,0,0,0,143.0666667,0.263,-0.741333333,8,9.090909091,60,50.0
1,1,6.12,0,8,0,0,0,122.1,0.250333333,-1.561,12,9.090909091,60,50.0
1,1,6.12,0,8,0,0,0,149.8,0.23,-13.63333333,4,9.090909091,80,50.0
1,1,6.12,0,8,0,0,0,152.3333333,0.243666667,-3.446666667,8,9.090909091,80,50.0
1,1,6.12,0,8,0,0,0,156.8,0.304,-1.356666667,12,9.090909091,80,50.0
