,Formula label,Helper_lipid,P_charged_centers,N_charged_centers,cLogP,cTPSA,Hbond_D,Hbond_A,Total_Carbon_Tails,Double_bonds,NP_ratio,Dlin-MC3_Helper lipid_ratio,Dlin-MC3+Helper lipid percentage,Chol_DMG-PEG_ratio,B16_Prediction,B16_Prediction_RLU
0,0,aLin,0.0,1.0,6.818,37.3,1.0,2.0,18.0,3.0,4,1,20,10,0.04592198,0.89944196
1,1,aLin,0.0,1.0,6.818,37.3,1.0,2.0,18.0,3.0,4,1,20,100,0.14222658,1.9363537
2,2,aLin,0.0,1.0,6.818,37.3,1.0,2.0,18.0,3.0,4,1,20,500,0.13373807,1.8449578
3,3,aLin,0.0,1.0,6.818,37.3,1.0,2.0,18.0,3.0,4,1,40,10,0.04041466,0.84014463
4,4,aLin,0.0,1.0,6.818,37.3,1.0,2.0,18.0,3.0,4,1,40,100,0.12590638,1.7606341
5,5,aLin,0.0,1.0,6.818,37.3,1.0,2.0,18.0,3.0,4,1,40,500,0.07234031,1.1838881
6,6,aLin,0.0,1.0,6.818,37.3,1.0,2.0,18.0,3.0,4,1,60,10,0.04927528,0.93554693
7,7,aLin,0.0,1.0,6.818,37.3,1.0,2.0,18.0,3.0,4,1,60,100,0.12113652,1.7092769
8,8,aLin,0.0,1.0,6.818,37.3,1.0,2.0,18.0,3.0,4,1,60,500,0.08064765,1.2733332
9,9,aLin,0.0,1.0,6.818,37.3,1.0,2.0,18.0,3.0,4,1,80,10,0.093312174,1.4096923
10,10,aLin,0.0,1.0,6.818,37.3,1.0,2.0,18.0,3.0,4,1,80,100,0.14120483,1.9253526
11,11,aLin,0.0,1.0,6.818,37.3,1.0,2.0,18.0,3.0,4,1,80,500,0.11099857,1.6001217
12,12,aLin,0.0,1.0,6.818,37.3,1.0,2.0,18.0,3.0,4,10,20,10,0.08594701,1.3303914
13,13,aLin,0.0,1.0,6.818,37.3,1.0,2.0,18.0,3.0,4,10,20,100,0.259473,3.1987457
14,14,aLin,0.0,1.0,6.818,37.3,1.0,2.0,18.0,3.0,4,10,20,500,0.22530177,2.8308244
15,15,aLin,0.0,1.0,6.818,37.3,1.0,2.0,18.0,3.0,4,10,40,10,0.10516715,1.5373348
16,16,aLin,0.0,1.0,6.818,37.3,1.0,2.0,18.0,3.0,4,10,40,100,0.24329793,3.0245888
17,17,aLin,0.0,1.0,6.818,37.3,1.0,2.0,18.0,3.0,4,10,40,500,0.13985103,1.9107761
18,18,aLin,0.0,1.0,6.818,37.3,1.0,2.0,18.0,3.0,4,10,60,10,0.11691192,1.6637907
19,19,aLin,0.0,1.0,6.818,37.3,1.0,2.0,18.0,3.0,4,10,60,100,0.18846855,2.4342408
20,20,aLin,0.0,1.0,6.818,37.3,1.0,2.0,18.0,3.0,4,10,60,500,0.107427806,1.5616753
21,21,aLin,0.0,1.0,6.818,37.3,1.0,2.0,18.0,3.0,4,10,80,10,0.10200733,1.503313
22,22,aLin,0.0,1.0,6.818,37.3,1.0,2.0,18.0,3.0,4,10,80,100,0.14243826,1.9386328
23,23,aLin,0.0,1.0,6.818,37.3,1.0,2.0,18.0,3.0,4,10,80,500,0.10402483,1.5250354
24,24,aLin,0.0,1.0,6.818,37.3,1.0,2.0,18.0,3.0,4,50,20,10,0.0840919,1.3104175
25,25,aLin,0.0,1.0,6.818,37.3,1.0,2.0,18.0,3.0,4,50,20,100,0.2543738,3.1438427
26,26,aLin,0.0,1.0,6.818,37.3,1.0,2.0,18.0,3.0,4,50,20,500,0.2385481,2.9734476
27,27,aLin,0.0,1.0,6.818,37.3,1.0,2.0,18.0,3.0,4,50,40,10,0.12120229,1.7099851
28,28,aLin,0.0,1.0,6.818,37.3,1.0,2.0,18.0,3.0,4,50,40,100,0.21107781,2.6776748
29,29,aLin,0.0,1.0,6.818,37.3,1.0,2.0,18.0,3.0,4,50,40,500,0.16077068,2.136018
30,30,aLin,0.0,1.0,6.818,37.3,1.0,2.0,18.0,3.0,4,50,60,10,0.08421442,1.3117367
31,31,aLin,0.0,1.0,6.818,37.3,1.0,2.0,18.0,3.0,4,50,60,100,0.13076374,1.8129332
32,32,aLin,0.0,1.0,6.818,37.3,1.0,2.0,18.0,3.0,4,50,60,500,0.08171484,1.2848237
33,33,aLin,0.0,1.0,6.818,37.3,1.0,2.0,18.0,3.0,4,50,80,10,0.060409844,1.0554328
34,34,aLin,0.0,1.0,6.818,37.3,1.0,2.0,18.0,3.0,4,50,80,100,0.07892451,1.2547802
35,35,aLin,0.0,1.0,6.818,37.3,1.0,2.0,18.0,3.0,4,50,80,500,0.07431823,1.2051843
36,36,aLin,0.0,1.0,6.818,37.3,1.0,2.0,18.0,3.0,4,100,20,10,0.06421769,1.0964319
37,37,aLin,0.0,1.0,6.818,37.3,1.0,2.0,18.0,3.0,4,100,20,100,0.25963092,3.2004461
38,38,aLin,0.0,1.0,6.818,37.3,1.0,2.0,18.0,3.0,4,100,20,500,0.26214197,3.2274828
39,39,aLin,0.0,1.0,6.818,37.3,1.0,2.0,18.0,3.0,4,100,40,10,0.11612439,1.6553113
40,40,aLin,0.0,1.0,6.818,37.3,1.0,2.0,18.0,3.0,4,100,40,100,0.20355949,2.596725
41,41,aLin,0.0,1.0,6.818,37.3,1.0,2.0,18.0,3.0,4,100,40,500,0.16221294,2.1515467
42,42,aLin,0.0,1.0,6.818,37.3,1.0,2.0,18.0,3.0,4,100,60,10,0.07845011,1.2496724
43,43,aLin,0.0,1.0,6.818,37.3,1.0,2.0,18.0,3.0,4,100,60,100,0.12228307,1.7216219
44,44,aLin,0.0,1.0,6.818,37.3,1.0,2.0,18.0,3.0,4,100,60,500,0.08775252,1.3498315
45,45,aLin,0.0,1.0,6.818,37.3,1.0,2.0,18.0,3.0,4,100,80,10,0.05201271,0.96502084
46,46,aLin,0.0,1.0,6.818,37.3,1.0,2.0,18.0,3.0,4,100,80,100,0.06731191,1.1297474
47,47,aLin,0.0,1.0,6.818,37.3,1.0,2.0,18.0,3.0,4,100,80,500,0.06791672,1.1362593
48,48,aLin,0.0,1.0,6.818,37.3,1.0,2.0,18.0,3.0,4,200,20,10,0.089705646,1.3708608
49,49,aLin,0.0,1.0,6.818,37.3,1.0,2.0,18.0,3.0,4,200,20,100,0.2742999,3.358387
50,50,aLin,0.0,1.0,6.818,37.3,1.0,2.0,18.0,3.0,4,200,20,500,0.36102712,4.292179
51,51,aLin,0.0,1.0,6.818,37.3,1.0,2.0,18.0,3.0,4,200,40,10,0.12363133,1.7361386
52,52,aLin,0.0,1.0,6.818,37.3,1.0,2.0,18.0,3.0,4,200,40,100,0.2288597,2.8691323
53,53,aLin,0.0,1.0,6.818,37.3,1.0,2.0,18.0,3.0,4,200,40,500,0.29914048,3.6258457
54,54,aLin,0.0,1.0,6.818,37.3,1.0,2.0,18.0,3.0,4,200,60,10,0.0744057,1.2061262
55,55,aLin,0.0,1.0,6.818,37.3,1.0,2.0,18.0,3.0,4,200,60,100,0.108481914,1.5730249
56,56,aLin,0.0,1.0,6.818,37.3,1.0,2.0,18.0,3.0,4,200,60,500,0.12884244,1.7922467
57,57,aLin,0.0,1.0,6.818,37.3,1.0,2.0,18.0,3.0,4,200,80,10,0.05683869,1.0169822
58,58,aLin,0.0,1.0,6.818,37.3,1.0,2.0,18.0,3.0,4,200,80,100,0.06818071,1.1391017
59,59,aLin,0.0,1.0,6.818,37.3,1.0,2.0,18.0,3.0,4,200,80,500,0.08374953,1.3067312
60,60,aLin,0.0,1.0,6.818,37.3,1.0,2.0,18.0,3.0,8,1,20,10,0.011573911,0.5296163
61,61,aLin,0.0,1.0,6.818,37.3,1.0,2.0,18.0,3.0,8,1,20,100,0.10391179,1.5238183
62,62,aLin,0.0,1.0,6.818,37.3,1.0,2.0,18.0,3.0,8,1,20,500,0.11218122,1.6128552
63,63,aLin,0.0,1.0,6.818,37.3,1.0,2.0,18.0,3.0,8,1,40,10,0.016387701,0.58144635
64,64,aLin,0.0,1.0,6.818,37.3,1.0,2.0,18.0,3.0,8,1,40,100,0.15849379,2.1115026
65,65,aLin,0.0,1.0,6.818,37.3,1.0,2.0,18.0,3.0,8,1,40,500,0.12802291,1.7834227
66,66,aLin,0.0,1.0,6.818,37.3,1.0,2.0,18.0,3.0,8,1,60,10,0.05631119,1.0113026
67,67,aLin,0.0,1.0,6.818,37.3,1.0,2.0,18.0,3.0,8,1,60,100,0.13091707,1.8145841
68,68,aLin,0.0,1.0,6.818,37.3,1.0,2.0,18.0,3.0,8,1,60,500,0.11161327,1.6067402
69,69,aLin,0.0,1.0,6.818,37.3,1.0,2.0,18.0,3.0,8,1,80,10,0.10778341,1.5655041
70,70,aLin,0.0,1.0,6.818,37.3,1.0,2.0,18.0,3.0,8,1,80,100,0.15583187,2.0828419
71,71,aLin,0.0,1.0,6.818,37.3,1.0,2.0,18.0,3.0,8,1,80,500,0.14043853,1.9171017
72,72,aLin,0.0,1.0,6.818,37.3,1.0,2.0,18.0,3.0,8,10,20,10,0.06541386,1.1093111
73,73,aLin,0.0,1.0,6.818,37.3,1.0,2.0,18.0,3.0,8,10,20,100,0.22096351,2.7841141
74,74,aLin,0.0,1.0,6.818,37.3,1.0,2.0,18.0,3.0,8,10,20,500,0.18684387,2.416748
75,75,aLin,0.0,1.0,6.818,37.3,1.0,2.0,18.0,3.0,8,10,40,10,0.08110541,1.2782619
76,76,aLin,0.0,1.0,6.818,37.3,1.0,2.0,18.0,3.0,8,10,40,100,0.22958302,2.8769205
77,77,aLin,0.0,1.0,6.818,37.3,1.0,2.0,18.0,3.0,8,10,40,500,0.14657322,1.9831539
78,78,aLin,0.0,1.0,6.818,37.3,1.0,2.0,18.0,3.0,8,10,60,10,0.12613472,1.7630926
79,79,aLin,0.0,1.0,6.818,37.3,1.0,2.0,18.0,3.0,8,10,60,100,0.16655287,2.1982749
80,80,aLin,0.0,1.0,6.818,37.3,1.0,2.0,18.0,3.0,8,10,60,500,0.10054839,1.4876045
81,81,aLin,0.0,1.0,6.818,37.3,1.0,2.0,18.0,3.0,8,10,80,10,0.10433343,1.5283581
82,82,aLin,0.0,1.0,6.818,37.3,1.0,2.0,18.0,3.0,8,10,80,100,0.12040329,1.7013823
83,83,aLin,0.0,1.0,6.818,37.3,1.0,2.0,18.0,3.0,8,10,80,500,0.092191905,1.3976303
84,84,aLin,0.0,1.0,6.818,37.3,1.0,2.0,18.0,3.0,8,50,20,10,0.07795939,1.2443887
85,85,aLin,0.0,1.0,6.818,37.3,1.0,2.0,18.0,3.0,8,50,20,100,0.21303022,2.6986964
86,86,aLin,0.0,1.0,6.818,37.3,1.0,2.0,18.0,3.0,8,50,20,500,0.20155129,2.5751028
87,87,aLin,0.0,1.0,6.818,37.3,1.0,2.0,18.0,3.0,8,50,40,10,0.097720414,1.4571558
88,88,aLin,0.0,1.0,6.818,37.3,1.0,2.0,18.0,3.0,8,50,40,100,0.19422129,2.4961808
89,89,aLin,0.0,1.0,6.818,37.3,1.0,2.0,18.0,3.0,8,50,40,500,0.16705868,2.2037208
90,90,aLin,0.0,1.0,6.818,37.3,1.0,2.0,18.0,3.0,8,50,60,10,0.11039266,1.5935979
91,91,aLin,0.0,1.0,6.818,37.3,1.0,2.0,18.0,3.0,8,50,60,100,0.111166686,1.6019318
92,92,aLin,0.0,1.0,6.818,37.3,1.0,2.0,18.0,3.0,8,50,60,500,0.081356764,1.2809683
93,93,aLin,0.0,1.0,6.818,37.3,1.0,2.0,18.0,3.0,8,50,80,10,0.06882131,1.1459991
94,94,aLin,0.0,1.0,6.818,37.3,1.0,2.0,18.0,3.0,8,50,80,100,0.057014942,1.0188799
95,95,aLin,0.0,1.0,6.818,37.3,1.0,2.0,18.0,3.0,8,50,80,500,0.061095983,1.0628204
96,96,aLin,0.0,1.0,6.818,37.3,1.0,2.0,18.0,3.0,8,100,20,10,0.06549966,1.1102349
97,97,aLin,0.0,1.0,6.818,37.3,1.0,2.0,18.0,3.0,8,100,20,100,0.23479128,2.9329977
98,98,aLin,0.0,1.0,6.818,37.3,1.0,2.0,18.0,3.0,8,100,20,500,0.22354126,2.811869
99,99,aLin,0.0,1.0,6.818,37.3,1.0,2.0,18.0,3.0,8,100,40,10,0.103459865,1.5189525
100,100,aLin,0.0,1.0,6.818,37.3,1.0,2.0,18.0,3.0,8,100,40,100,0.21569514,2.7273896
101,101,aLin,0.0,1.0,6.818,37.3,1.0,2.0,18.0,3.0,8,100,40,500,0.17398396,2.2782855
102,102,aLin,0.0,1.0,6.818,37.3,1.0,2.0,18.0,3.0,8,100,60,10,0.11276445,1.6191349
103,103,aLin,0.0,1.0,6.818,37.3,1.0,2.0,18.0,3.0,8,100,60,100,0.12978455,1.8023903
104,104,aLin,0.0,1.0,6.818,37.3,1.0,2.0,18.0,3.0,8,100,60,500,0.091143936,1.3863468
105,105,aLin,0.0,1.0,6.818,37.3,1.0,2.0,18.0,3.0,8,100,80,10,0.06211862,1.0738312
106,106,aLin,0.0,1.0,6.818,37.3,1.0,2.0,18.0,3.0,8,100,80,100,0.057231456,1.021211
107,107,aLin,0.0,1.0,6.818,37.3,1.0,2.0,18.0,3.0,8,100,80,500,0.05120313,0.95630413
108,108,aLin,0.0,1.0,6.818,37.3,1.0,2.0,18.0,3.0,8,200,20,10,0.104613096,1.5313693
109,109,aLin,0.0,1.0,6.818,37.3,1.0,2.0,18.0,3.0,8,200,20,100,0.25808582,3.18381
110,110,aLin,0.0,1.0,6.818,37.3,1.0,2.0,18.0,3.0,8,200,20,500,0.33714747,4.035067
111,111,aLin,0.0,1.0,6.818,37.3,1.0,2.0,18.0,3.0,8,200,40,10,0.12990409,1.8036774
112,112,aLin,0.0,1.0,6.818,37.3,1.0,2.0,18.0,3.0,8,200,40,100,0.25057092,3.1028972
113,113,aLin,0.0,1.0,6.818,37.3,1.0,2.0,18.0,3.0,8,200,40,500,0.32811567,3.9378216
114,114,aLin,0.0,1.0,6.818,37.3,1.0,2.0,18.0,3.0,8,200,60,10,0.11752766,1.6704204
115,115,aLin,0.0,1.0,6.818,37.3,1.0,2.0,18.0,3.0,8,200,60,100,0.12215352,1.720227
116,116,aLin,0.0,1.0,6.818,37.3,1.0,2.0,18.0,3.0,8,200,60,500,0.1401532,1.9140296
117,117,aLin,0.0,1.0,6.818,37.3,1.0,2.0,18.0,3.0,8,200,80,10,0.06774753,1.1344377
118,118,aLin,0.0,1.0,6.818,37.3,1.0,2.0,18.0,3.0,8,200,80,100,0.062417,1.0770439
119,119,aLin,0.0,1.0,6.818,37.3,1.0,2.0,18.0,3.0,8,200,80,500,0.06728178,1.1294229
120,120,aLin,0.0,1.0,6.818,37.3,1.0,2.0,18.0,3.0,12,1,20,10,0.03412974,0.7724749
121,121,aLin,0.0,1.0,6.818,37.3,1.0,2.0,18.0,3.0,12,1,20,100,0.09848341,1.465371
122,122,aLin,0.0,1.0,6.818,37.3,1.0,2.0,18.0,3.0,12,1,20,500,0.112873524,1.6203094
123,123,aLin,0.0,1.0,6.818,37.3,1.0,2.0,18.0,3.0,12,1,40,10,0.045363247,0.89342606
124,124,aLin,0.0,1.0,6.818,37.3,1.0,2.0,18.0,3.0,12,1,40,100,0.16889524,2.2234952
125,125,aLin,0.0,1.0,6.818,37.3,1.0,2.0,18.0,3.0,12,1,40,500,0.13335586,1.8408426
126,126,aLin,0.0,1.0,6.818,37.3,1.0,2.0,18.0,3.0,12,1,60,10,0.063284785,1.0863873
127,127,aLin,0.0,1.0,6.818,37.3,1.0,2.0,18.0,3.0,12,1,60,100,0.12268227,1.7259201
128,128,aLin,0.0,1.0,6.818,37.3,1.0,2.0,18.0,3.0,12,1,60,500,0.10338539,1.5181506
129,129,aLin,0.0,1.0,6.818,37.3,1.0,2.0,18.0,3.0,12,1,80,10,0.11301175,1.6217976
130,130,aLin,0.0,1.0,6.818,37.3,1.0,2.0,18.0,3.0,12,1,80,100,0.1580823,2.1070724
131,131,aLin,0.0,1.0,6.818,37.3,1.0,2.0,18.0,3.0,12,1,80,500,0.14506999,1.9669687
132,132,aLin,0.0,1.0,6.818,37.3,1.0,2.0,18.0,3.0,12,10,20,10,0.07487503,1.2111794
133,133,aLin,0.0,1.0,6.818,37.3,1.0,2.0,18.0,3.0,12,10,20,100,0.22266573,2.802442
134,134,aLin,0.0,1.0,6.818,37.3,1.0,2.0,18.0,3.0,12,10,20,500,0.19749394,2.5314174
135,135,aLin,0.0,1.0,6.818,37.3,1.0,2.0,18.0,3.0,12,10,40,10,0.08778563,1.350188
136,136,aLin,0.0,1.0,6.818,37.3,1.0,2.0,18.0,3.0,12,10,40,100,0.24872947,3.0830703
137,137,aLin,0.0,1.0,6.818,37.3,1.0,2.0,18.0,3.0,12,10,40,500,0.15918356,2.1189294
138,138,aLin,0.0,1.0,6.818,37.3,1.0,2.0,18.0,3.0,12,10,60,10,0.14520708,1.9684447
139,139,aLin,0.0,1.0,6.818,37.3,1.0,2.0,18.0,3.0,12,10,60,100,0.19354203,2.488867
140,140,aLin,0.0,1.0,6.818,37.3,1.0,2.0,18.0,3.0,12,10,60,500,0.11986816,1.6956205
141,141,aLin,0.0,1.0,6.818,37.3,1.0,2.0,18.0,3.0,12,10,80,10,0.116451174,1.6588298
142,142,aLin,0.0,1.0,6.818,37.3,1.0,2.0,18.0,3.0,12,10,80,100,0.13378936,1.8455101
143,143,aLin,0.0,1.0,6.818,37.3,1.0,2.0,18.0,3.0,12,10,80,500,0.103367716,1.5179603
144,144,aLin,0.0,1.0,6.818,37.3,1.0,2.0,18.0,3.0,12,50,20,10,0.062144935,1.0741146
145,145,aLin,0.0,1.0,6.818,37.3,1.0,2.0,18.0,3.0,12,50,20,100,0.17831933,2.3249643
146,146,aLin,0.0,1.0,6.818,37.3,1.0,2.0,18.0,3.0,12,50,20,500,0.18661264,2.4142582
147,147,aLin,0.0,1.0,6.818,37.3,1.0,2.0,18.0,3.0,12,50,40,10,0.07080436,1.1673505
148,148,aLin,0.0,1.0,6.818,37.3,1.0,2.0,18.0,3.0,12,50,40,100,0.20609659,2.624042
149,149,aLin,0.0,1.0,6.818,37.3,1.0,2.0,18.0,3.0,12,50,40,500,0.18438634,2.3902879
150,150,aLin,0.0,1.0,6.818,37.3,1.0,2.0,18.0,3.0,12,50,60,10,0.12263313,1.725391
151,151,aLin,0.0,1.0,6.818,37.3,1.0,2.0,18.0,3.0,12,50,60,100,0.139516,1.9071687
152,152,aLin,0.0,1.0,6.818,37.3,1.0,2.0,18.0,3.0,12,50,60,500,0.10210425,1.5043565
153,153,aLin,0.0,1.0,6.818,37.3,1.0,2.0,18.0,3.0,12,50,80,10,0.09681696,1.4474282
154,154,aLin,0.0,1.0,6.818,37.3,1.0,2.0,18.0,3.0,12,50,80,100,0.106354624,1.5501204
155,155,aLin,0.0,1.0,6.818,37.3,1.0,2.0,18.0,3.0,12,50,80,500,0.090605736,1.380552
156,156,aLin,0.0,1.0,6.818,37.3,1.0,2.0,18.0,3.0,12,100,20,10,0.053107828,0.976812
157,157,aLin,0.0,1.0,6.818,37.3,1.0,2.0,18.0,3.0,12,100,20,100,0.16416928,2.1726108
158,158,aLin,0.0,1.0,6.818,37.3,1.0,2.0,18.0,3.0,12,100,20,500,0.18307331,2.3761504
159,159,aLin,0.0,1.0,6.818,37.3,1.0,2.0,18.0,3.0,12,100,40,10,0.06924683,1.1505806
160,160,aLin,0.0,1.0,6.818,37.3,1.0,2.0,18.0,3.0,12,100,40,100,0.17936897,2.3362658
161,161,aLin,0.0,1.0,6.818,37.3,1.0,2.0,18.0,3.0,12,100,40,500,0.16681218,2.2010667
162,162,aLin,0.0,1.0,6.818,37.3,1.0,2.0,18.0,3.0,12,100,60,10,0.11571604,1.6509147
163,163,aLin,0.0,1.0,6.818,37.3,1.0,2.0,18.0,3.0,12,100,60,100,0.119015366,1.6864386
164,164,aLin,0.0,1.0,6.818,37.3,1.0,2.0,18.0,3.0,12,100,60,500,0.0882023,1.3546742
165,165,aLin,0.0,1.0,6.818,37.3,1.0,2.0,18.0,3.0,12,100,80,10,0.08785102,1.350892
166,166,aLin,0.0,1.0,6.818,37.3,1.0,2.0,18.0,3.0,12,100,80,100,0.09964594,1.477888
167,167,aLin,0.0,1.0,6.818,37.3,1.0,2.0,18.0,3.0,12,100,80,500,0.067534834,1.1321476
168,168,aLin,0.0,1.0,6.818,37.3,1.0,2.0,18.0,3.0,12,200,20,10,0.101694256,1.4999422
169,169,aLin,0.0,1.0,6.818,37.3,1.0,2.0,18.0,3.0,12,200,20,100,0.1951775,2.5064762
170,170,aLin,0.0,1.0,6.818,37.3,1.0,2.0,18.0,3.0,12,200,20,500,0.28954053,3.5224829
171,171,aLin,0.0,1.0,6.818,37.3,1.0,2.0,18.0,3.0,12,200,40,10,0.10881144,1.5765728
172,172,aLin,0.0,1.0,6.818,37.3,1.0,2.0,18.0,3.0,12,200,40,100,0.21227524,2.6905675
173,173,aLin,0.0,1.0,6.818,37.3,1.0,2.0,18.0,3.0,12,200,40,500,0.30261523,3.6632583
174,174,aLin,0.0,1.0,6.818,37.3,1.0,2.0,18.0,3.0,12,200,60,10,0.12897885,1.7937154
175,175,aLin,0.0,1.0,6.818,37.3,1.0,2.0,18.0,3.0,12,200,60,100,0.116027474,1.6542679
176,176,aLin,0.0,1.0,6.818,37.3,1.0,2.0,18.0,3.0,12,200,60,500,0.1336954,1.8444984
177,177,aLin,0.0,1.0,6.818,37.3,1.0,2.0,18.0,3.0,12,200,80,10,0.09064439,1.3809682
178,178,aLin,0.0,1.0,6.818,37.3,1.0,2.0,18.0,3.0,12,200,80,100,0.0997974,1.4795187
179,179,aLin,0.0,1.0,6.818,37.3,1.0,2.0,18.0,3.0,12,200,80,500,0.072891414,1.1898218
180,180,eico,0.0,1.0,6.908,37.3,1.0,2.0,20.0,5.0,4,1,20,10,0.04592198,0.89944196
181,181,eico,0.0,1.0,6.908,37.3,1.0,2.0,20.0,5.0,4,1,20,100,0.14222658,1.9363537
182,182,eico,0.0,1.0,6.908,37.3,1.0,2.0,20.0,5.0,4,1,20,500,0.13373807,1.8449578
183,183,eico,0.0,1.0,6.908,37.3,1.0,2.0,20.0,5.0,4,1,40,10,0.04041466,0.84014463
184,184,eico,0.0,1.0,6.908,37.3,1.0,2.0,20.0,5.0,4,1,40,100,0.12590638,1.7606341
185,185,eico,0.0,1.0,6.908,37.3,1.0,2.0,20.0,5.0,4,1,40,500,0.07234031,1.1838881
186,186,eico,0.0,1.0,6.908,37.3,1.0,2.0,20.0,5.0,4,1,60,10,0.04927528,0.93554693
187,187,eico,0.0,1.0,6.908,37.3,1.0,2.0,20.0,5.0,4,1,60,100,0.12113652,1.7092769
188,188,eico,0.0,1.0,6.908,37.3,1.0,2.0,20.0,5.0,4,1,60,500,0.08064765,1.2733332
189,189,eico,0.0,1.0,6.908,37.3,1.0,2.0,20.0,5.0,4,1,80,10,0.093312174,1.4096923
190,190,eico,0.0,1.0,6.908,37.3,1.0,2.0,20.0,5.0,4,1,80,100,0.14120483,1.9253526
191,191,eico,0.0,1.0,6.908,37.3,1.0,2.0,20.0,5.0,4,1,80,500,0.11099857,1.6001217
192,192,eico,0.0,1.0,6.908,37.3,1.0,2.0,20.0,5.0,4,10,20,10,0.08594701,1.3303914
193,193,eico,0.0,1.0,6.908,37.3,1.0,2.0,20.0,5.0,4,10,20,100,0.259473,3.1987457
194,194,eico,0.0,1.0,6.908,37.3,1.0,2.0,20.0,5.0,4,10,20,500,0.22530177,2.8308244
195,195,eico,0.0,1.0,6.908,37.3,1.0,2.0,20.0,5.0,4,10,40,10,0.10516715,1.5373348
196,196,eico,0.0,1.0,6.908,37.3,1.0,2.0,20.0,5.0,4,10,40,100,0.24329793,3.0245888
197,197,eico,0.0,1.0,6.908,37.3,1.0,2.0,20.0,5.0,4,10,40,500,0.13985103,1.9107761
198,198,eico,0.0,1.0,6.908,37.3,1.0,2.0,20.0,5.0,4,10,60,10,0.11691192,1.6637907
199,199,eico,0.0,1.0,6.908,37.3,1.0,2.0,20.0,5.0,4,10,60,100,0.18846855,2.4342408
200,200,eico,0.0,1.0,6.908,37.3,1.0,2.0,20.0,5.0,4,10,60,500,0.107427806,1.5616753
201,201,eico,0.0,1.0,6.908,37.3,1.0,2.0,20.0,5.0,4,10,80,10,0.10200733,1.503313
202,202,eico,0.0,1.0,6.908,37.3,1.0,2.0,20.0,5.0,4,10,80,100,0.14243826,1.9386328
203,203,eico,0.0,1.0,6.908,37.3,1.0,2.0,20.0,5.0,4,10,80,500,0.10402483,1.5250354
204,204,eico,0.0,1.0,6.908,37.3,1.0,2.0,20.0,5.0,4,50,20,10,0.0840919,1.3104175
205,205,eico,0.0,1.0,6.908,37.3,1.0,2.0,20.0,5.0,4,50,20,100,0.2543738,3.1438427
206,206,eico,0.0,1.0,6.908,37.3,1.0,2.0,20.0,5.0,4,50,20,500,0.2385481,2.9734476
207,207,eico,0.0,1.0,6.908,37.3,1.0,2.0,20.0,5.0,4,50,40,10,0.12120229,1.7099851
208,208,eico,0.0,1.0,6.908,37.3,1.0,2.0,20.0,5.0,4,50,40,100,0.21107781,2.6776748
209,209,eico,0.0,1.0,6.908,37.3,1.0,2.0,20.0,5.0,4,50,40,500,0.16077068,2.136018
210,210,eico,0.0,1.0,6.908,37.3,1.0,2.0,20.0,5.0,4,50,60,10,0.08421442,1.3117367
211,211,eico,0.0,1.0,6.908,37.3,1.0,2.0,20.0,5.0,4,50,60,100,0.13076374,1.8129332
212,212,eico,0.0,1.0,6.908,37.3,1.0,2.0,20.0,5.0,4,50,60,500,0.08171484,1.2848237
213,213,eico,0.0,1.0,6.908,37.3,1.0,2.0,20.0,5.0,4,50,80,10,0.060409844,1.0554328
214,214,eico,0.0,1.0,6.908,37.3,1.0,2.0,20.0,5.0,4,50,80,100,0.07892451,1.2547802
215,215,eico,0.0,1.0,6.908,37.3,1.0,2.0,20.0,5.0,4,50,80,500,0.07431823,1.2051843
216,216,eico,0.0,1.0,6.908,37.3,1.0,2.0,20.0,5.0,4,100,20,10,0.06421769,1.0964319
217,217,eico,0.0,1.0,6.908,37.3,1.0,2.0,20.0,5.0,4,100,20,100,0.25963092,3.2004461
218,218,eico,0.0,1.0,6.908,37.3,1.0,2.0,20.0,5.0,4,100,20,500,0.26214197,3.2274828
219,219,eico,0.0,1.0,6.908,37.3,1.0,2.0,20.0,5.0,4,100,40,10,0.11612439,1.6553113
220,220,eico,0.0,1.0,6.908,37.3,1.0,2.0,20.0,5.0,4,100,40,100,0.20355949,2.596725
221,221,eico,0.0,1.0,6.908,37.3,1.0,2.0,20.0,5.0,4,100,40,500,0.16221294,2.1515467
222,222,eico,0.0,1.0,6.908,37.3,1.0,2.0,20.0,5.0,4,100,60,10,0.07845011,1.2496724
223,223,eico,0.0,1.0,6.908,37.3,1.0,2.0,20.0,5.0,4,100,60,100,0.12228307,1.7216219
224,224,eico,0.0,1.0,6.908,37.3,1.0,2.0,20.0,5.0,4,100,60,500,0.08775252,1.3498315
225,225,eico,0.0,1.0,6.908,37.3,1.0,2.0,20.0,5.0,4,100,80,10,0.05201271,0.96502084
226,226,eico,0.0,1.0,6.908,37.3,1.0,2.0,20.0,5.0,4,100,80,100,0.06731191,1.1297474
227,227,eico,0.0,1.0,6.908,37.3,1.0,2.0,20.0,5.0,4,100,80,500,0.06791672,1.1362593
228,228,eico,0.0,1.0,6.908,37.3,1.0,2.0,20.0,5.0,4,200,20,10,0.089705646,1.3708608
229,229,eico,0.0,1.0,6.908,37.3,1.0,2.0,20.0,5.0,4,200,20,100,0.2742999,3.358387
230,230,eico,0.0,1.0,6.908,37.3,1.0,2.0,20.0,5.0,4,200,20,500,0.36102712,4.292179
231,231,eico,0.0,1.0,6.908,37.3,1.0,2.0,20.0,5.0,4,200,40,10,0.12363133,1.7361386
232,232,eico,0.0,1.0,6.908,37.3,1.0,2.0,20.0,5.0,4,200,40,100,0.2288597,2.8691323
233,233,eico,0.0,1.0,6.908,37.3,1.0,2.0,20.0,5.0,4,200,40,500,0.29914048,3.6258457
234,234,eico,0.0,1.0,6.908,37.3,1.0,2.0,20.0,5.0,4,200,60,10,0.0744057,1.2061262
235,235,eico,0.0,1.0,6.908,37.3,1.0,2.0,20.0,5.0,4,200,60,100,0.108481914,1.5730249
236,236,eico,0.0,1.0,6.908,37.3,1.0,2.0,20.0,5.0,4,200,60,500,0.12884244,1.7922467
237,237,eico,0.0,1.0,6.908,37.3,1.0,2.0,20.0,5.0,4,200,80,10,0.05683869,1.0169822
238,238,eico,0.0,1.0,6.908,37.3,1.0,2.0,20.0,5.0,4,200,80,100,0.06818071,1.1391017
239,239,eico,0.0,1.0,6.908,37.3,1.0,2.0,20.0,5.0,4,200,80,500,0.08374953,1.3067312
240,240,eico,0.0,1.0,6.908,37.3,1.0,2.0,20.0,5.0,8,1,20,10,0.011573911,0.5296163
241,241,eico,0.0,1.0,6.908,37.3,1.0,2.0,20.0,5.0,8,1,20,100,0.10391179,1.5238183
242,242,eico,0.0,1.0,6.908,37.3,1.0,2.0,20.0,5.0,8,1,20,500,0.11218122,1.6128552
243,243,eico,0.0,1.0,6.908,37.3,1.0,2.0,20.0,5.0,8,1,40,10,0.016387701,0.58144635
244,244,eico,0.0,1.0,6.908,37.3,1.0,2.0,20.0,5.0,8,1,40,100,0.15849379,2.1115026
245,245,eico,0.0,1.0,6.908,37.3,1.0,2.0,20.0,5.0,8,1,40,500,0.12802291,1.7834227
246,246,eico,0.0,1.0,6.908,37.3,1.0,2.0,20.0,5.0,8,1,60,10,0.05631119,1.0113026
247,247,eico,0.0,1.0,6.908,37.3,1.0,2.0,20.0,5.0,8,1,60,100,0.13091707,1.8145841
248,248,eico,0.0,1.0,6.908,37.3,1.0,2.0,20.0,5.0,8,1,60,500,0.11161327,1.6067402
249,249,eico,0.0,1.0,6.908,37.3,1.0,2.0,20.0,5.0,8,1,80,10,0.10778341,1.5655041
250,250,eico,0.0,1.0,6.908,37.3,1.0,2.0,20.0,5.0,8,1,80,100,0.15583187,2.0828419
251,251,eico,0.0,1.0,6.908,37.3,1.0,2.0,20.0,5.0,8,1,80,500,0.14043853,1.9171017
252,252,eico,0.0,1.0,6.908,37.3,1.0,2.0,20.0,5.0,8,10,20,10,0.06541386,1.1093111
253,253,eico,0.0,1.0,6.908,37.3,1.0,2.0,20.0,5.0,8,10,20,100,0.22096351,2.7841141
254,254,eico,0.0,1.0,6.908,37.3,1.0,2.0,20.0,5.0,8,10,20,500,0.18684387,2.416748
255,255,eico,0.0,1.0,6.908,37.3,1.0,2.0,20.0,5.0,8,10,40,10,0.08110541,1.2782619
256,256,eico,0.0,1.0,6.908,37.3,1.0,2.0,20.0,5.0,8,10,40,100,0.22958302,2.8769205
257,257,eico,0.0,1.0,6.908,37.3,1.0,2.0,20.0,5.0,8,10,40,500,0.14657322,1.9831539
258,258,eico,0.0,1.0,6.908,37.3,1.0,2.0,20.0,5.0,8,10,60,10,0.12613472,1.7630926
259,259,eico,0.0,1.0,6.908,37.3,1.0,2.0,20.0,5.0,8,10,60,100,0.16655287,2.1982749
260,260,eico,0.0,1.0,6.908,37.3,1.0,2.0,20.0,5.0,8,10,60,500,0.10054839,1.4876045
261,261,eico,0.0,1.0,6.908,37.3,1.0,2.0,20.0,5.0,8,10,80,10,0.10433343,1.5283581
262,262,eico,0.0,1.0,6.908,37.3,1.0,2.0,20.0,5.0,8,10,80,100,0.12040329,1.7013823
263,263,eico,0.0,1.0,6.908,37.3,1.0,2.0,20.0,5.0,8,10,80,500,0.092191905,1.3976303
264,264,eico,0.0,1.0,6.908,37.3,1.0,2.0,20.0,5.0,8,50,20,10,0.07795939,1.2443887
265,265,eico,0.0,1.0,6.908,37.3,1.0,2.0,20.0,5.0,8,50,20,100,0.21303022,2.6986964
266,266,eico,0.0,1.0,6.908,37.3,1.0,2.0,20.0,5.0,8,50,20,500,0.20155129,2.5751028
267,267,eico,0.0,1.0,6.908,37.3,1.0,2.0,20.0,5.0,8,50,40,10,0.097720414,1.4571558
268,268,eico,0.0,1.0,6.908,37.3,1.0,2.0,20.0,5.0,8,50,40,100,0.19422129,2.4961808
269,269,eico,0.0,1.0,6.908,37.3,1.0,2.0,20.0,5.0,8,50,40,500,0.16705868,2.2037208
270,270,eico,0.0,1.0,6.908,37.3,1.0,2.0,20.0,5.0,8,50,60,10,0.11039266,1.5935979
271,271,eico,0.0,1.0,6.908,37.3,1.0,2.0,20.0,5.0,8,50,60,100,0.111166686,1.6019318
272,272,eico,0.0,1.0,6.908,37.3,1.0,2.0,20.0,5.0,8,50,60,500,0.081356764,1.2809683
273,273,eico,0.0,1.0,6.908,37.3,1.0,2.0,20.0,5.0,8,50,80,10,0.06882131,1.1459991
274,274,eico,0.0,1.0,6.908,37.3,1.0,2.0,20.0,5.0,8,50,80,100,0.057014942,1.0188799
275,275,eico,0.0,1.0,6.908,37.3,1.0,2.0,20.0,5.0,8,50,80,500,0.061095983,1.0628204
276,276,eico,0.0,1.0,6.908,37.3,1.0,2.0,20.0,5.0,8,100,20,10,0.06549966,1.1102349
277,277,eico,0.0,1.0,6.908,37.3,1.0,2.0,20.0,5.0,8,100,20,100,0.23479128,2.9329977
278,278,eico,0.0,1.0,6.908,37.3,1.0,2.0,20.0,5.0,8,100,20,500,0.22354126,2.811869
279,279,eico,0.0,1.0,6.908,37.3,1.0,2.0,20.0,5.0,8,100,40,10,0.103459865,1.5189525
280,280,eico,0.0,1.0,6.908,37.3,1.0,2.0,20.0,5.0,8,100,40,100,0.21569514,2.7273896
281,281,eico,0.0,1.0,6.908,37.3,1.0,2.0,20.0,5.0,8,100,40,500,0.17398396,2.2782855
282,282,eico,0.0,1.0,6.908,37.3,1.0,2.0,20.0,5.0,8,100,60,10,0.11276445,1.6191349
283,283,eico,0.0,1.0,6.908,37.3,1.0,2.0,20.0,5.0,8,100,60,100,0.12978455,1.8023903
284,284,eico,0.0,1.0,6.908,37.3,1.0,2.0,20.0,5.0,8,100,60,500,0.091143936,1.3863468
285,285,eico,0.0,1.0,6.908,37.3,1.0,2.0,20.0,5.0,8,100,80,10,0.06211862,1.0738312
286,286,eico,0.0,1.0,6.908,37.3,1.0,2.0,20.0,5.0,8,100,80,100,0.057231456,1.021211
287,287,eico,0.0,1.0,6.908,37.3,1.0,2.0,20.0,5.0,8,100,80,500,0.05120313,0.95630413
288,288,eico,0.0,1.0,6.908,37.3,1.0,2.0,20.0,5.0,8,200,20,10,0.104613096,1.5313693
289,289,eico,0.0,1.0,6.908,37.3,1.0,2.0,20.0,5.0,8,200,20,100,0.25808582,3.18381
290,290,eico,0.0,1.0,6.908,37.3,1.0,2.0,20.0,5.0,8,200,20,500,0.33714747,4.035067
291,291,eico,0.0,1.0,6.908,37.3,1.0,2.0,20.0,5.0,8,200,40,10,0.12990409,1.8036774
292,292,eico,0.0,1.0,6.908,37.3,1.0,2.0,20.0,5.0,8,200,40,100,0.25057092,3.1028972
293,293,eico,0.0,1.0,6.908,37.3,1.0,2.0,20.0,5.0,8,200,40,500,0.32811567,3.9378216
294,294,eico,0.0,1.0,6.908,37.3,1.0,2.0,20.0,5.0,8,200,60,10,0.11752766,1.6704204
295,295,eico,0.0,1.0,6.908,37.3,1.0,2.0,20.0,5.0,8,200,60,100,0.12215352,1.720227
296,296,eico,0.0,1.0,6.908,37.3,1.0,2.0,20.0,5.0,8,200,60,500,0.1401532,1.9140296
297,297,eico,0.0,1.0,6.908,37.3,1.0,2.0,20.0,5.0,8,200,80,10,0.06774753,1.1344377
298,298,eico,0.0,1.0,6.908,37.3,1.0,2.0,20.0,5.0,8,200,80,100,0.062417,1.0770439
299,299,eico,0.0,1.0,6.908,37.3,1.0,2.0,20.0,5.0,8,200,80,500,0.06728178,1.1294229
300,300,eico,0.0,1.0,6.908,37.3,1.0,2.0,20.0,5.0,12,1,20,10,0.03412974,0.7724749
301,301,eico,0.0,1.0,6.908,37.3,1.0,2.0,20.0,5.0,12,1,20,100,0.09848341,1.465371
302,302,eico,0.0,1.0,6.908,37.3,1.0,2.0,20.0,5.0,12,1,20,500,0.112873524,1.6203094
303,303,eico,0.0,1.0,6.908,37.3,1.0,2.0,20.0,5.0,12,1,40,10,0.045363247,0.89342606
304,304,eico,0.0,1.0,6.908,37.3,1.0,2.0,20.0,5.0,12,1,40,100,0.16889524,2.2234952
305,305,eico,0.0,1.0,6.908,37.3,1.0,2.0,20.0,5.0,12,1,40,500,0.13335586,1.8408426
306,306,eico,0.0,1.0,6.908,37.3,1.0,2.0,20.0,5.0,12,1,60,10,0.063284785,1.0863873
307,307,eico,0.0,1.0,6.908,37.3,1.0,2.0,20.0,5.0,12,1,60,100,0.12268227,1.7259201
308,308,eico,0.0,1.0,6.908,37.3,1.0,2.0,20.0,5.0,12,1,60,500,0.10338539,1.5181506
309,309,eico,0.0,1.0,6.908,37.3,1.0,2.0,20.0,5.0,12,1,80,10,0.11301175,1.6217976
310,310,eico,0.0,1.0,6.908,37.3,1.0,2.0,20.0,5.0,12,1,80,100,0.1580823,2.1070724
311,311,eico,0.0,1.0,6.908,37.3,1.0,2.0,20.0,5.0,12,1,80,500,0.14506999,1.9669687
312,312,eico,0.0,1.0,6.908,37.3,1.0,2.0,20.0,5.0,12,10,20,10,0.07487503,1.2111794
313,313,eico,0.0,1.0,6.908,37.3,1.0,2.0,20.0,5.0,12,10,20,100,0.22266573,2.802442
314,314,eico,0.0,1.0,6.908,37.3,1.0,2.0,20.0,5.0,12,10,20,500,0.19749394,2.5314174
315,315,eico,0.0,1.0,6.908,37.3,1.0,2.0,20.0,5.0,12,10,40,10,0.08778563,1.350188
316,316,eico,0.0,1.0,6.908,37.3,1.0,2.0,20.0,5.0,12,10,40,100,0.24872947,3.0830703
317,317,eico,0.0,1.0,6.908,37.3,1.0,2.0,20.0,5.0,12,10,40,500,0.15918356,2.1189294
318,318,eico,0.0,1.0,6.908,37.3,1.0,2.0,20.0,5.0,12,10,60,10,0.14520708,1.9684447
319,319,eico,0.0,1.0,6.908,37.3,1.0,2.0,20.0,5.0,12,10,60,100,0.19354203,2.488867
320,320,eico,0.0,1.0,6.908,37.3,1.0,2.0,20.0,5.0,12,10,60,500,0.11986816,1.6956205
321,321,eico,0.0,1.0,6.908,37.3,1.0,2.0,20.0,5.0,12,10,80,10,0.116451174,1.6588298
322,322,eico,0.0,1.0,6.908,37.3,1.0,2.0,20.0,5.0,12,10,80,100,0.13378936,1.8455101
323,323,eico,0.0,1.0,6.908,37.3,1.0,2.0,20.0,5.0,12,10,80,500,0.103367716,1.5179603
324,324,eico,0.0,1.0,6.908,37.3,1.0,2.0,20.0,5.0,12,50,20,10,0.062144935,1.0741146
325,325,eico,0.0,1.0,6.908,37.3,1.0,2.0,20.0,5.0,12,50,20,100,0.17831933,2.3249643
326,326,eico,0.0,1.0,6.908,37.3,1.0,2.0,20.0,5.0,12,50,20,500,0.18661264,2.4142582
327,327,eico,0.0,1.0,6.908,37.3,1.0,2.0,20.0,5.0,12,50,40,10,0.07080436,1.1673505
328,328,eico,0.0,1.0,6.908,37.3,1.0,2.0,20.0,5.0,12,50,40,100,0.20609659,2.624042
329,329,eico,0.0,1.0,6.908,37.3,1.0,2.0,20.0,5.0,12,50,40,500,0.18438634,2.3902879
330,330,eico,0.0,1.0,6.908,37.3,1.0,2.0,20.0,5.0,12,50,60,10,0.12263313,1.725391
331,331,eico,0.0,1.0,6.908,37.3,1.0,2.0,20.0,5.0,12,50,60,100,0.139516,1.9071687
332,332,eico,0.0,1.0,6.908,37.3,1.0,2.0,20.0,5.0,12,50,60,500,0.10210425,1.5043565
333,333,eico,0.0,1.0,6.908,37.3,1.0,2.0,20.0,5.0,12,50,80,10,0.09681696,1.4474282
334,334,eico,0.0,1.0,6.908,37.3,1.0,2.0,20.0,5.0,12,50,80,100,0.106354624,1.5501204
335,335,eico,0.0,1.0,6.908,37.3,1.0,2.0,20.0,5.0,12,50,80,500,0.090605736,1.380552
336,336,eico,0.0,1.0,6.908,37.3,1.0,2.0,20.0,5.0,12,100,20,10,0.053107828,0.976812
337,337,eico,0.0,1.0,6.908,37.3,1.0,2.0,20.0,5.0,12,100,20,100,0.16416928,2.1726108
338,338,eico,0.0,1.0,6.908,37.3,1.0,2.0,20.0,5.0,12,100,20,500,0.18307331,2.3761504
339,339,eico,0.0,1.0,6.908,37.3,1.0,2.0,20.0,5.0,12,100,40,10,0.06924683,1.1505806
340,340,eico,0.0,1.0,6.908,37.3,1.0,2.0,20.0,5.0,12,100,40,100,0.17936897,2.3362658
341,341,eico,0.0,1.0,6.908,37.3,1.0,2.0,20.0,5.0,12,100,40,500,0.16681218,2.2010667
342,342,eico,0.0,1.0,6.908,37.3,1.0,2.0,20.0,5.0,12,100,60,10,0.11571604,1.6509147
343,343,eico,0.0,1.0,6.908,37.3,1.0,2.0,20.0,5.0,12,100,60,100,0.119015366,1.6864386
344,344,eico,0.0,1.0,6.908,37.3,1.0,2.0,20.0,5.0,12,100,60,500,0.0882023,1.3546742
345,345,eico,0.0,1.0,6.908,37.3,1.0,2.0,20.0,5.0,12,100,80,10,0.08785102,1.350892
346,346,eico,0.0,1.0,6.908,37.3,1.0,2.0,20.0,5.0,12,100,80,100,0.09964594,1.477888
347,347,eico,0.0,1.0,6.908,37.3,1.0,2.0,20.0,5.0,12,100,80,500,0.067534834,1.1321476
348,348,eico,0.0,1.0,6.908,37.3,1.0,2.0,20.0,5.0,12,200,20,10,0.101694256,1.4999422
349,349,eico,0.0,1.0,6.908,37.3,1.0,2.0,20.0,5.0,12,200,20,100,0.1951775,2.5064762
350,350,eico,0.0,1.0,6.908,37.3,1.0,2.0,20.0,5.0,12,200,20,500,0.28954053,3.5224829
351,351,eico,0.0,1.0,6.908,37.3,1.0,2.0,20.0,5.0,12,200,40,10,0.10881144,1.5765728
352,352,eico,0.0,1.0,6.908,37.3,1.0,2.0,20.0,5.0,12,200,40,100,0.21227524,2.6905675
353,353,eico,0.0,1.0,6.908,37.3,1.0,2.0,20.0,5.0,12,200,40,500,0.30261523,3.6632583
354,354,eico,0.0,1.0,6.908,37.3,1.0,2.0,20.0,5.0,12,200,60,10,0.12897885,1.7937154
355,355,eico,0.0,1.0,6.908,37.3,1.0,2.0,20.0,5.0,12,200,60,100,0.116027474,1.6542679
356,356,eico,0.0,1.0,6.908,37.3,1.0,2.0,20.0,5.0,12,200,60,500,0.1336954,1.8444984
357,357,eico,0.0,1.0,6.908,37.3,1.0,2.0,20.0,5.0,12,200,80,10,0.09064439,1.3809682
358,358,eico,0.0,1.0,6.908,37.3,1.0,2.0,20.0,5.0,12,200,80,100,0.0997974,1.4795187
359,359,eico,0.0,1.0,6.908,37.3,1.0,2.0,20.0,5.0,12,200,80,500,0.072891414,1.1898218
360,360,docosahex,0.0,1.0,7.482,37.3,1.0,2.0,22.0,6.0,4,1,20,10,0.04592198,0.89944196
361,361,docosahex,0.0,1.0,7.482,37.3,1.0,2.0,22.0,6.0,4,1,20,100,0.14222658,1.9363537
362,362,docosahex,0.0,1.0,7.482,37.3,1.0,2.0,22.0,6.0,4,1,20,500,0.13373807,1.8449578
363,363,docosahex,0.0,1.0,7.482,37.3,1.0,2.0,22.0,6.0,4,1,40,10,0.04041466,0.84014463
364,364,docosahex,0.0,1.0,7.482,37.3,1.0,2.0,22.0,6.0,4,1,40,100,0.12590638,1.7606341
365,365,docosahex,0.0,1.0,7.482,37.3,1.0,2.0,22.0,6.0,4,1,40,500,0.07234031,1.1838881
366,366,docosahex,0.0,1.0,7.482,37.3,1.0,2.0,22.0,6.0,4,1,60,10,0.04927528,0.93554693
367,367,docosahex,0.0,1.0,7.482,37.3,1.0,2.0,22.0,6.0,4,1,60,100,0.12113652,1.7092769
368,368,docosahex,0.0,1.0,7.482,37.3,1.0,2.0,22.0,6.0,4,1,60,500,0.08064765,1.2733332
369,369,docosahex,0.0,1.0,7.482,37.3,1.0,2.0,22.0,6.0,4,1,80,10,0.093312174,1.4096923
370,370,docosahex,0.0,1.0,7.482,37.3,1.0,2.0,22.0,6.0,4,1,80,100,0.14120483,1.9253526
371,371,docosahex,0.0,1.0,7.482,37.3,1.0,2.0,22.0,6.0,4,1,80,500,0.11099857,1.6001217
372,372,docosahex,0.0,1.0,7.482,37.3,1.0,2.0,22.0,6.0,4,10,20,10,0.08594701,1.3303914
373,373,docosahex,0.0,1.0,7.482,37.3,1.0,2.0,22.0,6.0,4,10,20,100,0.259473,3.1987457
374,374,docosahex,0.0,1.0,7.482,37.3,1.0,2.0,22.0,6.0,4,10,20,500,0.22530177,2.8308244
375,375,docosahex,0.0,1.0,7.482,37.3,1.0,2.0,22.0,6.0,4,10,40,10,0.10516715,1.5373348
376,376,docosahex,0.0,1.0,7.482,37.3,1.0,2.0,22.0,6.0,4,10,40,100,0.24329793,3.0245888
377,377,docosahex,0.0,1.0,7.482,37.3,1.0,2.0,22.0,6.0,4,10,40,500,0.13985103,1.9107761
378,378,docosahex,0.0,1.0,7.482,37.3,1.0,2.0,22.0,6.0,4,10,60,10,0.11691192,1.6637907
379,379,docosahex,0.0,1.0,7.482,37.3,1.0,2.0,22.0,6.0,4,10,60,100,0.18846855,2.4342408
380,380,docosahex,0.0,1.0,7.482,37.3,1.0,2.0,22.0,6.0,4,10,60,500,0.107427806,1.5616753
381,381,docosahex,0.0,1.0,7.482,37.3,1.0,2.0,22.0,6.0,4,10,80,10,0.10200733,1.503313
382,382,docosahex,0.0,1.0,7.482,37.3,1.0,2.0,22.0,6.0,4,10,80,100,0.14243826,1.9386328
383,383,docosahex,0.0,1.0,7.482,37.3,1.0,2.0,22.0,6.0,4,10,80,500,0.10402483,1.5250354
384,384,docosahex,0.0,1.0,7.482,37.3,1.0,2.0,22.0,6.0,4,50,20,10,0.0840919,1.3104175
385,385,docosahex,0.0,1.0,7.482,37.3,1.0,2.0,22.0,6.0,4,50,20,100,0.2543738,3.1438427
386,386,docosahex,0.0,1.0,7.482,37.3,1.0,2.0,22.0,6.0,4,50,20,500,0.2385481,2.9734476
387,387,docosahex,0.0,1.0,7.482,37.3,1.0,2.0,22.0,6.0,4,50,40,10,0.12120229,1.7099851
388,388,docosahex,0.0,1.0,7.482,37.3,1.0,2.0,22.0,6.0,4,50,40,100,0.21107781,2.6776748
389,389,docosahex,0.0,1.0,7.482,37.3,1.0,2.0,22.0,6.0,4,50,40,500,0.16077068,2.136018
390,390,docosahex,0.0,1.0,7.482,37.3,1.0,2.0,22.0,6.0,4,50,60,10,0.08421442,1.3117367
391,391,docosahex,0.0,1.0,7.482,37.3,1.0,2.0,22.0,6.0,4,50,60,100,0.13076374,1.8129332
392,392,docosahex,0.0,1.0,7.482,37.3,1.0,2.0,22.0,6.0,4,50,60,500,0.08171484,1.2848237
393,393,docosahex,0.0,1.0,7.482,37.3,1.0,2.0,22.0,6.0,4,50,80,10,0.060409844,1.0554328
394,394,docosahex,0.0,1.0,7.482,37.3,1.0,2.0,22.0,6.0,4,50,80,100,0.07892451,1.2547802
395,395,docosahex,0.0,1.0,7.482,37.3,1.0,2.0,22.0,6.0,4,50,80,500,0.07431823,1.2051843
396,396,docosahex,0.0,1.0,7.482,37.3,1.0,2.0,22.0,6.0,4,100,20,10,0.06421769,1.0964319
397,397,docosahex,0.0,1.0,7.482,37.3,1.0,2.0,22.0,6.0,4,100,20,100,0.25963092,3.2004461
398,398,docosahex,0.0,1.0,7.482,37.3,1.0,2.0,22.0,6.0,4,100,20,500,0.26214197,3.2274828
399,399,docosahex,0.0,1.0,7.482,37.3,1.0,2.0,22.0,6.0,4,100,40,10,0.11612439,1.6553113
400,400,docosahex,0.0,1.0,7.482,37.3,1.0,2.0,22.0,6.0,4,100,40,100,0.20355949,2.596725
401,401,docosahex,0.0,1.0,7.482,37.3,1.0,2.0,22.0,6.0,4,100,40,500,0.16221294,2.1515467
402,402,docosahex,0.0,1.0,7.482,37.3,1.0,2.0,22.0,6.0,4,100,60,10,0.07845011,1.2496724
403,403,docosahex,0.0,1.0,7.482,37.3,1.0,2.0,22.0,6.0,4,100,60,100,0.12228307,1.7216219
404,404,docosahex,0.0,1.0,7.482,37.3,1.0,2.0,22.0,6.0,4,100,60,500,0.08775252,1.3498315
405,405,docosahex,0.0,1.0,7.482,37.3,1.0,2.0,22.0,6.0,4,100,80,10,0.05201271,0.96502084
406,406,docosahex,0.0,1.0,7.482,37.3,1.0,2.0,22.0,6.0,4,100,80,100,0.06731191,1.1297474
407,407,docosahex,0.0,1.0,7.482,37.3,1.0,2.0,22.0,6.0,4,100,80,500,0.06791672,1.1362593
408,408,docosahex,0.0,1.0,7.482,37.3,1.0,2.0,22.0,6.0,4,200,20,10,0.089705646,1.3708608
409,409,docosahex,0.0,1.0,7.482,37.3,1.0,2.0,22.0,6.0,4,200,20,100,0.2742999,3.358387
410,410,docosahex,0.0,1.0,7.482,37.3,1.0,2.0,22.0,6.0,4,200,20,500,0.36102712,4.292179
411,411,docosahex,0.0,1.0,7.482,37.3,1.0,2.0,22.0,6.0,4,200,40,10,0.12363133,1.7361386
412,412,docosahex,0.0,1.0,7.482,37.3,1.0,2.0,22.0,6.0,4,200,40,100,0.2288597,2.8691323
413,413,docosahex,0.0,1.0,7.482,37.3,1.0,2.0,22.0,6.0,4,200,40,500,0.29914048,3.6258457
414,414,docosahex,0.0,1.0,7.482,37.3,1.0,2.0,22.0,6.0,4,200,60,10,0.0744057,1.2061262
415,415,docosahex,0.0,1.0,7.482,37.3,1.0,2.0,22.0,6.0,4,200,60,100,0.108481914,1.5730249
416,416,docosahex,0.0,1.0,7.482,37.3,1.0,2.0,22.0,6.0,4,200,60,500,0.12884244,1.7922467
417,417,docosahex,0.0,1.0,7.482,37.3,1.0,2.0,22.0,6.0,4,200,80,10,0.05683869,1.0169822
418,418,docosahex,0.0,1.0,7.482,37.3,1.0,2.0,22.0,6.0,4,200,80,100,0.06818071,1.1391017
419,419,docosahex,0.0,1.0,7.482,37.3,1.0,2.0,22.0,6.0,4,200,80,500,0.08374953,1.3067312
420,420,docosahex,0.0,1.0,7.482,37.3,1.0,2.0,22.0,6.0,8,1,20,10,0.011573911,0.5296163
421,421,docosahex,0.0,1.0,7.482,37.3,1.0,2.0,22.0,6.0,8,1,20,100,0.10391179,1.5238183
422,422,docosahex,0.0,1.0,7.482,37.3,1.0,2.0,22.0,6.0,8,1,20,500,0.11218122,1.6128552
423,423,docosahex,0.0,1.0,7.482,37.3,1.0,2.0,22.0,6.0,8,1,40,10,0.016387701,0.58144635
424,424,docosahex,0.0,1.0,7.482,37.3,1.0,2.0,22.0,6.0,8,1,40,100,0.15849379,2.1115026
425,425,docosahex,0.0,1.0,7.482,37.3,1.0,2.0,22.0,6.0,8,1,40,500,0.12802291,1.7834227
426,426,docosahex,0.0,1.0,7.482,37.3,1.0,2.0,22.0,6.0,8,1,60,10,0.05631119,1.0113026
427,427,docosahex,0.0,1.0,7.482,37.3,1.0,2.0,22.0,6.0,8,1,60,100,0.13091707,1.8145841
428,428,docosahex,0.0,1.0,7.482,37.3,1.0,2.0,22.0,6.0,8,1,60,500,0.11161327,1.6067402
429,429,docosahex,0.0,1.0,7.482,37.3,1.0,2.0,22.0,6.0,8,1,80,10,0.10778341,1.5655041
430,430,docosahex,0.0,1.0,7.482,37.3,1.0,2.0,22.0,6.0,8,1,80,100,0.15583187,2.0828419
431,431,docosahex,0.0,1.0,7.482,37.3,1.0,2.0,22.0,6.0,8,1,80,500,0.14043853,1.9171017
432,432,docosahex,0.0,1.0,7.482,37.3,1.0,2.0,22.0,6.0,8,10,20,10,0.06541386,1.1093111
433,433,docosahex,0.0,1.0,7.482,37.3,1.0,2.0,22.0,6.0,8,10,20,100,0.22096351,2.7841141
434,434,docosahex,0.0,1.0,7.482,37.3,1.0,2.0,22.0,6.0,8,10,20,500,0.18684387,2.416748
435,435,docosahex,0.0,1.0,7.482,37.3,1.0,2.0,22.0,6.0,8,10,40,10,0.08110541,1.2782619
436,436,docosahex,0.0,1.0,7.482,37.3,1.0,2.0,22.0,6.0,8,10,40,100,0.22958302,2.8769205
437,437,docosahex,0.0,1.0,7.482,37.3,1.0,2.0,22.0,6.0,8,10,40,500,0.14657322,1.9831539
438,438,docosahex,0.0,1.0,7.482,37.3,1.0,2.0,22.0,6.0,8,10,60,10,0.12613472,1.7630926
439,439,docosahex,0.0,1.0,7.482,37.3,1.0,2.0,22.0,6.0,8,10,60,100,0.16655287,2.1982749
440,440,docosahex,0.0,1.0,7.482,37.3,1.0,2.0,22.0,6.0,8,10,60,500,0.10054839,1.4876045
441,441,docosahex,0.0,1.0,7.482,37.3,1.0,2.0,22.0,6.0,8,10,80,10,0.10433343,1.5283581
442,442,docosahex,0.0,1.0,7.482,37.3,1.0,2.0,22.0,6.0,8,10,80,100,0.12040329,1.7013823
443,443,docosahex,0.0,1.0,7.482,37.3,1.0,2.0,22.0,6.0,8,10,80,500,0.092191905,1.3976303
444,444,docosahex,0.0,1.0,7.482,37.3,1.0,2.0,22.0,6.0,8,50,20,10,0.07795939,1.2443887
445,445,docosahex,0.0,1.0,7.482,37.3,1.0,2.0,22.0,6.0,8,50,20,100,0.21303022,2.6986964
446,446,docosahex,0.0,1.0,7.482,37.3,1.0,2.0,22.0,6.0,8,50,20,500,0.20155129,2.5751028
447,447,docosahex,0.0,1.0,7.482,37.3,1.0,2.0,22.0,6.0,8,50,40,10,0.097720414,1.4571558
448,448,docosahex,0.0,1.0,7.482,37.3,1.0,2.0,22.0,6.0,8,50,40,100,0.19422129,2.4961808
449,449,docosahex,0.0,1.0,7.482,37.3,1.0,2.0,22.0,6.0,8,50,40,500,0.16705868,2.2037208
450,450,docosahex,0.0,1.0,7.482,37.3,1.0,2.0,22.0,6.0,8,50,60,10,0.11039266,1.5935979
451,451,docosahex,0.0,1.0,7.482,37.3,1.0,2.0,22.0,6.0,8,50,60,100,0.111166686,1.6019318
452,452,docosahex,0.0,1.0,7.482,37.3,1.0,2.0,22.0,6.0,8,50,60,500,0.081356764,1.2809683
453,453,docosahex,0.0,1.0,7.482,37.3,1.0,2.0,22.0,6.0,8,50,80,10,0.06882131,1.1459991
454,454,docosahex,0.0,1.0,7.482,37.3,1.0,2.0,22.0,6.0,8,50,80,100,0.057014942,1.0188799
455,455,docosahex,0.0,1.0,7.482,37.3,1.0,2.0,22.0,6.0,8,50,80,500,0.061095983,1.0628204
456,456,docosahex,0.0,1.0,7.482,37.3,1.0,2.0,22.0,6.0,8,100,20,10,0.06549966,1.1102349
457,457,docosahex,0.0,1.0,7.482,37.3,1.0,2.0,22.0,6.0,8,100,20,100,0.23479128,2.9329977
458,458,docosahex,0.0,1.0,7.482,37.3,1.0,2.0,22.0,6.0,8,100,20,500,0.22354126,2.811869
459,459,docosahex,0.0,1.0,7.482,37.3,1.0,2.0,22.0,6.0,8,100,40,10,0.103459865,1.5189525
460,460,docosahex,0.0,1.0,7.482,37.3,1.0,2.0,22.0,6.0,8,100,40,100,0.21569514,2.7273896
461,461,docosahex,0.0,1.0,7.482,37.3,1.0,2.0,22.0,6.0,8,100,40,500,0.17398396,2.2782855
462,462,docosahex,0.0,1.0,7.482,37.3,1.0,2.0,22.0,6.0,8,100,60,10,0.11276445,1.6191349
463,463,docosahex,0.0,1.0,7.482,37.3,1.0,2.0,22.0,6.0,8,100,60,100,0.12978455,1.8023903
464,464,docosahex,0.0,1.0,7.482,37.3,1.0,2.0,22.0,6.0,8,100,60,500,0.091143936,1.3863468
465,465,docosahex,0.0,1.0,7.482,37.3,1.0,2.0,22.0,6.0,8,100,80,10,0.06211862,1.0738312
466,466,docosahex,0.0,1.0,7.482,37.3,1.0,2.0,22.0,6.0,8,100,80,100,0.057231456,1.021211
467,467,docosahex,0.0,1.0,7.482,37.3,1.0,2.0,22.0,6.0,8,100,80,500,0.05120313,0.95630413
468,468,docosahex,0.0,1.0,7.482,37.3,1.0,2.0,22.0,6.0,8,200,20,10,0.104613096,1.5313693
469,469,docosahex,0.0,1.0,7.482,37.3,1.0,2.0,22.0,6.0,8,200,20,100,0.25808582,3.18381
470,470,docosahex,0.0,1.0,7.482,37.3,1.0,2.0,22.0,6.0,8,200,20,500,0.33714747,4.035067
471,471,docosahex,0.0,1.0,7.482,37.3,1.0,2.0,22.0,6.0,8,200,40,10,0.12990409,1.8036774
472,472,docosahex,0.0,1.0,7.482,37.3,1.0,2.0,22.0,6.0,8,200,40,100,0.25057092,3.1028972
473,473,docosahex,0.0,1.0,7.482,37.3,1.0,2.0,22.0,6.0,8,200,40,500,0.32811567,3.9378216
474,474,docosahex,0.0,1.0,7.482,37.3,1.0,2.0,22.0,6.0,8,200,60,10,0.11752766,1.6704204
475,475,docosahex,0.0,1.0,7.482,37.3,1.0,2.0,22.0,6.0,8,200,60,100,0.12215352,1.720227
476,476,docosahex,0.0,1.0,7.482,37.3,1.0,2.0,22.0,6.0,8,200,60,500,0.1401532,1.9140296
477,477,docosahex,0.0,1.0,7.482,37.3,1.0,2.0,22.0,6.0,8,200,80,10,0.06774753,1.1344377
478,478,docosahex,0.0,1.0,7.482,37.3,1.0,2.0,22.0,6.0,8,200,80,100,0.062417,1.0770439
479,479,docosahex,0.0,1.0,7.482,37.3,1.0,2.0,22.0,6.0,8,200,80,500,0.06728178,1.1294229
480,480,docosahex,0.0,1.0,7.482,37.3,1.0,2.0,22.0,6.0,12,1,20,10,0.03412974,0.7724749
481,481,docosahex,0.0,1.0,7.482,37.3,1.0,2.0,22.0,6.0,12,1,20,100,0.09848341,1.465371
482,482,docosahex,0.0,1.0,7.482,37.3,1.0,2.0,22.0,6.0,12,1,20,500,0.112873524,1.6203094
483,483,docosahex,0.0,1.0,7.482,37.3,1.0,2.0,22.0,6.0,12,1,40,10,0.045363247,0.89342606
484,484,docosahex,0.0,1.0,7.482,37.3,1.0,2.0,22.0,6.0,12,1,40,100,0.16889524,2.2234952
485,485,docosahex,0.0,1.0,7.482,37.3,1.0,2.0,22.0,6.0,12,1,40,500,0.13335586,1.8408426
486,486,docosahex,0.0,1.0,7.482,37.3,1.0,2.0,22.0,6.0,12,1,60,10,0.063284785,1.0863873
487,487,docosahex,0.0,1.0,7.482,37.3,1.0,2.0,22.0,6.0,12,1,60,100,0.12268227,1.7259201
488,488,docosahex,0.0,1.0,7.482,37.3,1.0,2.0,22.0,6.0,12,1,60,500,0.10338539,1.5181506
489,489,docosahex,0.0,1.0,7.482,37.3,1.0,2.0,22.0,6.0,12,1,80,10,0.11301175,1.6217976
490,490,docosahex,0.0,1.0,7.482,37.3,1.0,2.0,22.0,6.0,12,1,80,100,0.1580823,2.1070724
491,491,docosahex,0.0,1.0,7.482,37.3,1.0,2.0,22.0,6.0,12,1,80,500,0.14506999,1.9669687
492,492,docosahex,0.0,1.0,7.482,37.3,1.0,2.0,22.0,6.0,12,10,20,10,0.07487503,1.2111794
493,493,docosahex,0.0,1.0,7.482,37.3,1.0,2.0,22.0,6.0,12,10,20,100,0.22266573,2.802442
494,494,docosahex,0.0,1.0,7.482,37.3,1.0,2.0,22.0,6.0,12,10,20,500,0.19749394,2.5314174
495,495,docosahex,0.0,1.0,7.482,37.3,1.0,2.0,22.0,6.0,12,10,40,10,0.08778563,1.350188
496,496,docosahex,0.0,1.0,7.482,37.3,1.0,2.0,22.0,6.0,12,10,40,100,0.24872947,3.0830703
497,497,docosahex,0.0,1.0,7.482,37.3,1.0,2.0,22.0,6.0,12,10,40,500,0.15918356,2.1189294
498,498,docosahex,0.0,1.0,7.482,37.3,1.0,2.0,22.0,6.0,12,10,60,10,0.14520708,1.9684447
499,499,docosahex,0.0,1.0,7.482,37.3,1.0,2.0,22.0,6.0,12,10,60,100,0.19354203,2.488867
500,500,docosahex,0.0,1.0,7.482,37.3,1.0,2.0,22.0,6.0,12,10,60,500,0.11986816,1.6956205
501,501,docosahex,0.0,1.0,7.482,37.3,1.0,2.0,22.0,6.0,12,10,80,10,0.116451174,1.6588298
502,502,docosahex,0.0,1.0,7.482,37.3,1.0,2.0,22.0,6.0,12,10,80,100,0.13378936,1.8455101
503,503,docosahex,0.0,1.0,7.482,37.3,1.0,2.0,22.0,6.0,12,10,80,500,0.103367716,1.5179603
504,504,docosahex,0.0,1.0,7.482,37.3,1.0,2.0,22.0,6.0,12,50,20,10,0.062144935,1.0741146
505,505,docosahex,0.0,1.0,7.482,37.3,1.0,2.0,22.0,6.0,12,50,20,100,0.17831933,2.3249643
506,506,docosahex,0.0,1.0,7.482,37.3,1.0,2.0,22.0,6.0,12,50,20,500,0.18661264,2.4142582
507,507,docosahex,0.0,1.0,7.482,37.3,1.0,2.0,22.0,6.0,12,50,40,10,0.07080436,1.1673505
508,508,docosahex,0.0,1.0,7.482,37.3,1.0,2.0,22.0,6.0,12,50,40,100,0.20609659,2.624042
509,509,docosahex,0.0,1.0,7.482,37.3,1.0,2.0,22.0,6.0,12,50,40,500,0.18438634,2.3902879
510,510,docosahex,0.0,1.0,7.482,37.3,1.0,2.0,22.0,6.0,12,50,60,10,0.12263313,1.725391
511,511,docosahex,0.0,1.0,7.482,37.3,1.0,2.0,22.0,6.0,12,50,60,100,0.139516,1.9071687
512,512,docosahex,0.0,1.0,7.482,37.3,1.0,2.0,22.0,6.0,12,50,60,500,0.10210425,1.5043565
513,513,docosahex,0.0,1.0,7.482,37.3,1.0,2.0,22.0,6.0,12,50,80,10,0.09681696,1.4474282
514,514,docosahex,0.0,1.0,7.482,37.3,1.0,2.0,22.0,6.0,12,50,80,100,0.106354624,1.5501204
515,515,docosahex,0.0,1.0,7.482,37.3,1.0,2.0,22.0,6.0,12,50,80,500,0.090605736,1.380552
516,516,docosahex,0.0,1.0,7.482,37.3,1.0,2.0,22.0,6.0,12,100,20,10,0.053107828,0.976812
517,517,docosahex,0.0,1.0,7.482,37.3,1.0,2.0,22.0,6.0,12,100,20,100,0.16416928,2.1726108
518,518,docosahex,0.0,1.0,7.482,37.3,1.0,2.0,22.0,6.0,12,100,20,500,0.18307331,2.3761504
519,519,docosahex,0.0,1.0,7.482,37.3,1.0,2.0,22.0,6.0,12,100,40,10,0.06924683,1.1505806
520,520,docosahex,0.0,1.0,7.482,37.3,1.0,2.0,22.0,6.0,12,100,40,100,0.17936897,2.3362658
521,521,docosahex,0.0,1.0,7.482,37.3,1.0,2.0,22.0,6.0,12,100,40,500,0.16681218,2.2010667
522,522,docosahex,0.0,1.0,7.482,37.3,1.0,2.0,22.0,6.0,12,100,60,10,0.11571604,1.6509147
523,523,docosahex,0.0,1.0,7.482,37.3,1.0,2.0,22.0,6.0,12,100,60,100,0.119015366,1.6864386
524,524,docosahex,0.0,1.0,7.482,37.3,1.0,2.0,22.0,6.0,12,100,60,500,0.0882023,1.3546742
525,525,docosahex,0.0,1.0,7.482,37.3,1.0,2.0,22.0,6.0,12,100,80,10,0.08785102,1.350892
526,526,docosahex,0.0,1.0,7.482,37.3,1.0,2.0,22.0,6.0,12,100,80,100,0.09964594,1.477888
527,527,docosahex,0.0,1.0,7.482,37.3,1.0,2.0,22.0,6.0,12,100,80,500,0.067534834,1.1321476
528,528,docosahex,0.0,1.0,7.482,37.3,1.0,2.0,22.0,6.0,12,200,20,10,0.101694256,1.4999422
529,529,docosahex,0.0,1.0,7.482,37.3,1.0,2.0,22.0,6.0,12,200,20,100,0.1951775,2.5064762
530,530,docosahex,0.0,1.0,7.482,37.3,1.0,2.0,22.0,6.0,12,200,20,500,0.28954053,3.5224829
531,531,docosahex,0.0,1.0,7.482,37.3,1.0,2.0,22.0,6.0,12,200,40,10,0.10881144,1.5765728
532,532,docosahex,0.0,1.0,7.482,37.3,1.0,2.0,22.0,6.0,12,200,40,100,0.21227524,2.6905675
533,533,docosahex,0.0,1.0,7.482,37.3,1.0,2.0,22.0,6.0,12,200,40,500,0.30261523,3.6632583
534,534,docosahex,0.0,1.0,7.482,37.3,1.0,2.0,22.0,6.0,12,200,60,10,0.12897885,1.7937154
535,535,docosahex,0.0,1.0,7.482,37.3,1.0,2.0,22.0,6.0,12,200,60,100,0.116027474,1.6542679
536,536,docosahex,0.0,1.0,7.482,37.3,1.0,2.0,22.0,6.0,12,200,60,500,0.1336954,1.8444984
537,537,docosahex,0.0,1.0,7.482,37.3,1.0,2.0,22.0,6.0,12,200,80,10,0.09064439,1.3809682
538,538,docosahex,0.0,1.0,7.482,37.3,1.0,2.0,22.0,6.0,12,200,80,100,0.0997974,1.4795187
539,539,docosahex,0.0,1.0,7.482,37.3,1.0,2.0,22.0,6.0,12,200,80,500,0.072891414,1.1898218
540,540,gLin,0.0,1.0,6.818,37.3,1.0,2.0,18.0,3.0,4,1,20,10,0.04592198,0.89944196
541,541,gLin,0.0,1.0,6.818,37.3,1.0,2.0,18.0,3.0,4,1,20,100,0.14222658,1.9363537
542,542,gLin,0.0,1.0,6.818,37.3,1.0,2.0,18.0,3.0,4,1,20,500,0.13373807,1.8449578
543,543,gLin,0.0,1.0,6.818,37.3,1.0,2.0,18.0,3.0,4,1,40,10,0.04041466,0.84014463
544,544,gLin,0.0,1.0,6.818,37.3,1.0,2.0,18.0,3.0,4,1,40,100,0.12590638,1.7606341
545,545,gLin,0.0,1.0,6.818,37.3,1.0,2.0,18.0,3.0,4,1,40,500,0.07234031,1.1838881
546,546,gLin,0.0,1.0,6.818,37.3,1.0,2.0,18.0,3.0,4,1,60,10,0.04927528,0.93554693
547,547,gLin,0.0,1.0,6.818,37.3,1.0,2.0,18.0,3.0,4,1,60,100,0.12113652,1.7092769
548,548,gLin,0.0,1.0,6.818,37.3,1.0,2.0,18.0,3.0,4,1,60,500,0.08064765,1.2733332
549,549,gLin,0.0,1.0,6.818,37.3,1.0,2.0,18.0,3.0,4,1,80,10,0.093312174,1.4096923
550,550,gLin,0.0,1.0,6.818,37.3,1.0,2.0,18.0,3.0,4,1,80,100,0.14120483,1.9253526
551,551,gLin,0.0,1.0,6.818,37.3,1.0,2.0,18.0,3.0,4,1,80,500,0.11099857,1.6001217
552,552,gLin,0.0,1.0,6.818,37.3,1.0,2.0,18.0,3.0,4,10,20,10,0.08594701,1.3303914
553,553,gLin,0.0,1.0,6.818,37.3,1.0,2.0,18.0,3.0,4,10,20,100,0.259473,3.1987457
554,554,gLin,0.0,1.0,6.818,37.3,1.0,2.0,18.0,3.0,4,10,20,500,0.22530177,2.8308244
555,555,gLin,0.0,1.0,6.818,37.3,1.0,2.0,18.0,3.0,4,10,40,10,0.10516715,1.5373348
556,556,gLin,0.0,1.0,6.818,37.3,1.0,2.0,18.0,3.0,4,10,40,100,0.24329793,3.0245888
557,557,gLin,0.0,1.0,6.818,37.3,1.0,2.0,18.0,3.0,4,10,40,500,0.13985103,1.9107761
558,558,gLin,0.0,1.0,6.818,37.3,1.0,2.0,18.0,3.0,4,10,60,10,0.11691192,1.6637907
559,559,gLin,0.0,1.0,6.818,37.3,1.0,2.0,18.0,3.0,4,10,60,100,0.18846855,2.4342408
560,560,gLin,0.0,1.0,6.818,37.3,1.0,2.0,18.0,3.0,4,10,60,500,0.107427806,1.5616753
561,561,gLin,0.0,1.0,6.818,37.3,1.0,2.0,18.0,3.0,4,10,80,10,0.10200733,1.503313
562,562,gLin,0.0,1.0,6.818,37.3,1.0,2.0,18.0,3.0,4,10,80,100,0.14243826,1.9386328
563,563,gLin,0.0,1.0,6.818,37.3,1.0,2.0,18.0,3.0,4,10,80,500,0.10402483,1.5250354
564,564,gLin,0.0,1.0,6.818,37.3,1.0,2.0,18.0,3.0,4,50,20,10,0.0840919,1.3104175
565,565,gLin,0.0,1.0,6.818,37.3,1.0,2.0,18.0,3.0,4,50,20,100,0.2543738,3.1438427
566,566,gLin,0.0,1.0,6.818,37.3,1.0,2.0,18.0,3.0,4,50,20,500,0.2385481,2.9734476
567,567,gLin,0.0,1.0,6.818,37.3,1.0,2.0,18.0,3.0,4,50,40,10,0.12120229,1.7099851
568,568,gLin,0.0,1.0,6.818,37.3,1.0,2.0,18.0,3.0,4,50,40,100,0.21107781,2.6776748
569,569,gLin,0.0,1.0,6.818,37.3,1.0,2.0,18.0,3.0,4,50,40,500,0.16077068,2.136018
570,570,gLin,0.0,1.0,6.818,37.3,1.0,2.0,18.0,3.0,4,50,60,10,0.08421442,1.3117367
571,571,gLin,0.0,1.0,6.818,37.3,1.0,2.0,18.0,3.0,4,50,60,100,0.13076374,1.8129332
572,572,gLin,0.0,1.0,6.818,37.3,1.0,2.0,18.0,3.0,4,50,60,500,0.08171484,1.2848237
573,573,gLin,0.0,1.0,6.818,37.3,1.0,2.0,18.0,3.0,4,50,80,10,0.060409844,1.0554328
574,574,gLin,0.0,1.0,6.818,37.3,1.0,2.0,18.0,3.0,4,50,80,100,0.07892451,1.2547802
575,575,gLin,0.0,1.0,6.818,37.3,1.0,2.0,18.0,3.0,4,50,80,500,0.07431823,1.2051843
576,576,gLin,0.0,1.0,6.818,37.3,1.0,2.0,18.0,3.0,4,100,20,10,0.06421769,1.0964319
577,577,gLin,0.0,1.0,6.818,37.3,1.0,2.0,18.0,3.0,4,100,20,100,0.25963092,3.2004461
578,578,gLin,0.0,1.0,6.818,37.3,1.0,2.0,18.0,3.0,4,100,20,500,0.26214197,3.2274828
579,579,gLin,0.0,1.0,6.818,37.3,1.0,2.0,18.0,3.0,4,100,40,10,0.11612439,1.6553113
580,580,gLin,0.0,1.0,6.818,37.3,1.0,2.0,18.0,3.0,4,100,40,100,0.20355949,2.596725
581,581,gLin,0.0,1.0,6.818,37.3,1.0,2.0,18.0,3.0,4,100,40,500,0.16221294,2.1515467
582,582,gLin,0.0,1.0,6.818,37.3,1.0,2.0,18.0,3.0,4,100,60,10,0.07845011,1.2496724
583,583,gLin,0.0,1.0,6.818,37.3,1.0,2.0,18.0,3.0,4,100,60,100,0.12228307,1.7216219
584,584,gLin,0.0,1.0,6.818,37.3,1.0,2.0,18.0,3.0,4,100,60,500,0.08775252,1.3498315
585,585,gLin,0.0,1.0,6.818,37.3,1.0,2.0,18.0,3.0,4,100,80,10,0.05201271,0.96502084
586,586,gLin,0.0,1.0,6.818,37.3,1.0,2.0,18.0,3.0,4,100,80,100,0.06731191,1.1297474
587,587,gLin,0.0,1.0,6.818,37.3,1.0,2.0,18.0,3.0,4,100,80,500,0.06791672,1.1362593
588,588,gLin,0.0,1.0,6.818,37.3,1.0,2.0,18.0,3.0,4,200,20,10,0.089705646,1.3708608
589,589,gLin,0.0,1.0,6.818,37.3,1.0,2.0,18.0,3.0,4,200,20,100,0.2742999,3.358387
590,590,gLin,0.0,1.0,6.818,37.3,1.0,2.0,18.0,3.0,4,200,20,500,0.36102712,4.292179
591,591,gLin,0.0,1.0,6.818,37.3,1.0,2.0,18.0,3.0,4,200,40,10,0.12363133,1.7361386
592,592,gLin,0.0,1.0,6.818,37.3,1.0,2.0,18.0,3.0,4,200,40,100,0.2288597,2.8691323
593,593,gLin,0.0,1.0,6.818,37.3,1.0,2.0,18.0,3.0,4,200,40,500,0.29914048,3.6258457
594,594,gLin,0.0,1.0,6.818,37.3,1.0,2.0,18.0,3.0,4,200,60,10,0.0744057,1.2061262
595,595,gLin,0.0,1.0,6.818,37.3,1.0,2.0,18.0,3.0,4,200,60,100,0.108481914,1.5730249
596,596,gLin,0.0,1.0,6.818,37.3,1.0,2.0,18.0,3.0,4,200,60,500,0.12884244,1.7922467
597,597,gLin,0.0,1.0,6.818,37.3,1.0,2.0,18.0,3.0,4,200,80,10,0.05683869,1.0169822
598,598,gLin,0.0,1.0,6.818,37.3,1.0,2.0,18.0,3.0,4,200,80,100,0.06818071,1.1391017
599,599,gLin,0.0,1.0,6.818,37.3,1.0,2.0,18.0,3.0,4,200,80,500,0.08374953,1.3067312
600,600,gLin,0.0,1.0,6.818,37.3,1.0,2.0,18.0,3.0,8,1,20,10,0.011573911,0.5296163
601,601,gLin,0.0,1.0,6.818,37.3,1.0,2.0,18.0,3.0,8,1,20,100,0.10391179,1.5238183
602,602,gLin,0.0,1.0,6.818,37.3,1.0,2.0,18.0,3.0,8,1,20,500,0.11218122,1.6128552
603,603,gLin,0.0,1.0,6.818,37.3,1.0,2.0,18.0,3.0,8,1,40,10,0.016387701,0.58144635
604,604,gLin,0.0,1.0,6.818,37.3,1.0,2.0,18.0,3.0,8,1,40,100,0.15849379,2.1115026
605,605,gLin,0.0,1.0,6.818,37.3,1.0,2.0,18.0,3.0,8,1,40,500,0.12802291,1.7834227
606,606,gLin,0.0,1.0,6.818,37.3,1.0,2.0,18.0,3.0,8,1,60,10,0.05631119,1.0113026
607,607,gLin,0.0,1.0,6.818,37.3,1.0,2.0,18.0,3.0,8,1,60,100,0.13091707,1.8145841
608,608,gLin,0.0,1.0,6.818,37.3,1.0,2.0,18.0,3.0,8,1,60,500,0.11161327,1.6067402
609,609,gLin,0.0,1.0,6.818,37.3,1.0,2.0,18.0,3.0,8,1,80,10,0.10778341,1.5655041
610,610,gLin,0.0,1.0,6.818,37.3,1.0,2.0,18.0,3.0,8,1,80,100,0.15583187,2.0828419
611,611,gLin,0.0,1.0,6.818,37.3,1.0,2.0,18.0,3.0,8,1,80,500,0.14043853,1.9171017
612,612,gLin,0.0,1.0,6.818,37.3,1.0,2.0,18.0,3.0,8,10,20,10,0.06541386,1.1093111
613,613,gLin,0.0,1.0,6.818,37.3,1.0,2.0,18.0,3.0,8,10,20,100,0.22096351,2.7841141
614,614,gLin,0.0,1.0,6.818,37.3,1.0,2.0,18.0,3.0,8,10,20,500,0.18684387,2.416748
615,615,gLin,0.0,1.0,6.818,37.3,1.0,2.0,18.0,3.0,8,10,40,10,0.08110541,1.2782619
616,616,gLin,0.0,1.0,6.818,37.3,1.0,2.0,18.0,3.0,8,10,40,100,0.22958302,2.8769205
617,617,gLin,0.0,1.0,6.818,37.3,1.0,2.0,18.0,3.0,8,10,40,500,0.14657322,1.9831539
618,618,gLin,0.0,1.0,6.818,37.3,1.0,2.0,18.0,3.0,8,10,60,10,0.12613472,1.7630926
619,619,gLin,0.0,1.0,6.818,37.3,1.0,2.0,18.0,3.0,8,10,60,100,0.16655287,2.1982749
620,620,gLin,0.0,1.0,6.818,37.3,1.0,2.0,18.0,3.0,8,10,60,500,0.10054839,1.4876045
621,621,gLin,0.0,1.0,6.818,37.3,1.0,2.0,18.0,3.0,8,10,80,10,0.10433343,1.5283581
622,622,gLin,0.0,1.0,6.818,37.3,1.0,2.0,18.0,3.0,8,10,80,100,0.12040329,1.7013823
623,623,gLin,0.0,1.0,6.818,37.3,1.0,2.0,18.0,3.0,8,10,80,500,0.092191905,1.3976303
624,624,gLin,0.0,1.0,6.818,37.3,1.0,2.0,18.0,3.0,8,50,20,10,0.07795939,1.2443887
625,625,gLin,0.0,1.0,6.818,37.3,1.0,2.0,18.0,3.0,8,50,20,100,0.21303022,2.6986964
626,626,gLin,0.0,1.0,6.818,37.3,1.0,2.0,18.0,3.0,8,50,20,500,0.20155129,2.5751028
627,627,gLin,0.0,1.0,6.818,37.3,1.0,2.0,18.0,3.0,8,50,40,10,0.097720414,1.4571558
628,628,gLin,0.0,1.0,6.818,37.3,1.0,2.0,18.0,3.0,8,50,40,100,0.19422129,2.4961808
629,629,gLin,0.0,1.0,6.818,37.3,1.0,2.0,18.0,3.0,8,50,40,500,0.16705868,2.2037208
630,630,gLin,0.0,1.0,6.818,37.3,1.0,2.0,18.0,3.0,8,50,60,10,0.11039266,1.5935979
631,631,gLin,0.0,1.0,6.818,37.3,1.0,2.0,18.0,3.0,8,50,60,100,0.111166686,1.6019318
632,632,gLin,0.0,1.0,6.818,37.3,1.0,2.0,18.0,3.0,8,50,60,500,0.081356764,1.2809683
633,633,gLin,0.0,1.0,6.818,37.3,1.0,2.0,18.0,3.0,8,50,80,10,0.06882131,1.1459991
634,634,gLin,0.0,1.0,6.818,37.3,1.0,2.0,18.0,3.0,8,50,80,100,0.057014942,1.0188799
635,635,gLin,0.0,1.0,6.818,37.3,1.0,2.0,18.0,3.0,8,50,80,500,0.061095983,1.0628204
636,636,gLin,0.0,1.0,6.818,37.3,1.0,2.0,18.0,3.0,8,100,20,10,0.06549966,1.1102349
637,637,gLin,0.0,1.0,6.818,37.3,1.0,2.0,18.0,3.0,8,100,20,100,0.23479128,2.9329977
638,638,gLin,0.0,1.0,6.818,37.3,1.0,2.0,18.0,3.0,8,100,20,500,0.22354126,2.811869
639,639,gLin,0.0,1.0,6.818,37.3,1.0,2.0,18.0,3.0,8,100,40,10,0.103459865,1.5189525
640,640,gLin,0.0,1.0,6.818,37.3,1.0,2.0,18.0,3.0,8,100,40,100,0.21569514,2.7273896
641,641,gLin,0.0,1.0,6.818,37.3,1.0,2.0,18.0,3.0,8,100,40,500,0.17398396,2.2782855
642,642,gLin,0.0,1.0,6.818,37.3,1.0,2.0,18.0,3.0,8,100,60,10,0.11276445,1.6191349
643,643,gLin,0.0,1.0,6.818,37.3,1.0,2.0,18.0,3.0,8,100,60,100,0.12978455,1.8023903
644,644,gLin,0.0,1.0,6.818,37.3,1.0,2.0,18.0,3.0,8,100,60,500,0.091143936,1.3863468
645,645,gLin,0.0,1.0,6.818,37.3,1.0,2.0,18.0,3.0,8,100,80,10,0.06211862,1.0738312
646,646,gLin,0.0,1.0,6.818,37.3,1.0,2.0,18.0,3.0,8,100,80,100,0.057231456,1.021211
647,647,gLin,0.0,1.0,6.818,37.3,1.0,2.0,18.0,3.0,8,100,80,500,0.05120313,0.95630413
648,648,gLin,0.0,1.0,6.818,37.3,1.0,2.0,18.0,3.0,8,200,20,10,0.104613096,1.5313693
649,649,gLin,0.0,1.0,6.818,37.3,1.0,2.0,18.0,3.0,8,200,20,100,0.25808582,3.18381
650,650,gLin,0.0,1.0,6.818,37.3,1.0,2.0,18.0,3.0,8,200,20,500,0.33714747,4.035067
651,651,gLin,0.0,1.0,6.818,37.3,1.0,2.0,18.0,3.0,8,200,40,10,0.12990409,1.8036774
652,652,gLin,0.0,1.0,6.818,37.3,1.0,2.0,18.0,3.0,8,200,40,100,0.25057092,3.1028972
653,653,gLin,0.0,1.0,6.818,37.3,1.0,2.0,18.0,3.0,8,200,40,500,0.32811567,3.9378216
654,654,gLin,0.0,1.0,6.818,37.3,1.0,2.0,18.0,3.0,8,200,60,10,0.11752766,1.6704204
655,655,gLin,0.0,1.0,6.818,37.3,1.0,2.0,18.0,3.0,8,200,60,100,0.12215352,1.720227
656,656,gLin,0.0,1.0,6.818,37.3,1.0,2.0,18.0,3.0,8,200,60,500,0.1401532,1.9140296
657,657,gLin,0.0,1.0,6.818,37.3,1.0,2.0,18.0,3.0,8,200,80,10,0.06774753,1.1344377
658,658,gLin,0.0,1.0,6.818,37.3,1.0,2.0,18.0,3.0,8,200,80,100,0.062417,1.0770439
659,659,gLin,0.0,1.0,6.818,37.3,1.0,2.0,18.0,3.0,8,200,80,500,0.06728178,1.1294229
660,660,gLin,0.0,1.0,6.818,37.3,1.0,2.0,18.0,3.0,12,1,20,10,0.03412974,0.7724749
661,661,gLin,0.0,1.0,6.818,37.3,1.0,2.0,18.0,3.0,12,1,20,100,0.09848341,1.465371
662,662,gLin,0.0,1.0,6.818,37.3,1.0,2.0,18.0,3.0,12,1,20,500,0.112873524,1.6203094
663,663,gLin,0.0,1.0,6.818,37.3,1.0,2.0,18.0,3.0,12,1,40,10,0.045363247,0.89342606
664,664,gLin,0.0,1.0,6.818,37.3,1.0,2.0,18.0,3.0,12,1,40,100,0.16889524,2.2234952
665,665,gLin,0.0,1.0,6.818,37.3,1.0,2.0,18.0,3.0,12,1,40,500,0.13335586,1.8408426
666,666,gLin,0.0,1.0,6.818,37.3,1.0,2.0,18.0,3.0,12,1,60,10,0.063284785,1.0863873
667,667,gLin,0.0,1.0,6.818,37.3,1.0,2.0,18.0,3.0,12,1,60,100,0.12268227,1.7259201
668,668,gLin,0.0,1.0,6.818,37.3,1.0,2.0,18.0,3.0,12,1,60,500,0.10338539,1.5181506
669,669,gLin,0.0,1.0,6.818,37.3,1.0,2.0,18.0,3.0,12,1,80,10,0.11301175,1.6217976
670,670,gLin,0.0,1.0,6.818,37.3,1.0,2.0,18.0,3.0,12,1,80,100,0.1580823,2.1070724
671,671,gLin,0.0,1.0,6.818,37.3,1.0,2.0,18.0,3.0,12,1,80,500,0.14506999,1.9669687
672,672,gLin,0.0,1.0,6.818,37.3,1.0,2.0,18.0,3.0,12,10,20,10,0.07487503,1.2111794
673,673,gLin,0.0,1.0,6.818,37.3,1.0,2.0,18.0,3.0,12,10,20,100,0.22266573,2.802442
674,674,gLin,0.0,1.0,6.818,37.3,1.0,2.0,18.0,3.0,12,10,20,500,0.19749394,2.5314174
675,675,gLin,0.0,1.0,6.818,37.3,1.0,2.0,18.0,3.0,12,10,40,10,0.08778563,1.350188
676,676,gLin,0.0,1.0,6.818,37.3,1.0,2.0,18.0,3.0,12,10,40,100,0.24872947,3.0830703
677,677,gLin,0.0,1.0,6.818,37.3,1.0,2.0,18.0,3.0,12,10,40,500,0.15918356,2.1189294
678,678,gLin,0.0,1.0,6.818,37.3,1.0,2.0,18.0,3.0,12,10,60,10,0.14520708,1.9684447
679,679,gLin,0.0,1.0,6.818,37.3,1.0,2.0,18.0,3.0,12,10,60,100,0.19354203,2.488867
680,680,gLin,0.0,1.0,6.818,37.3,1.0,2.0,18.0,3.0,12,10,60,500,0.11986816,1.6956205
681,681,gLin,0.0,1.0,6.818,37.3,1.0,2.0,18.0,3.0,12,10,80,10,0.116451174,1.6588298
682,682,gLin,0.0,1.0,6.818,37.3,1.0,2.0,18.0,3.0,12,10,80,100,0.13378936,1.8455101
683,683,gLin,0.0,1.0,6.818,37.3,1.0,2.0,18.0,3.0,12,10,80,500,0.103367716,1.5179603
684,684,gLin,0.0,1.0,6.818,37.3,1.0,2.0,18.0,3.0,12,50,20,10,0.062144935,1.0741146
685,685,gLin,0.0,1.0,6.818,37.3,1.0,2.0,18.0,3.0,12,50,20,100,0.17831933,2.3249643
686,686,gLin,0.0,1.0,6.818,37.3,1.0,2.0,18.0,3.0,12,50,20,500,0.18661264,2.4142582
687,687,gLin,0.0,1.0,6.818,37.3,1.0,2.0,18.0,3.0,12,50,40,10,0.07080436,1.1673505
688,688,gLin,0.0,1.0,6.818,37.3,1.0,2.0,18.0,3.0,12,50,40,100,0.20609659,2.624042
689,689,gLin,0.0,1.0,6.818,37.3,1.0,2.0,18.0,3.0,12,50,40,500,0.18438634,2.3902879
690,690,gLin,0.0,1.0,6.818,37.3,1.0,2.0,18.0,3.0,12,50,60,10,0.12263313,1.725391
691,691,gLin,0.0,1.0,6.818,37.3,1.0,2.0,18.0,3.0,12,50,60,100,0.139516,1.9071687
692,692,gLin,0.0,1.0,6.818,37.3,1.0,2.0,18.0,3.0,12,50,60,500,0.10210425,1.5043565
693,693,gLin,0.0,1.0,6.818,37.3,1.0,2.0,18.0,3.0,12,50,80,10,0.09681696,1.4474282
694,694,gLin,0.0,1.0,6.818,37.3,1.0,2.0,18.0,3.0,12,50,80,100,0.106354624,1.5501204
695,695,gLin,0.0,1.0,6.818,37.3,1.0,2.0,18.0,3.0,12,50,80,500,0.090605736,1.380552
696,696,gLin,0.0,1.0,6.818,37.3,1.0,2.0,18.0,3.0,12,100,20,10,0.053107828,0.976812
697,697,gLin,0.0,1.0,6.818,37.3,1.0,2.0,18.0,3.0,12,100,20,100,0.16416928,2.1726108
698,698,gLin,0.0,1.0,6.818,37.3,1.0,2.0,18.0,3.0,12,100,20,500,0.18307331,2.3761504
699,699,gLin,0.0,1.0,6.818,37.3,1.0,2.0,18.0,3.0,12,100,40,10,0.06924683,1.1505806
700,700,gLin,0.0,1.0,6.818,37.3,1.0,2.0,18.0,3.0,12,100,40,100,0.17936897,2.3362658
701,701,gLin,0.0,1.0,6.818,37.3,1.0,2.0,18.0,3.0,12,100,40,500,0.16681218,2.2010667
702,702,gLin,0.0,1.0,6.818,37.3,1.0,2.0,18.0,3.0,12,100,60,10,0.11571604,1.6509147
703,703,gLin,0.0,1.0,6.818,37.3,1.0,2.0,18.0,3.0,12,100,60,100,0.119015366,1.6864386
704,704,gLin,0.0,1.0,6.818,37.3,1.0,2.0,18.0,3.0,12,100,60,500,0.0882023,1.3546742
705,705,gLin,0.0,1.0,6.818,37.3,1.0,2.0,18.0,3.0,12,100,80,10,0.08785102,1.350892
706,706,gLin,0.0,1.0,6.818,37.3,1.0,2.0,18.0,3.0,12,100,80,100,0.09964594,1.477888
707,707,gLin,0.0,1.0,6.818,37.3,1.0,2.0,18.0,3.0,12,100,80,500,0.067534834,1.1321476
708,708,gLin,0.0,1.0,6.818,37.3,1.0,2.0,18.0,3.0,12,200,20,10,0.101694256,1.4999422
709,709,gLin,0.0,1.0,6.818,37.3,1.0,2.0,18.0,3.0,12,200,20,100,0.1951775,2.5064762
710,710,gLin,0.0,1.0,6.818,37.3,1.0,2.0,18.0,3.0,12,200,20,500,0.28954053,3.5224829
711,711,gLin,0.0,1.0,6.818,37.3,1.0,2.0,18.0,3.0,12,200,40,10,0.10881144,1.5765728
712,712,gLin,0.0,1.0,6.818,37.3,1.0,2.0,18.0,3.0,12,200,40,100,0.21227524,2.6905675
713,713,gLin,0.0,1.0,6.818,37.3,1.0,2.0,18.0,3.0,12,200,40,500,0.30261523,3.6632583
714,714,gLin,0.0,1.0,6.818,37.3,1.0,2.0,18.0,3.0,12,200,60,10,0.12897885,1.7937154
715,715,gLin,0.0,1.0,6.818,37.3,1.0,2.0,18.0,3.0,12,200,60,100,0.116027474,1.6542679
716,716,gLin,0.0,1.0,6.818,37.3,1.0,2.0,18.0,3.0,12,200,60,500,0.1336954,1.8444984
717,717,gLin,0.0,1.0,6.818,37.3,1.0,2.0,18.0,3.0,12,200,80,10,0.09064439,1.3809682
718,718,gLin,0.0,1.0,6.818,37.3,1.0,2.0,18.0,3.0,12,200,80,100,0.0997974,1.4795187
719,719,gLin,0.0,1.0,6.818,37.3,1.0,2.0,18.0,3.0,12,200,80,500,0.072891414,1.1898218
720,720,arach,0.0,1.0,7.392,37.3,1.0,2.0,20.0,4.0,4,1,20,10,0.04592198,0.89944196
721,721,arach,0.0,1.0,7.392,37.3,1.0,2.0,20.0,4.0,4,1,20,100,0.14222658,1.9363537
722,722,arach,0.0,1.0,7.392,37.3,1.0,2.0,20.0,4.0,4,1,20,500,0.13373807,1.8449578
723,723,arach,0.0,1.0,7.392,37.3,1.0,2.0,20.0,4.0,4,1,40,10,0.04041466,0.84014463
724,724,arach,0.0,1.0,7.392,37.3,1.0,2.0,20.0,4.0,4,1,40,100,0.12590638,1.7606341
725,725,arach,0.0,1.0,7.392,37.3,1.0,2.0,20.0,4.0,4,1,40,500,0.07234031,1.1838881
726,726,arach,0.0,1.0,7.392,37.3,1.0,2.0,20.0,4.0,4,1,60,10,0.04927528,0.93554693
727,727,arach,0.0,1.0,7.392,37.3,1.0,2.0,20.0,4.0,4,1,60,100,0.12113652,1.7092769
728,728,arach,0.0,1.0,7.392,37.3,1.0,2.0,20.0,4.0,4,1,60,500,0.08064765,1.2733332
729,729,arach,0.0,1.0,7.392,37.3,1.0,2.0,20.0,4.0,4,1,80,10,0.093312174,1.4096923
730,730,arach,0.0,1.0,7.392,37.3,1.0,2.0,20.0,4.0,4,1,80,100,0.14120483,1.9253526
731,731,arach,0.0,1.0,7.392,37.3,1.0,2.0,20.0,4.0,4,1,80,500,0.11099857,1.6001217
732,732,arach,0.0,1.0,7.392,37.3,1.0,2.0,20.0,4.0,4,10,20,10,0.08594701,1.3303914
733,733,arach,0.0,1.0,7.392,37.3,1.0,2.0,20.0,4.0,4,10,20,100,0.259473,3.1987457
734,734,arach,0.0,1.0,7.392,37.3,1.0,2.0,20.0,4.0,4,10,20,500,0.22530177,2.8308244
735,735,arach,0.0,1.0,7.392,37.3,1.0,2.0,20.0,4.0,4,10,40,10,0.10516715,1.5373348
736,736,arach,0.0,1.0,7.392,37.3,1.0,2.0,20.0,4.0,4,10,40,100,0.24329793,3.0245888
737,737,arach,0.0,1.0,7.392,37.3,1.0,2.0,20.0,4.0,4,10,40,500,0.13985103,1.9107761
738,738,arach,0.0,1.0,7.392,37.3,1.0,2.0,20.0,4.0,4,10,60,10,0.11691192,1.6637907
739,739,arach,0.0,1.0,7.392,37.3,1.0,2.0,20.0,4.0,4,10,60,100,0.18846855,2.4342408
740,740,arach,0.0,1.0,7.392,37.3,1.0,2.0,20.0,4.0,4,10,60,500,0.107427806,1.5616753
741,741,arach,0.0,1.0,7.392,37.3,1.0,2.0,20.0,4.0,4,10,80,10,0.10200733,1.503313
742,742,arach,0.0,1.0,7.392,37.3,1.0,2.0,20.0,4.0,4,10,80,100,0.14243826,1.9386328
743,743,arach,0.0,1.0,7.392,37.3,1.0,2.0,20.0,4.0,4,10,80,500,0.10402483,1.5250354
744,744,arach,0.0,1.0,7.392,37.3,1.0,2.0,20.0,4.0,4,50,20,10,0.0840919,1.3104175
745,745,arach,0.0,1.0,7.392,37.3,1.0,2.0,20.0,4.0,4,50,20,100,0.2543738,3.1438427
746,746,arach,0.0,1.0,7.392,37.3,1.0,2.0,20.0,4.0,4,50,20,500,0.2385481,2.9734476
747,747,arach,0.0,1.0,7.392,37.3,1.0,2.0,20.0,4.0,4,50,40,10,0.12120229,1.7099851
748,748,arach,0.0,1.0,7.392,37.3,1.0,2.0,20.0,4.0,4,50,40,100,0.21107781,2.6776748
749,749,arach,0.0,1.0,7.392,37.3,1.0,2.0,20.0,4.0,4,50,40,500,0.16077068,2.136018
750,750,arach,0.0,1.0,7.392,37.3,1.0,2.0,20.0,4.0,4,50,60,10,0.08421442,1.3117367
751,751,arach,0.0,1.0,7.392,37.3,1.0,2.0,20.0,4.0,4,50,60,100,0.13076374,1.8129332
752,752,arach,0.0,1.0,7.392,37.3,1.0,2.0,20.0,4.0,4,50,60,500,0.08171484,1.2848237
753,753,arach,0.0,1.0,7.392,37.3,1.0,2.0,20.0,4.0,4,50,80,10,0.060409844,1.0554328
754,754,arach,0.0,1.0,7.392,37.3,1.0,2.0,20.0,4.0,4,50,80,100,0.07892451,1.2547802
755,755,arach,0.0,1.0,7.392,37.3,1.0,2.0,20.0,4.0,4,50,80,500,0.07431823,1.2051843
756,756,arach,0.0,1.0,7.392,37.3,1.0,2.0,20.0,4.0,4,100,20,10,0.06421769,1.0964319
757,757,arach,0.0,1.0,7.392,37.3,1.0,2.0,20.0,4.0,4,100,20,100,0.25963092,3.2004461
758,758,arach,0.0,1.0,7.392,37.3,1.0,2.0,20.0,4.0,4,100,20,500,0.26214197,3.2274828
759,759,arach,0.0,1.0,7.392,37.3,1.0,2.0,20.0,4.0,4,100,40,10,0.11612439,1.6553113
760,760,arach,0.0,1.0,7.392,37.3,1.0,2.0,20.0,4.0,4,100,40,100,0.20355949,2.596725
761,761,arach,0.0,1.0,7.392,37.3,1.0,2.0,20.0,4.0,4,100,40,500,0.16221294,2.1515467
762,762,arach,0.0,1.0,7.392,37.3,1.0,2.0,20.0,4.0,4,100,60,10,0.07845011,1.2496724
763,763,arach,0.0,1.0,7.392,37.3,1.0,2.0,20.0,4.0,4,100,60,100,0.12228307,1.7216219
764,764,arach,0.0,1.0,7.392,37.3,1.0,2.0,20.0,4.0,4,100,60,500,0.08775252,1.3498315
765,765,arach,0.0,1.0,7.392,37.3,1.0,2.0,20.0,4.0,4,100,80,10,0.05201271,0.96502084
766,766,arach,0.0,1.0,7.392,37.3,1.0,2.0,20.0,4.0,4,100,80,100,0.06731191,1.1297474
767,767,arach,0.0,1.0,7.392,37.3,1.0,2.0,20.0,4.0,4,100,80,500,0.06791672,1.1362593
768,768,arach,0.0,1.0,7.392,37.3,1.0,2.0,20.0,4.0,4,200,20,10,0.089705646,1.3708608
769,769,arach,0.0,1.0,7.392,37.3,1.0,2.0,20.0,4.0,4,200,20,100,0.2742999,3.358387
770,770,arach,0.0,1.0,7.392,37.3,1.0,2.0,20.0,4.0,4,200,20,500,0.36102712,4.292179
771,771,arach,0.0,1.0,7.392,37.3,1.0,2.0,20.0,4.0,4,200,40,10,0.12363133,1.7361386
772,772,arach,0.0,1.0,7.392,37.3,1.0,2.0,20.0,4.0,4,200,40,100,0.2288597,2.8691323
773,773,arach,0.0,1.0,7.392,37.3,1.0,2.0,20.0,4.0,4,200,40,500,0.29914048,3.6258457
774,774,arach,0.0,1.0,7.392,37.3,1.0,2.0,20.0,4.0,4,200,60,10,0.0744057,1.2061262
775,775,arach,0.0,1.0,7.392,37.3,1.0,2.0,20.0,4.0,4,200,60,100,0.108481914,1.5730249
776,776,arach,0.0,1.0,7.392,37.3,1.0,2.0,20.0,4.0,4,200,60,500,0.12884244,1.7922467
777,777,arach,0.0,1.0,7.392,37.3,1.0,2.0,20.0,4.0,4,200,80,10,0.05683869,1.0169822
778,778,arach,0.0,1.0,7.392,37.3,1.0,2.0,20.0,4.0,4,200,80,100,0.06818071,1.1391017
779,779,arach,0.0,1.0,7.392,37.3,1.0,2.0,20.0,4.0,4,200,80,500,0.08374953,1.3067312
780,780,arach,0.0,1.0,7.392,37.3,1.0,2.0,20.0,4.0,8,1,20,10,0.011573911,0.5296163
781,781,arach,0.0,1.0,7.392,37.3,1.0,2.0,20.0,4.0,8,1,20,100,0.10391179,1.5238183
782,782,arach,0.0,1.0,7.392,37.3,1.0,2.0,20.0,4.0,8,1,20,500,0.11218122,1.6128552
783,783,arach,0.0,1.0,7.392,37.3,1.0,2.0,20.0,4.0,8,1,40,10,0.016387701,0.58144635
784,784,arach,0.0,1.0,7.392,37.3,1.0,2.0,20.0,4.0,8,1,40,100,0.15849379,2.1115026
785,785,arach,0.0,1.0,7.392,37.3,1.0,2.0,20.0,4.0,8,1,40,500,0.12802291,1.7834227
786,786,arach,0.0,1.0,7.392,37.3,1.0,2.0,20.0,4.0,8,1,60,10,0.05631119,1.0113026
787,787,arach,0.0,1.0,7.392,37.3,1.0,2.0,20.0,4.0,8,1,60,100,0.13091707,1.8145841
788,788,arach,0.0,1.0,7.392,37.3,1.0,2.0,20.0,4.0,8,1,60,500,0.11161327,1.6067402
789,789,arach,0.0,1.0,7.392,37.3,1.0,2.0,20.0,4.0,8,1,80,10,0.10778341,1.5655041
790,790,arach,0.0,1.0,7.392,37.3,1.0,2.0,20.0,4.0,8,1,80,100,0.15583187,2.0828419
791,791,arach,0.0,1.0,7.392,37.3,1.0,2.0,20.0,4.0,8,1,80,500,0.14043853,1.9171017
792,792,arach,0.0,1.0,7.392,37.3,1.0,2.0,20.0,4.0,8,10,20,10,0.06541386,1.1093111
793,793,arach,0.0,1.0,7.392,37.3,1.0,2.0,20.0,4.0,8,10,20,100,0.22096351,2.7841141
794,794,arach,0.0,1.0,7.392,37.3,1.0,2.0,20.0,4.0,8,10,20,500,0.18684387,2.416748
795,795,arach,0.0,1.0,7.392,37.3,1.0,2.0,20.0,4.0,8,10,40,10,0.08110541,1.2782619
796,796,arach,0.0,1.0,7.392,37.3,1.0,2.0,20.0,4.0,8,10,40,100,0.22958302,2.8769205
797,797,arach,0.0,1.0,7.392,37.3,1.0,2.0,20.0,4.0,8,10,40,500,0.14657322,1.9831539
798,798,arach,0.0,1.0,7.392,37.3,1.0,2.0,20.0,4.0,8,10,60,10,0.12613472,1.7630926
799,799,arach,0.0,1.0,7.392,37.3,1.0,2.0,20.0,4.0,8,10,60,100,0.16655287,2.1982749
800,800,arach,0.0,1.0,7.392,37.3,1.0,2.0,20.0,4.0,8,10,60,500,0.10054839,1.4876045
801,801,arach,0.0,1.0,7.392,37.3,1.0,2.0,20.0,4.0,8,10,80,10,0.10433343,1.5283581
802,802,arach,0.0,1.0,7.392,37.3,1.0,2.0,20.0,4.0,8,10,80,100,0.12040329,1.7013823
803,803,arach,0.0,1.0,7.392,37.3,1.0,2.0,20.0,4.0,8,10,80,500,0.092191905,1.3976303
804,804,arach,0.0,1.0,7.392,37.3,1.0,2.0,20.0,4.0,8,50,20,10,0.07795939,1.2443887
805,805,arach,0.0,1.0,7.392,37.3,1.0,2.0,20.0,4.0,8,50,20,100,0.21303022,2.6986964
806,806,arach,0.0,1.0,7.392,37.3,1.0,2.0,20.0,4.0,8,50,20,500,0.20155129,2.5751028
807,807,arach,0.0,1.0,7.392,37.3,1.0,2.0,20.0,4.0,8,50,40,10,0.097720414,1.4571558
808,808,arach,0.0,1.0,7.392,37.3,1.0,2.0,20.0,4.0,8,50,40,100,0.19422129,2.4961808
809,809,arach,0.0,1.0,7.392,37.3,1.0,2.0,20.0,4.0,8,50,40,500,0.16705868,2.2037208
810,810,arach,0.0,1.0,7.392,37.3,1.0,2.0,20.0,4.0,8,50,60,10,0.11039266,1.5935979
811,811,arach,0.0,1.0,7.392,37.3,1.0,2.0,20.0,4.0,8,50,60,100,0.111166686,1.6019318
812,812,arach,0.0,1.0,7.392,37.3,1.0,2.0,20.0,4.0,8,50,60,500,0.081356764,1.2809683
813,813,arach,0.0,1.0,7.392,37.3,1.0,2.0,20.0,4.0,8,50,80,10,0.06882131,1.1459991
814,814,arach,0.0,1.0,7.392,37.3,1.0,2.0,20.0,4.0,8,50,80,100,0.057014942,1.0188799
815,815,arach,0.0,1.0,7.392,37.3,1.0,2.0,20.0,4.0,8,50,80,500,0.061095983,1.0628204
816,816,arach,0.0,1.0,7.392,37.3,1.0,2.0,20.0,4.0,8,100,20,10,0.06549966,1.1102349
817,817,arach,0.0,1.0,7.392,37.3,1.0,2.0,20.0,4.0,8,100,20,100,0.23479128,2.9329977
818,818,arach,0.0,1.0,7.392,37.3,1.0,2.0,20.0,4.0,8,100,20,500,0.22354126,2.811869
819,819,arach,0.0,1.0,7.392,37.3,1.0,2.0,20.0,4.0,8,100,40,10,0.103459865,1.5189525
820,820,arach,0.0,1.0,7.392,37.3,1.0,2.0,20.0,4.0,8,100,40,100,0.21569514,2.7273896
821,821,arach,0.0,1.0,7.392,37.3,1.0,2.0,20.0,4.0,8,100,40,500,0.17398396,2.2782855
822,822,arach,0.0,1.0,7.392,37.3,1.0,2.0,20.0,4.0,8,100,60,10,0.11276445,1.6191349
823,823,arach,0.0,1.0,7.392,37.3,1.0,2.0,20.0,4.0,8,100,60,100,0.12978455,1.8023903
824,824,arach,0.0,1.0,7.392,37.3,1.0,2.0,20.0,4.0,8,100,60,500,0.091143936,1.3863468
825,825,arach,0.0,1.0,7.392,37.3,1.0,2.0,20.0,4.0,8,100,80,10,0.06211862,1.0738312
826,826,arach,0.0,1.0,7.392,37.3,1.0,2.0,20.0,4.0,8,100,80,100,0.057231456,1.021211
827,827,arach,0.0,1.0,7.392,37.3,1.0,2.0,20.0,4.0,8,100,80,500,0.05120313,0.95630413
828,828,arach,0.0,1.0,7.392,37.3,1.0,2.0,20.0,4.0,8,200,20,10,0.104613096,1.5313693
829,829,arach,0.0,1.0,7.392,37.3,1.0,2.0,20.0,4.0,8,200,20,100,0.25808582,3.18381
830,830,arach,0.0,1.0,7.392,37.3,1.0,2.0,20.0,4.0,8,200,20,500,0.33714747,4.035067
831,831,arach,0.0,1.0,7.392,37.3,1.0,2.0,20.0,4.0,8,200,40,10,0.12990409,1.8036774
832,832,arach,0.0,1.0,7.392,37.3,1.0,2.0,20.0,4.0,8,200,40,100,0.25057092,3.1028972
833,833,arach,0.0,1.0,7.392,37.3,1.0,2.0,20.0,4.0,8,200,40,500,0.32811567,3.9378216
834,834,arach,0.0,1.0,7.392,37.3,1.0,2.0,20.0,4.0,8,200,60,10,0.11752766,1.6704204
835,835,arach,0.0,1.0,7.392,37.3,1.0,2.0,20.0,4.0,8,200,60,100,0.12215352,1.720227
836,836,arach,0.0,1.0,7.392,37.3,1.0,2.0,20.0,4.0,8,200,60,500,0.1401532,1.9140296
837,837,arach,0.0,1.0,7.392,37.3,1.0,2.0,20.0,4.0,8,200,80,10,0.06774753,1.1344377
838,838,arach,0.0,1.0,7.392,37.3,1.0,2.0,20.0,4.0,8,200,80,100,0.062417,1.0770439
839,839,arach,0.0,1.0,7.392,37.3,1.0,2.0,20.0,4.0,8,200,80,500,0.06728178,1.1294229
840,840,arach,0.0,1.0,7.392,37.3,1.0,2.0,20.0,4.0,12,1,20,10,0.03412974,0.7724749
841,841,arach,0.0,1.0,7.392,37.3,1.0,2.0,20.0,4.0,12,1,20,100,0.09848341,1.465371
842,842,arach,0.0,1.0,7.392,37.3,1.0,2.0,20.0,4.0,12,1,20,500,0.112873524,1.6203094
843,843,arach,0.0,1.0,7.392,37.3,1.0,2.0,20.0,4.0,12,1,40,10,0.045363247,0.89342606
844,844,arach,0.0,1.0,7.392,37.3,1.0,2.0,20.0,4.0,12,1,40,100,0.16889524,2.2234952
845,845,arach,0.0,1.0,7.392,37.3,1.0,2.0,20.0,4.0,12,1,40,500,0.13335586,1.8408426
846,846,arach,0.0,1.0,7.392,37.3,1.0,2.0,20.0,4.0,12,1,60,10,0.063284785,1.0863873
847,847,arach,0.0,1.0,7.392,37.3,1.0,2.0,20.0,4.0,12,1,60,100,0.12268227,1.7259201
848,848,arach,0.0,1.0,7.392,37.3,1.0,2.0,20.0,4.0,12,1,60,500,0.10338539,1.5181506
849,849,arach,0.0,1.0,7.392,37.3,1.0,2.0,20.0,4.0,12,1,80,10,0.11301175,1.6217976
850,850,arach,0.0,1.0,7.392,37.3,1.0,2.0,20.0,4.0,12,1,80,100,0.1580823,2.1070724
851,851,arach,0.0,1.0,7.392,37.3,1.0,2.0,20.0,4.0,12,1,80,500,0.14506999,1.9669687
852,852,arach,0.0,1.0,7.392,37.3,1.0,2.0,20.0,4.0,12,10,20,10,0.07487503,1.2111794
853,853,arach,0.0,1.0,7.392,37.3,1.0,2.0,20.0,4.0,12,10,20,100,0.22266573,2.802442
854,854,arach,0.0,1.0,7.392,37.3,1.0,2.0,20.0,4.0,12,10,20,500,0.19749394,2.5314174
855,855,arach,0.0,1.0,7.392,37.3,1.0,2.0,20.0,4.0,12,10,40,10,0.08778563,1.350188
856,856,arach,0.0,1.0,7.392,37.3,1.0,2.0,20.0,4.0,12,10,40,100,0.24872947,3.0830703
857,857,arach,0.0,1.0,7.392,37.3,1.0,2.0,20.0,4.0,12,10,40,500,0.15918356,2.1189294
858,858,arach,0.0,1.0,7.392,37.3,1.0,2.0,20.0,4.0,12,10,60,10,0.14520708,1.9684447
859,859,arach,0.0,1.0,7.392,37.3,1.0,2.0,20.0,4.0,12,10,60,100,0.19354203,2.488867
860,860,arach,0.0,1.0,7.392,37.3,1.0,2.0,20.0,4.0,12,10,60,500,0.11986816,1.6956205
861,861,arach,0.0,1.0,7.392,37.3,1.0,2.0,20.0,4.0,12,10,80,10,0.116451174,1.6588298
862,862,arach,0.0,1.0,7.392,37.3,1.0,2.0,20.0,4.0,12,10,80,100,0.13378936,1.8455101
863,863,arach,0.0,1.0,7.392,37.3,1.0,2.0,20.0,4.0,12,10,80,500,0.103367716,1.5179603
864,864,arach,0.0,1.0,7.392,37.3,1.0,2.0,20.0,4.0,12,50,20,10,0.062144935,1.0741146
865,865,arach,0.0,1.0,7.392,37.3,1.0,2.0,20.0,4.0,12,50,20,100,0.17831933,2.3249643
866,866,arach,0.0,1.0,7.392,37.3,1.0,2.0,20.0,4.0,12,50,20,500,0.18661264,2.4142582
867,867,arach,0.0,1.0,7.392,37.3,1.0,2.0,20.0,4.0,12,50,40,10,0.07080436,1.1673505
868,868,arach,0.0,1.0,7.392,37.3,1.0,2.0,20.0,4.0,12,50,40,100,0.20609659,2.624042
869,869,arach,0.0,1.0,7.392,37.3,1.0,2.0,20.0,4.0,12,50,40,500,0.18438634,2.3902879
870,870,arach,0.0,1.0,7.392,37.3,1.0,2.0,20.0,4.0,12,50,60,10,0.12263313,1.725391
871,871,arach,0.0,1.0,7.392,37.3,1.0,2.0,20.0,4.0,12,50,60,100,0.139516,1.9071687
872,872,arach,0.0,1.0,7.392,37.3,1.0,2.0,20.0,4.0,12,50,60,500,0.10210425,1.5043565
873,873,arach,0.0,1.0,7.392,37.3,1.0,2.0,20.0,4.0,12,50,80,10,0.09681696,1.4474282
874,874,arach,0.0,1.0,7.392,37.3,1.0,2.0,20.0,4.0,12,50,80,100,0.106354624,1.5501204
875,875,arach,0.0,1.0,7.392,37.3,1.0,2.0,20.0,4.0,12,50,80,500,0.090605736,1.380552
876,876,arach,0.0,1.0,7.392,37.3,1.0,2.0,20.0,4.0,12,100,20,10,0.053107828,0.976812
877,877,arach,0.0,1.0,7.392,37.3,1.0,2.0,20.0,4.0,12,100,20,100,0.16416928,2.1726108
878,878,arach,0.0,1.0,7.392,37.3,1.0,2.0,20.0,4.0,12,100,20,500,0.18307331,2.3761504
879,879,arach,0.0,1.0,7.392,37.3,1.0,2.0,20.0,4.0,12,100,40,10,0.06924683,1.1505806
880,880,arach,0.0,1.0,7.392,37.3,1.0,2.0,20.0,4.0,12,100,40,100,0.17936897,2.3362658
881,881,arach,0.0,1.0,7.392,37.3,1.0,2.0,20.0,4.0,12,100,40,500,0.16681218,2.2010667
882,882,arach,0.0,1.0,7.392,37.3,1.0,2.0,20.0,4.0,12,100,60,10,0.11571604,1.6509147
883,883,arach,0.0,1.0,7.392,37.3,1.0,2.0,20.0,4.0,12,100,60,100,0.119015366,1.6864386
884,884,arach,0.0,1.0,7.392,37.3,1.0,2.0,20.0,4.0,12,100,60,500,0.0882023,1.3546742
885,885,arach,0.0,1.0,7.392,37.3,1.0,2.0,20.0,4.0,12,100,80,10,0.08785102,1.350892
886,886,arach,0.0,1.0,7.392,37.3,1.0,2.0,20.0,4.0,12,100,80,100,0.09964594,1.477888
887,887,arach,0.0,1.0,7.392,37.3,1.0,2.0,20.0,4.0,12,100,80,500,0.067534834,1.1321476
888,888,arach,0.0,1.0,7.392,37.3,1.0,2.0,20.0,4.0,12,200,20,10,0.101694256,1.4999422
889,889,arach,0.0,1.0,7.392,37.3,1.0,2.0,20.0,4.0,12,200,20,100,0.1951775,2.5064762
890,890,arach,0.0,1.0,7.392,37.3,1.0,2.0,20.0,4.0,12,200,20,500,0.28954053,3.5224829
891,891,arach,0.0,1.0,7.392,37.3,1.0,2.0,20.0,4.0,12,200,40,10,0.10881144,1.5765728
892,892,arach,0.0,1.0,7.392,37.3,1.0,2.0,20.0,4.0,12,200,40,100,0.21227524,2.6905675
893,893,arach,0.0,1.0,7.392,37.3,1.0,2.0,20.0,4.0,12,200,40,500,0.30261523,3.6632583
894,894,arach,0.0,1.0,7.392,37.3,1.0,2.0,20.0,4.0,12,200,60,10,0.12897885,1.7937154
895,895,arach,0.0,1.0,7.392,37.3,1.0,2.0,20.0,4.0,12,200,60,100,0.116027474,1.6542679
896,896,arach,0.0,1.0,7.392,37.3,1.0,2.0,20.0,4.0,12,200,60,500,0.1336954,1.8444984
897,897,arach,0.0,1.0,7.392,37.3,1.0,2.0,20.0,4.0,12,200,80,10,0.09064439,1.3809682
898,898,arach,0.0,1.0,7.392,37.3,1.0,2.0,20.0,4.0,12,200,80,100,0.0997974,1.4795187
899,899,arach,0.0,1.0,7.392,37.3,1.0,2.0,20.0,4.0,12,200,80,500,0.072891414,1.1898218
900,900,docosapent,0.0,1.0,7.966,37.3,1.0,2.0,22.0,5.0,4,1,20,10,0.054632276,0.9932257
901,901,docosapent,0.0,1.0,7.966,37.3,1.0,2.0,22.0,5.0,4,1,20,100,0.15290299,2.0513065
902,902,docosapent,0.0,1.0,7.966,37.3,1.0,2.0,22.0,5.0,4,1,20,500,0.14051059,1.9178776
903,903,docosapent,0.0,1.0,7.966,37.3,1.0,2.0,22.0,5.0,4,1,40,10,0.04914686,0.9341642
904,904,docosapent,0.0,1.0,7.966,37.3,1.0,2.0,22.0,5.0,4,1,40,100,0.13326076,1.8398186
905,905,docosapent,0.0,1.0,7.966,37.3,1.0,2.0,22.0,5.0,4,1,40,500,0.07851702,1.2503928
906,906,docosapent,0.0,1.0,7.966,37.3,1.0,2.0,22.0,5.0,4,1,60,10,0.061069995,1.0625407
907,907,docosapent,0.0,1.0,7.966,37.3,1.0,2.0,22.0,5.0,4,1,60,100,0.14241195,1.9383495
908,908,docosapent,0.0,1.0,7.966,37.3,1.0,2.0,22.0,5.0,4,1,60,500,0.09966856,1.4781315
909,909,docosapent,0.0,1.0,7.966,37.3,1.0,2.0,22.0,5.0,4,1,80,10,0.106962144,1.5566615
910,910,docosapent,0.0,1.0,7.966,37.3,1.0,2.0,22.0,5.0,4,1,80,100,0.1590423,2.1174085
911,911,docosapent,0.0,1.0,7.966,37.3,1.0,2.0,22.0,5.0,4,1,80,500,0.12697893,1.7721822
912,912,docosapent,0.0,1.0,7.966,37.3,1.0,2.0,22.0,5.0,4,10,20,10,0.07482627,1.2106545
913,913,docosapent,0.0,1.0,7.966,37.3,1.0,2.0,22.0,5.0,4,10,20,100,0.23588511,2.944775
914,914,docosapent,0.0,1.0,7.966,37.3,1.0,2.0,22.0,5.0,4,10,20,500,0.19482043,2.5026317
915,915,docosapent,0.0,1.0,7.966,37.3,1.0,2.0,22.0,5.0,4,10,40,10,0.08918965,1.3653051
916,916,docosapent,0.0,1.0,7.966,37.3,1.0,2.0,22.0,5.0,4,10,40,100,0.21349329,2.7036822
917,917,docosapent,0.0,1.0,7.966,37.3,1.0,2.0,22.0,5.0,4,10,40,500,0.109677404,1.5858967
918,918,docosapent,0.0,1.0,7.966,37.3,1.0,2.0,22.0,5.0,4,10,60,10,0.09019104,1.376087
919,919,docosapent,0.0,1.0,7.966,37.3,1.0,2.0,22.0,5.0,4,10,60,100,0.161609,2.145044
920,920,docosapent,0.0,1.0,7.966,37.3,1.0,2.0,22.0,5.0,4,10,60,500,0.083420575,1.3031893
921,921,docosapent,0.0,1.0,7.966,37.3,1.0,2.0,22.0,5.0,4,10,80,10,0.07322535,1.1934173
922,922,docosapent,0.0,1.0,7.966,37.3,1.0,2.0,22.0,5.0,4,10,80,100,0.11818758,1.6775258
923,923,docosapent,0.0,1.0,7.966,37.3,1.0,2.0,22.0,5.0,4,10,80,500,0.07997969,1.2661413
924,924,docosapent,0.0,1.0,7.966,37.3,1.0,2.0,22.0,5.0,4,50,20,10,0.08997679,1.3737801
925,925,docosapent,0.0,1.0,7.966,37.3,1.0,2.0,22.0,5.0,4,50,20,100,0.24872813,3.0830557
926,926,docosapent,0.0,1.0,7.966,37.3,1.0,2.0,22.0,5.0,4,50,20,500,0.23305869,2.914343
927,927,docosapent,0.0,1.0,7.966,37.3,1.0,2.0,22.0,5.0,4,50,40,10,0.12631509,1.7650347
928,928,docosapent,0.0,1.0,7.966,37.3,1.0,2.0,22.0,5.0,4,50,40,100,0.19644621,2.5201364
929,929,docosapent,0.0,1.0,7.966,37.3,1.0,2.0,22.0,5.0,4,50,40,500,0.15080571,2.0287251
930,930,docosapent,0.0,1.0,7.966,37.3,1.0,2.0,22.0,5.0,4,50,60,10,0.078707695,1.2524457
931,931,docosapent,0.0,1.0,7.966,37.3,1.0,2.0,22.0,5.0,4,50,60,100,0.12180561,1.7164811
932,932,docosapent,0.0,1.0,7.966,37.3,1.0,2.0,22.0,5.0,4,50,60,500,0.0804736,1.2714592
933,933,docosapent,0.0,1.0,7.966,37.3,1.0,2.0,22.0,5.0,4,50,80,10,0.058523864,1.0351264
934,934,docosapent,0.0,1.0,7.966,37.3,1.0,2.0,22.0,5.0,4,50,80,100,0.07673535,1.2312095
935,935,docosapent,0.0,1.0,7.966,37.3,1.0,2.0,22.0,5.0,4,50,80,500,0.07692936,1.2332984
936,936,docosapent,0.0,1.0,7.966,37.3,1.0,2.0,22.0,5.0,4,100,20,10,0.06707722,1.1272204
937,937,docosapent,0.0,1.0,7.966,37.3,1.0,2.0,22.0,5.0,4,100,20,100,0.25275654,3.1264298
938,938,docosapent,0.0,1.0,7.966,37.3,1.0,2.0,22.0,5.0,4,100,20,500,0.25659338,3.167741
939,939,docosapent,0.0,1.0,7.966,37.3,1.0,2.0,22.0,5.0,4,100,40,10,0.11625892,1.6567599
940,940,docosapent,0.0,1.0,7.966,37.3,1.0,2.0,22.0,5.0,4,100,40,100,0.18496841,2.396555
941,941,docosapent,0.0,1.0,7.966,37.3,1.0,2.0,22.0,5.0,4,100,40,500,0.14460802,1.9619946
942,942,docosapent,0.0,1.0,7.966,37.3,1.0,2.0,22.0,5.0,4,100,60,10,0.07252854,1.1859148
943,943,docosapent,0.0,1.0,7.966,37.3,1.0,2.0,22.0,5.0,4,100,60,100,0.11695638,1.6642694
944,944,docosapent,0.0,1.0,7.966,37.3,1.0,2.0,22.0,5.0,4,100,60,500,0.084709466,1.3170668
945,945,docosapent,0.0,1.0,7.966,37.3,1.0,2.0,22.0,5.0,4,100,80,10,0.049791813,0.94110847
946,946,docosapent,0.0,1.0,7.966,37.3,1.0,2.0,22.0,5.0,4,100,80,100,0.06586614,1.1141808
947,947,docosapent,0.0,1.0,7.966,37.3,1.0,2.0,22.0,5.0,4,100,80,500,0.06584656,1.1139699
948,948,docosapent,0.0,1.0,7.966,37.3,1.0,2.0,22.0,5.0,4,200,20,10,0.09513444,1.4293126
949,949,docosapent,0.0,1.0,7.966,37.3,1.0,2.0,22.0,5.0,4,200,20,100,0.273129,3.34578
950,950,docosapent,0.0,1.0,7.966,37.3,1.0,2.0,22.0,5.0,4,200,20,500,0.36288473,4.31218
951,951,docosapent,0.0,1.0,7.966,37.3,1.0,2.0,22.0,5.0,4,200,40,10,0.13049471,1.8100367
952,952,docosapent,0.0,1.0,7.966,37.3,1.0,2.0,22.0,5.0,4,200,40,100,0.21905863,2.7636044
953,953,docosapent,0.0,1.0,7.966,37.3,1.0,2.0,22.0,5.0,4,200,40,500,0.29237366,3.5529873
954,954,docosapent,0.0,1.0,7.966,37.3,1.0,2.0,22.0,5.0,4,200,60,10,0.0735611,1.1970323
955,955,docosapent,0.0,1.0,7.966,37.3,1.0,2.0,22.0,5.0,4,200,60,100,0.104674846,1.5320342
956,956,docosapent,0.0,1.0,7.966,37.3,1.0,2.0,22.0,5.0,4,200,60,500,0.12998453,1.8045435
957,957,docosapent,0.0,1.0,7.966,37.3,1.0,2.0,22.0,5.0,4,200,80,10,0.058585286,1.0357878
958,958,docosapent,0.0,1.0,7.966,37.3,1.0,2.0,22.0,5.0,4,200,80,100,0.06964117,1.1548265
959,959,docosapent,0.0,1.0,7.966,37.3,1.0,2.0,22.0,5.0,4,200,80,500,0.085116625,1.3214507
960,960,docosapent,0.0,1.0,7.966,37.3,1.0,2.0,22.0,5.0,8,1,20,10,0.01760441,0.5945467
961,961,docosapent,0.0,1.0,7.966,37.3,1.0,2.0,22.0,5.0,8,1,20,100,0.09785959,1.4586543
962,962,docosapent,0.0,1.0,7.966,37.3,1.0,2.0,22.0,5.0,8,1,20,500,0.096493274,1.4439431
963,963,docosapent,0.0,1.0,7.966,37.3,1.0,2.0,22.0,5.0,8,1,40,10,0.025355846,0.6780064
964,964,docosapent,0.0,1.0,7.966,37.3,1.0,2.0,22.0,5.0,8,1,40,100,0.14676887,1.9852605
965,965,docosapent,0.0,1.0,7.966,37.3,1.0,2.0,22.0,5.0,8,1,40,500,0.10063934,1.4885839
966,966,docosapent,0.0,1.0,7.966,37.3,1.0,2.0,22.0,5.0,8,1,60,10,0.06583139,1.1138066
967,967,docosapent,0.0,1.0,7.966,37.3,1.0,2.0,22.0,5.0,8,1,60,100,0.14464542,1.9623973
968,968,docosapent,0.0,1.0,7.966,37.3,1.0,2.0,22.0,5.0,8,1,60,500,0.11746222,1.6697158
969,969,docosapent,0.0,1.0,7.966,37.3,1.0,2.0,22.0,5.0,8,1,80,10,0.12151632,1.7133663
970,970,docosapent,0.0,1.0,7.966,37.3,1.0,2.0,22.0,5.0,8,1,80,100,0.16878352,2.2222922
971,971,docosapent,0.0,1.0,7.966,37.3,1.0,2.0,22.0,5.0,8,1,80,500,0.14701766,1.9879392
972,972,docosapent,0.0,1.0,7.966,37.3,1.0,2.0,22.0,5.0,8,10,20,10,0.06700429,1.1264353
973,973,docosapent,0.0,1.0,7.966,37.3,1.0,2.0,22.0,5.0,8,10,20,100,0.21603051,2.7310007
974,974,docosapent,0.0,1.0,7.966,37.3,1.0,2.0,22.0,5.0,8,10,20,500,0.17276642,2.265176
975,975,docosapent,0.0,1.0,7.966,37.3,1.0,2.0,22.0,5.0,8,10,40,10,0.07813081,1.2462344
976,976,docosapent,0.0,1.0,7.966,37.3,1.0,2.0,22.0,5.0,8,10,40,100,0.2203905,2.7779446
977,977,docosapent,0.0,1.0,7.966,37.3,1.0,2.0,22.0,5.0,8,10,40,500,0.1228233,1.7274386
978,978,docosapent,0.0,1.0,7.966,37.3,1.0,2.0,22.0,5.0,8,10,60,10,0.106829554,1.5552338
979,979,docosapent,0.0,1.0,7.966,37.3,1.0,2.0,22.0,5.0,8,10,60,100,0.15280962,2.0503013
980,980,docosapent,0.0,1.0,7.966,37.3,1.0,2.0,22.0,5.0,8,10,60,500,0.08701819,1.3419249
981,981,docosapent,0.0,1.0,7.966,37.3,1.0,2.0,22.0,5.0,8,10,80,10,0.088615805,1.3591264
982,982,docosapent,0.0,1.0,7.966,37.3,1.0,2.0,22.0,5.0,8,10,80,100,0.10810566,1.5689737
983,983,docosapent,0.0,1.0,7.966,37.3,1.0,2.0,22.0,5.0,8,10,80,500,0.08041912,1.2708727
984,984,docosapent,0.0,1.0,7.966,37.3,1.0,2.0,22.0,5.0,8,50,20,10,0.08492762,1.3194157
985,985,docosapent,0.0,1.0,7.966,37.3,1.0,2.0,22.0,5.0,8,50,20,100,0.21015882,2.6677802
986,986,docosapent,0.0,1.0,7.966,37.3,1.0,2.0,22.0,5.0,8,50,20,500,0.19964358,2.5545626
987,987,docosapent,0.0,1.0,7.966,37.3,1.0,2.0,22.0,5.0,8,50,40,10,0.104277045,1.527751
988,988,docosapent,0.0,1.0,7.966,37.3,1.0,2.0,22.0,5.0,8,50,40,100,0.1828641,2.3738978
989,989,docosapent,0.0,1.0,7.966,37.3,1.0,2.0,22.0,5.0,8,50,40,500,0.15096006,2.030387
990,990,docosapent,0.0,1.0,7.966,37.3,1.0,2.0,22.0,5.0,8,50,60,10,0.10621482,1.5486151
991,991,docosapent,0.0,1.0,7.966,37.3,1.0,2.0,22.0,5.0,8,50,60,100,0.10310474,1.5151289
992,992,docosapent,0.0,1.0,7.966,37.3,1.0,2.0,22.0,5.0,8,50,60,500,0.07605767,1.223913
993,993,docosapent,0.0,1.0,7.966,37.3,1.0,2.0,22.0,5.0,8,50,80,10,0.074746996,1.209801
994,994,docosapent,0.0,1.0,7.966,37.3,1.0,2.0,22.0,5.0,8,50,80,100,0.057467014,1.0237473
995,995,docosapent,0.0,1.0,7.966,37.3,1.0,2.0,22.0,5.0,8,50,80,500,0.06365228,1.0903441
996,996,docosapent,0.0,1.0,7.966,37.3,1.0,2.0,22.0,5.0,8,100,20,10,0.07028508,1.1617595
997,997,docosapent,0.0,1.0,7.966,37.3,1.0,2.0,22.0,5.0,8,100,20,100,0.2330488,2.9142365
998,998,docosapent,0.0,1.0,7.966,37.3,1.0,2.0,22.0,5.0,8,100,20,500,0.2218746,2.7939239
999,999,docosapent,0.0,1.0,7.966,37.3,1.0,2.0,22.0,5.0,8,100,40,10,0.105876684,1.5449743
1000,1000,docosapent,0.0,1.0,7.966,37.3,1.0,2.0,22.0,5.0,8,100,40,100,0.20380402,2.5993578
1001,1001,docosapent,0.0,1.0,7.966,37.3,1.0,2.0,22.0,5.0,8,100,40,500,0.15762833,2.1021843
1002,1002,docosapent,0.0,1.0,7.966,37.3,1.0,2.0,22.0,5.0,8,100,60,10,0.10942942,1.5832267
1003,1003,docosapent,0.0,1.0,7.966,37.3,1.0,2.0,22.0,5.0,8,100,60,100,0.12788758,1.7819656
1004,1004,docosapent,0.0,1.0,7.966,37.3,1.0,2.0,22.0,5.0,8,100,60,500,0.08816889,1.3543146
1005,1005,docosapent,0.0,1.0,7.966,37.3,1.0,2.0,22.0,5.0,8,100,80,10,0.06728634,1.129472
1006,1006,docosapent,0.0,1.0,7.966,37.3,1.0,2.0,22.0,5.0,8,100,80,100,0.060043603,1.0514895
1007,1007,docosapent,0.0,1.0,7.966,37.3,1.0,2.0,22.0,5.0,8,100,80,500,0.051374674,0.9581511
1008,1008,docosapent,0.0,1.0,7.966,37.3,1.0,2.0,22.0,5.0,8,200,20,10,0.111890405,1.609724
1009,1009,docosapent,0.0,1.0,7.966,37.3,1.0,2.0,22.0,5.0,8,200,20,100,0.26009956,3.205492
1010,1010,docosapent,0.0,1.0,7.966,37.3,1.0,2.0,22.0,5.0,8,200,20,500,0.3415632,4.082611
1011,1011,docosapent,0.0,1.0,7.966,37.3,1.0,2.0,22.0,5.0,8,200,40,10,0.13707277,1.8808626
1012,1012,docosapent,0.0,1.0,7.966,37.3,1.0,2.0,22.0,5.0,8,200,40,100,0.2468046,3.0623453
1013,1013,docosapent,0.0,1.0,7.966,37.3,1.0,2.0,22.0,5.0,8,200,40,500,0.32519877,3.9064152
1014,1014,docosapent,0.0,1.0,7.966,37.3,1.0,2.0,22.0,5.0,8,200,60,10,0.11614311,1.6555129
1015,1015,docosapent,0.0,1.0,7.966,37.3,1.0,2.0,22.0,5.0,8,200,60,100,0.118365884,1.6794455
1016,1016,docosapent,0.0,1.0,7.966,37.3,1.0,2.0,22.0,5.0,8,200,60,500,0.14278165,1.94233
1017,1017,docosapent,0.0,1.0,7.966,37.3,1.0,2.0,22.0,5.0,8,200,80,10,0.075427294,1.2171257
1018,1018,docosapent,0.0,1.0,7.966,37.3,1.0,2.0,22.0,5.0,8,200,80,100,0.068695754,1.1446471
1019,1019,docosapent,0.0,1.0,7.966,37.3,1.0,2.0,22.0,5.0,8,200,80,500,0.069316,1.1513253
1020,1020,docosapent,0.0,1.0,7.966,37.3,1.0,2.0,22.0,5.0,12,1,20,10,0.046425134,0.9048594
1021,1021,docosapent,0.0,1.0,7.966,37.3,1.0,2.0,22.0,5.0,12,1,20,100,0.09228003,1.3985791
1022,1022,docosapent,0.0,1.0,7.966,37.3,1.0,2.0,22.0,5.0,12,1,20,500,0.0964354,1.44332
1023,1023,docosapent,0.0,1.0,7.966,37.3,1.0,2.0,22.0,5.0,12,1,40,10,0.06423515,1.0966198
1024,1024,docosapent,0.0,1.0,7.966,37.3,1.0,2.0,22.0,5.0,12,1,40,100,0.15390837,2.0621314
1025,1025,docosapent,0.0,1.0,7.966,37.3,1.0,2.0,22.0,5.0,12,1,40,500,0.104415506,1.5292418
1026,1026,docosapent,0.0,1.0,7.966,37.3,1.0,2.0,22.0,5.0,12,1,60,10,0.08124271,1.2797402
1027,1027,docosapent,0.0,1.0,7.966,37.3,1.0,2.0,22.0,5.0,12,1,60,100,0.13520724,1.8607764
1028,1028,docosapent,0.0,1.0,7.966,37.3,1.0,2.0,22.0,5.0,12,1,60,500,0.10653967,1.5521127
1029,1029,docosapent,0.0,1.0,7.966,37.3,1.0,2.0,22.0,5.0,12,1,80,10,0.12824515,1.7858156
1030,1030,docosapent,0.0,1.0,7.966,37.3,1.0,2.0,22.0,5.0,12,1,80,100,0.17238623,2.2610826
1031,1031,docosapent,0.0,1.0,7.966,37.3,1.0,2.0,22.0,5.0,12,1,80,500,0.14836693,2.0024667
1032,1032,docosapent,0.0,1.0,7.966,37.3,1.0,2.0,22.0,5.0,12,10,20,10,0.0696207,1.1546061
1033,1033,docosapent,0.0,1.0,7.966,37.3,1.0,2.0,22.0,5.0,12,10,20,100,0.21798292,2.7520223
1034,1034,docosapent,0.0,1.0,7.966,37.3,1.0,2.0,22.0,5.0,12,10,20,500,0.18686596,2.4169858
1035,1035,docosapent,0.0,1.0,7.966,37.3,1.0,2.0,22.0,5.0,12,10,40,10,0.07820776,1.2470629
1036,1036,docosapent,0.0,1.0,7.966,37.3,1.0,2.0,22.0,5.0,12,10,40,100,0.23687845,2.9554703
1037,1037,docosapent,0.0,1.0,7.966,37.3,1.0,2.0,22.0,5.0,12,10,40,500,0.1351524,1.860186
1038,1038,docosapent,0.0,1.0,7.966,37.3,1.0,2.0,22.0,5.0,12,10,60,10,0.12143308,1.71247
1039,1039,docosapent,0.0,1.0,7.966,37.3,1.0,2.0,22.0,5.0,12,10,60,100,0.18464044,2.3930237
1040,1040,docosapent,0.0,1.0,7.966,37.3,1.0,2.0,22.0,5.0,12,10,60,500,0.10844001,1.5725737
1041,1041,docosapent,0.0,1.0,7.966,37.3,1.0,2.0,22.0,5.0,12,10,80,10,0.094178915,1.4190245
1042,1042,docosapent,0.0,1.0,7.966,37.3,1.0,2.0,22.0,5.0,12,10,80,100,0.12786806,1.7817554
1043,1043,docosapent,0.0,1.0,7.966,37.3,1.0,2.0,22.0,5.0,12,10,80,500,0.093716085,1.4140412
1044,1044,docosapent,0.0,1.0,7.966,37.3,1.0,2.0,22.0,5.0,12,50,20,10,0.06094417,1.0611858
1045,1045,docosapent,0.0,1.0,7.966,37.3,1.0,2.0,22.0,5.0,12,50,20,100,0.17600289,2.300023
1046,1046,docosapent,0.0,1.0,7.966,37.3,1.0,2.0,22.0,5.0,12,50,20,500,0.18622637,2.4100993
1047,1047,docosapent,0.0,1.0,7.966,37.3,1.0,2.0,22.0,5.0,12,50,40,10,0.06571695,1.1125745
1048,1048,docosapent,0.0,1.0,7.966,37.3,1.0,2.0,22.0,5.0,12,50,40,100,0.19082102,2.45957
1049,1049,docosapent,0.0,1.0,7.966,37.3,1.0,2.0,22.0,5.0,12,50,40,500,0.16250166,2.1546555
1050,1050,docosapent,0.0,1.0,7.966,37.3,1.0,2.0,22.0,5.0,12,50,60,10,0.1085175,1.573408
1051,1051,docosapent,0.0,1.0,7.966,37.3,1.0,2.0,22.0,5.0,12,50,60,100,0.13376656,1.8452647
1052,1052,docosapent,0.0,1.0,7.966,37.3,1.0,2.0,22.0,5.0,12,50,60,500,0.092347056,1.3993008
1053,1053,docosapent,0.0,1.0,7.966,37.3,1.0,2.0,22.0,5.0,12,50,80,10,0.092813015,1.4043179
1054,1054,docosapent,0.0,1.0,7.966,37.3,1.0,2.0,22.0,5.0,12,50,80,100,0.11376989,1.6299604
1055,1055,docosapent,0.0,1.0,7.966,37.3,1.0,2.0,22.0,5.0,12,50,80,500,0.09420818,1.4193395
1056,1056,docosapent,0.0,1.0,7.966,37.3,1.0,2.0,22.0,5.0,12,100,20,10,0.051498145,0.9594805
1057,1057,docosapent,0.0,1.0,7.966,37.3,1.0,2.0,22.0,5.0,12,100,20,100,0.15974748,2.1250012
1058,1058,docosapent,0.0,1.0,7.966,37.3,1.0,2.0,22.0,5.0,12,100,20,500,0.18256378,2.3706644
1059,1059,docosapent,0.0,1.0,7.966,37.3,1.0,2.0,22.0,5.0,12,100,40,10,0.059051514,1.0408076
1060,1060,docosapent,0.0,1.0,7.966,37.3,1.0,2.0,22.0,5.0,12,100,40,100,0.15406895,2.0638604
1061,1061,docosapent,0.0,1.0,7.966,37.3,1.0,2.0,22.0,5.0,12,100,40,500,0.14604968,1.977517
1062,1062,docosapent,0.0,1.0,7.966,37.3,1.0,2.0,22.0,5.0,12,100,60,10,0.101790726,1.5009809
1063,1063,docosapent,0.0,1.0,7.966,37.3,1.0,2.0,22.0,5.0,12,100,60,100,0.107948154,1.5672779
1064,1064,docosapent,0.0,1.0,7.966,37.3,1.0,2.0,22.0,5.0,12,100,60,500,0.08132592,1.2806362
1065,1065,docosapent,0.0,1.0,7.966,37.3,1.0,2.0,22.0,5.0,12,100,80,10,0.08476186,1.3176309
1066,1066,docosapent,0.0,1.0,7.966,37.3,1.0,2.0,22.0,5.0,12,100,80,100,0.10570428,1.543118
1067,1067,docosapent,0.0,1.0,7.966,37.3,1.0,2.0,22.0,5.0,12,100,80,500,0.066316545,1.1190302
1068,1068,docosapent,0.0,1.0,7.966,37.3,1.0,2.0,22.0,5.0,12,200,20,10,0.11170405,1.6077176
1069,1069,docosapent,0.0,1.0,7.966,37.3,1.0,2.0,22.0,5.0,12,200,20,100,0.19319847,2.485168
1070,1070,docosapent,0.0,1.0,7.966,37.3,1.0,2.0,22.0,5.0,12,200,20,500,0.28996968,3.5271037
1071,1071,docosapent,0.0,1.0,7.966,37.3,1.0,2.0,22.0,5.0,12,200,40,10,0.11789027,1.6743246
1072,1072,docosapent,0.0,1.0,7.966,37.3,1.0,2.0,22.0,5.0,12,200,40,100,0.1982072,2.539097
1073,1073,docosapent,0.0,1.0,7.966,37.3,1.0,2.0,22.0,5.0,12,200,40,500,0.2920119,3.549092
1074,1074,docosapent,0.0,1.0,7.966,37.3,1.0,2.0,22.0,5.0,12,200,60,10,0.12531897,1.7543094
1075,1075,docosapent,0.0,1.0,7.966,37.3,1.0,2.0,22.0,5.0,12,200,60,100,0.1046454,1.5317171
1076,1076,docosapent,0.0,1.0,7.966,37.3,1.0,2.0,22.0,5.0,12,200,60,500,0.13239765,1.8305256
1077,1077,docosapent,0.0,1.0,7.966,37.3,1.0,2.0,22.0,5.0,12,200,80,10,0.099202305,1.4731113
1078,1078,docosapent,0.0,1.0,7.966,37.3,1.0,2.0,22.0,5.0,12,200,80,100,0.11252701,1.6165785
1079,1079,docosapent,0.0,1.0,7.966,37.3,1.0,2.0,22.0,5.0,12,200,80,500,0.073904485,1.2007296
