,Formula label,Helper_lipid,P_charged_centers,N_charged_centers,cLogP,cTPSA,Hbond_D,Hbond_A,Total_Carbon_Tails,Double_bonds,NP_ratio,Dlin-MC3_Helper lipid_ratio,Dlin-MC3+Helper lipid percentage,Chol_DMG-PEG_ratio,Size,Zeta,PDI,RLU_PC3
0,1,18PG,0,1,9.3028,149.0,3,10,36,1,4,200,20,500,440.1666667,-7.193333333,0.292666667,3.0
1,2,18PG,0,1,9.3028,149.0,3,10,36,1,8,200,20,500,320.9666667,-5.036666667,0.187666667,3.0
3,4,18PG,0,1,9.3028,149.0,3,10,36,1,4,200,40,500,236.0666667,-4.42,0.359666667,3.0
4,5,18PG,0,1,9.3028,149.0,3,10,36,1,8,200,40,500,188.6,-3.686666667,0.308666667,3.0
5,6,18PG,0,1,9.3028,149.0,3,10,36,1,12,200,40,500,248.3,-2.553333333,0.374333333,3.0
6,7,18PG,0,1,9.3028,149.0,3,10,36,1,4,200,60,500,221.0666667,-1.06,0.257,3.0
7,8,18PG,0,1,9.3028,149.0,3,10,36,1,8,200,60,500,206.6333333,1.177333333,0.367333333,3.0
8,9,18PG,0,1,9.3028,149.0,3,10,36,1,12,200,60,500,239.3,-0.068333333,0.301,3.0
12,13,18PG,0,1,9.3028,149.0,3,10,36,1,4,100,20,500,395.5333333,-9.85,0.062333333,3.0
13,14,18PG,0,1,9.3028,149.0,3,10,36,1,8,100,20,500,412.0666667,-4.376666667,0.177666667,3.0
15,16,18PG,0,1,9.3028,149.0,3,10,36,1,4,100,40,500,218.7666667,-4.306666667,0.298,3.0
16,17,18PG,0,1,9.3028,149.0,3,10,36,1,8,100,40,500,221.7666667,-1.85,0.319666667,3.0
18,19,18PG,0,1,9.3028,149.0,3,10,36,1,4,100,60,500,227.4,0.728366667,0.285666667,3.0
19,20,18PG,0,1,9.3028,149.0,3,10,36,1,8,100,60,500,217.1,-0.417,0.286333333,3.0
20,21,18PG,0,1,9.3028,149.0,3,10,36,1,12,100,60,500,241.5666667,-2.663333333,0.296333333,3.0
24,25,18PG,0,1,9.3028,149.0,3,10,36,1,4,50,20,500,431.4,-6.4,0.301666667,3.0
28,29,18PG,0,1,9.3028,149.0,3,10,36,1,8,50,40,500,247.4666667,-2.506666667,0.442333333,3.0
29,30,18PG,0,1,9.3028,149.0,3,10,36,1,12,50,40,500,230.4,-2.166666667,0.252,3.0
30,31,18PG,0,1,9.3028,149.0,3,10,36,1,4,50,60,500,215.5666667,0.091,0.283333333,3.0
31,32,18PG,0,1,9.3028,149.0,3,10,36,1,8,50,60,500,221.9666667,-0.125666667,0.240333333,3.0
32,33,18PG,0,1,9.3028,149.0,3,10,36,1,12,50,60,500,234.9333333,0.407333333,0.281333333,3.0
36,37,18PG,0,1,9.3028,149.0,3,10,36,1,4,10,20,500,303.8,-4.81,0.320333333,3.0
39,40,18PG,0,1,9.3028,149.0,3,10,36,1,4,10,40,500,242.8,1.363333333,0.251,3.0
40,41,18PG,0,1,9.3028,149.0,3,10,36,1,8,10,40,500,182.1,-1.420666667,0.263,3.0
41,42,18PG,0,1,9.3028,149.0,3,10,36,1,12,10,40,500,252.6333333,-2.366666667,0.273666667,3.0
42,43,18PG,0,1,9.3028,149.0,3,10,36,1,4,10,60,500,242.8,-1.566666667,0.252666667,3.0
43,44,18PG,0,1,9.3028,149.0,3,10,36,1,8,10,60,500,202.9666667,-2.063333333,0.257333333,3.0
44,45,18PG,0,1,9.3028,149.0,3,10,36,1,12,10,60,500,142.2666667,-0.186,0.268333333,3.0
69,70,18PG,0,1,9.3028,149.0,3,10,36,1,4,200,80,100,415.6,0.144666667,0.0,3.0
70,71,18PG,0,1,9.3028,149.0,3,10,36,1,8,200,80,100,420.6,0.213666667,0.0,3.0
81,82,18PG,0,1,9.3028,149.0,3,10,36,1,4,100,80,100,379.2666667,0.080666667,0.0,3.0
82,83,18PG,0,1,9.3028,149.0,3,10,36,1,8,100,80,100,430.7333333,0.114666667,0.0,3.0
83,84,18PG,0,1,9.3028,149.0,3,10,36,1,12,100,80,100,255.0166667,0.3485,0.0,3.0
94,95,18PG,0,1,9.3028,149.0,3,10,36,1,8,50,80,100,410.2,0.146666667,0.0,3.0
95,96,18PG,0,1,9.3028,149.0,3,10,36,1,12,50,80,100,363.8,0.148333333,0.0,3.0
105,106,18PG,0,1,9.3028,149.0,3,10,36,1,4,10,80,100,496.8666667,0.153666667,0.0,3.0
106,107,18PG,0,1,9.3028,149.0,3,10,36,1,8,10,80,100,526.7333333,0.369,0.0,3.0
107,108,18PG,0,1,9.3028,149.0,3,10,36,1,12,10,80,100,501.1333333,0.277,0.0,3.0
117,118,18PG,0,1,9.3028,149.0,3,10,36,1,4,1,80,100,364.1333333,0.201,0.0,3.0
119,120,18PG,0,1,9.3028,149.0,3,10,36,1,12,1,80,100,409.6,0.290333333,0.0,3.0
120,121,18PG,0,1,9.3028,149.0,3,10,36,1,4,200,20,10,113.3,0.238333333,0.0,3.0
121,122,18PG,0,1,9.3028,149.0,3,10,36,1,8,200,20,10,179.0666667,0.428333333,0.0,3.0
123,124,18PG,0,1,9.3028,149.0,3,10,36,1,4,200,40,10,108.3166667,0.307333333,0.0,3.0
124,125,18PG,0,1,9.3028,149.0,3,10,36,1,8,200,40,10,153.9,0.435666667,0.0,3.0
125,126,18PG,0,1,9.3028,149.0,3,10,36,1,12,200,40,10,120.1,0.400666667,0.0,3.0
126,127,18PG,0,1,9.3028,149.0,3,10,36,1,4,200,60,10,166.4,0.504,0.0,3.0
127,128,18PG,0,1,9.3028,149.0,3,10,36,1,8,200,60,10,192.9,0.356666667,0.0,3.0
128,129,18PG,0,1,9.3028,149.0,3,10,36,1,12,200,60,10,260.3666667,0.331,0.0,3.0
129,130,18PG,0,1,9.3028,149.0,3,10,36,1,4,200,80,10,230.6333333,0.313333333,0.0,3.0
130,131,18PG,0,1,9.3028,149.0,3,10,36,1,8,200,80,10,237.4,0.258666667,0.0,3.0
131,132,18PG,0,1,9.3028,149.0,3,10,36,1,12,200,80,10,208.8333333,0.286,0.0,3.0
132,133,18PG,0,1,9.3028,149.0,3,10,36,1,4,100,20,10,129.5333333,0.231666667,0.0,3.0
133,134,18PG,0,1,9.3028,149.0,3,10,36,1,8,100,20,10,247.0333333,0.714,0.0,3.0
135,136,18PG,0,1,9.3028,149.0,3,10,36,1,4,100,40,10,181.4666667,0.334,0.0,3.0
136,137,18PG,0,1,9.3028,149.0,3,10,36,1,8,100,40,10,144.4,0.396,0.0,3.0
137,138,18PG,0,1,9.3028,149.0,3,10,36,1,12,100,40,10,123.8,0.366333333,0.0,3.0
138,139,18PG,0,1,9.3028,149.0,3,10,36,1,4,100,60,10,253.1333333,0.477333333,0.0,3.0
139,140,18PG,0,1,9.3028,149.0,3,10,36,1,8,100,60,10,212.9666667,0.330666667,0.0,3.0
140,141,18PG,0,1,9.3028,149.0,3,10,36,1,12,100,60,10,219.6333333,0.313,0.0,3.0
141,142,18PG,0,1,9.3028,149.0,3,10,36,1,4,100,80,10,243.4333333,0.302666667,0.0,3.0
142,143,18PG,0,1,9.3028,149.0,3,10,36,1,8,100,80,10,226.2666667,0.251333333,0.0,3.0
143,144,18PG,0,1,9.3028,149.0,3,10,36,1,12,100,80,10,262.2333333,0.095333333,0.0,3.0
144,145,18PG,0,1,9.3028,149.0,3,10,36,1,4,50,20,10,135.9333333,0.257333333,0.0,3.0
147,148,18PG,0,1,9.3028,149.0,3,10,36,1,4,50,40,10,113.75,0.3625,0.0,3.0
148,149,18PG,0,1,9.3028,149.0,3,10,36,1,8,50,40,10,142.2666667,0.315,0.0,3.0
149,150,18PG,0,1,9.3028,149.0,3,10,36,1,12,50,40,10,142.3333333,0.393333333,0.0,3.0
150,151,18PG,0,1,9.3028,149.0,3,10,36,1,4,50,60,10,256.9666667,0.289333333,0.0,3.0
151,152,18PG,0,1,9.3028,149.0,3,10,36,1,8,50,60,10,205.9333333,0.315,0.0,3.0
152,153,18PG,0,1,9.3028,149.0,3,10,36,1,12,50,60,10,184.7,0.339666667,0.0,3.0
153,154,18PG,0,1,9.3028,149.0,3,10,36,1,4,50,80,10,244.4333333,0.245,0.0,3.0
154,155,18PG,0,1,9.3028,149.0,3,10,36,1,8,50,80,10,247.3666667,0.241333333,0.0,3.0
155,156,18PG,0,1,9.3028,149.0,3,10,36,1,12,50,80,10,250.6333333,0.152666667,0.0,3.0
159,160,18PG,0,1,9.3028,149.0,3,10,36,1,4,10,40,10,111.6666667,0.341,0.0,3.0
160,161,18PG,0,1,9.3028,149.0,3,10,36,1,8,10,40,10,148.1333333,0.512,0.0,3.0
161,162,18PG,0,1,9.3028,149.0,3,10,36,1,12,10,40,10,118.0,0.328666667,0.0,3.0
162,163,18PG,0,1,9.3028,149.0,3,10,36,1,4,10,60,10,233.5,0.391333333,0.0,3.0
163,164,18PG,0,1,9.3028,149.0,3,10,36,1,8,10,60,10,264.6666667,0.407666667,0.0,3.0
164,165,18PG,0,1,9.3028,149.0,3,10,36,1,12,10,60,10,220.9,0.306,0.0,3.0
165,166,18PG,0,1,9.3028,149.0,3,10,36,1,4,10,80,10,256.1,0.264333333,0.0,3.0
166,167,18PG,0,1,9.3028,149.0,3,10,36,1,8,10,80,10,278.3,0.217333333,0.0,3.0
167,168,18PG,0,1,9.3028,149.0,3,10,36,1,12,10,80,10,265.9,0.18,0.0,3.0
170,171,18PG,0,1,9.3028,149.0,3,10,36,1,12,1,20,10,464.0,0.574666667,0.0,3.0
171,172,18PG,0,1,9.3028,149.0,3,10,36,1,4,1,40,10,163.5666667,0.133666667,0.0,3.0
172,173,18PG,0,1,9.3028,149.0,3,10,36,1,8,1,40,10,459.9666667,0.154666667,0.0,3.0
174,175,18PG,0,1,9.3028,149.0,3,10,36,1,4,1,60,10,194.8666667,0.121,0.0,3.0
177,178,18PG,0,1,9.3028,149.0,3,10,36,1,4,1,80,10,201.0,0.139666667,0.0,3.0
178,179,18PG,0,1,9.3028,149.0,3,10,36,1,8,1,80,10,456.4,0.434666667,0.0,3.0
179,180,18PG,0,1,9.3028,149.0,3,10,36,1,12,1,80,10,398.5,0.280666667,0.0,3.0
181,182,DOPE,1,1,9.784,134.0,2,9,36,2,8,200,20,500,533.7,-3.523333333,0.403333333,3.0
183,184,DOPE,1,1,9.784,134.0,2,9,36,2,4,200,40,500,237.1333333,-4.23,0.211,3.0
184,185,DOPE,1,1,9.784,134.0,2,9,36,2,8,200,40,500,185.1333333,-1.803333333,0.237333333,3.0
186,187,DOPE,1,1,9.784,134.0,2,9,36,2,4,200,60,500,206.6,-5.31,0.246666667,3.0
187,188,DOPE,1,1,9.784,134.0,2,9,36,2,8,200,60,500,173.1333333,0.721666667,0.215,3.784
188,189,DOPE,1,1,9.784,134.0,2,9,36,2,12,200,60,500,183.6666667,-0.501666667,0.260333333,3.0
189,190,DOPE,1,1,9.784,134.0,2,9,36,2,4,200,80,500,166.6333333,-24.63333333,0.219666667,3.0
190,191,DOPE,1,1,9.784,134.0,2,9,36,2,8,200,80,500,137.6333333,-6.11,0.164666667,3.0
191,192,DOPE,1,1,9.784,134.0,2,9,36,2,12,200,80,500,158.8,-0.955,0.225333333,3.0
192,193,DOPE,1,1,9.784,134.0,2,9,36,2,4,100,20,500,577.6666667,-11.77666667,0.252,3.584
193,194,DOPE,1,1,9.784,134.0,2,9,36,2,8,100,20,500,562.7666667,-3.553333333,0.344333333,5.05
194,195,DOPE,1,1,9.784,134.0,2,9,36,2,12,100,20,500,288.1666667,-1.593,0.316,3.0
195,196,DOPE,1,1,9.784,134.0,2,9,36,2,4,100,40,500,240.3,-3.686666667,0.260333333,3.0
196,197,DOPE,1,1,9.784,134.0,2,9,36,2,8,100,40,500,191.7333333,0.269333333,0.264,3.0
197,198,DOPE,1,1,9.784,134.0,2,9,36,2,12,100,40,500,189.9666667,-2.24,0.325666667,3.0
198,199,DOPE,1,1,9.784,134.0,2,9,36,2,4,100,60,500,192.8,-3.663333333,0.182,3.0
199,200,DOPE,1,1,9.784,134.0,2,9,36,2,8,100,60,500,170.3,0.073,0.242,3.0
200,201,DOPE,1,1,9.784,134.0,2,9,36,2,12,100,60,500,181.6333333,-1.161666667,0.328333333,3.0
201,202,DOPE,1,1,9.784,134.0,2,9,36,2,4,100,80,500,172.9333333,-26.66666667,0.206666667,3.0
202,203,DOPE,1,1,9.784,134.0,2,9,36,2,8,100,80,500,148.0,-6.033333333,0.187666667,3.0
203,204,DOPE,1,1,9.784,134.0,2,9,36,2,12,100,80,500,162.5333333,-0.325333333,0.193666667,3.0
206,207,DOPE,1,1,9.784,134.0,2,9,36,2,12,50,20,500,475.3333333,-3.116666667,0.162,3.0
207,208,DOPE,1,1,9.784,134.0,2,9,36,2,4,50,40,500,191.8,-0.756333333,0.206,3.0
208,209,DOPE,1,1,9.784,134.0,2,9,36,2,8,50,40,500,170.0,0.3774,0.294,3.0
210,211,DOPE,1,1,9.784,134.0,2,9,36,2,4,50,60,500,189.0333333,-2.12,0.220333333,3.0
211,212,DOPE,1,1,9.784,134.0,2,9,36,2,8,50,60,500,155.4333333,1.195666667,0.233333333,3.0
212,213,DOPE,1,1,9.784,134.0,2,9,36,2,12,50,60,500,256.8,0.16,0.427666667,3.0
213,214,DOPE,1,1,9.784,134.0,2,9,36,2,4,50,80,500,202.3,-29.4,0.256333333,3.0
214,215,DOPE,1,1,9.784,134.0,2,9,36,2,8,50,80,500,135.8666667,-10.41,0.173666667,3.0
215,216,DOPE,1,1,9.784,134.0,2,9,36,2,12,50,80,500,163.5333333,-0.4925,0.229333333,3.0
216,217,DOPE,1,1,9.784,134.0,2,9,36,2,4,10,20,500,431.8,-9.42,0.420666667,3.0
217,218,DOPE,1,1,9.784,134.0,2,9,36,2,8,10,20,500,465.9333333,-1.686666667,0.358,3.0
219,220,DOPE,1,1,9.784,134.0,2,9,36,2,4,10,40,500,197.5666667,-2.53,0.262666667,3.0
220,221,DOPE,1,1,9.784,134.0,2,9,36,2,8,10,40,500,199.4,2.476666667,0.327666667,3.0
221,222,DOPE,1,1,9.784,134.0,2,9,36,2,12,10,40,500,208.5,1.541666667,0.330666667,3.0
222,223,DOPE,1,1,9.784,134.0,2,9,36,2,4,10,60,500,193.9,-1.64,0.197333333,3.0
223,224,DOPE,1,1,9.784,134.0,2,9,36,2,8,10,60,500,159.3,2.77,0.201,3.0
224,225,DOPE,1,1,9.784,134.0,2,9,36,2,12,10,60,500,190.9666667,2.354,0.275,3.0
225,226,DOPE,1,1,9.784,134.0,2,9,36,2,4,10,80,500,166.8666667,-26.83333333,0.266,3.0
226,227,DOPE,1,1,9.784,134.0,2,9,36,2,8,10,80,500,146.8666667,5.42,0.208666667,3.0
227,228,DOPE,1,1,9.784,134.0,2,9,36,2,12,10,80,500,167.8,7.203333333,0.237,3.0
228,229,DOPE,1,1,9.784,134.0,2,9,36,2,4,1,20,500,287.7333333,2.916666667,0.327,3.0
230,231,DOPE,1,1,9.784,134.0,2,9,36,2,12,1,20,500,473.2,5.006666667,0.17,3.0
231,232,DOPE,1,1,9.784,134.0,2,9,36,2,4,1,40,500,261.7,4.206666667,0.330333333,3.0
232,233,DOPE,1,1,9.784,134.0,2,9,36,2,8,1,40,500,205.1,4.25,0.196,3.367
233,234,DOPE,1,1,9.784,134.0,2,9,36,2,12,1,40,500,177.9333333,2.72,0.268,3.0
234,235,DOPE,1,1,9.784,134.0,2,9,36,2,4,1,60,500,224.5,4.343333333,0.256333333,3.0
235,236,DOPE,1,1,9.784,134.0,2,9,36,2,8,1,60,500,195.0333333,5.876666667,0.254,3.0
236,237,DOPE,1,1,9.784,134.0,2,9,36,2,12,1,60,500,179.0333333,6.29,0.261666667,3.0
237,238,DOPE,1,1,9.784,134.0,2,9,36,2,4,1,80,500,237.6333333,6.303333333,0.301,3.0
238,239,DOPE,1,1,9.784,134.0,2,9,36,2,8,1,80,500,164.9666667,11.93333333,0.183666667,3.0
239,240,DOPE,1,1,9.784,134.0,2,9,36,2,12,1,80,500,171.5333333,8.72,0.187333333,3.0
240,241,DOPE,1,1,9.784,134.0,2,9,36,2,4,200,20,100,177.0333333,-4.186666667,0.31,3.0
242,243,DOPE,1,1,9.784,134.0,2,9,36,2,12,200,20,100,169.1333333,-2.373333333,0.368333333,3.0
243,244,DOPE,1,1,9.784,134.0,2,9,36,2,4,200,40,100,193.5,-1.616666667,0.275333333,3.0
244,245,DOPE,1,1,9.784,134.0,2,9,36,2,8,200,40,100,139.0,-1.976666667,0.236666667,3.0
245,246,DOPE,1,1,9.784,134.0,2,9,36,2,12,200,40,100,159.2333333,-2.136666667,0.303666667,3.0
246,247,DOPE,1,1,9.784,134.0,2,9,36,2,4,200,60,100,171.7,-0.094333333,0.236333333,3.0
247,248,DOPE,1,1,9.784,134.0,2,9,36,2,8,200,60,100,150.1333333,-1.95,0.232,3.0
248,249,DOPE,1,1,9.784,134.0,2,9,36,2,12,200,60,100,177.5333333,-2.43,0.260666667,3.0
249,250,DOPE,1,1,9.784,134.0,2,9,36,2,4,200,80,100,219.6333333,-15.26666667,0.307666667,3.0
250,251,DOPE,1,1,9.784,134.0,2,9,36,2,8,200,80,100,141.4666667,-3.21,0.245666667,3.0
251,252,DOPE,1,1,9.784,134.0,2,9,36,2,12,200,80,100,160.0333333,-4.51,0.184333333,3.0
252,253,DOPE,1,1,9.784,134.0,2,9,36,2,4,100,20,100,176.9333333,-4.66,0.24,3.0
253,254,DOPE,1,1,9.784,134.0,2,9,36,2,8,100,20,100,263.8333333,-6.34,0.433333333,3.0
255,256,DOPE,1,1,9.784,134.0,2,9,36,2,4,100,40,100,174.6666667,-3.043333333,0.246333333,3.0
256,257,DOPE,1,1,9.784,134.0,2,9,36,2,8,100,40,100,148.9333333,-0.049066667,0.217333333,3.0
257,258,DOPE,1,1,9.784,134.0,2,9,36,2,12,100,40,100,152.4666667,-1.993333333,0.288333333,3.555
258,259,DOPE,1,1,9.784,134.0,2,9,36,2,4,100,60,100,164.2,-2.476666667,0.201666667,3.0
259,260,DOPE,1,1,9.784,134.0,2,9,36,2,8,100,60,100,150.2666667,1.32,0.204333333,3.0
260,261,DOPE,1,1,9.784,134.0,2,9,36,2,12,100,60,100,191.8,-1.426666667,0.244333333,3.0
261,262,DOPE,1,1,9.784,134.0,2,9,36,2,4,100,80,100,241.5333333,-15.93333333,0.267,3.0
262,263,DOPE,1,1,9.784,134.0,2,9,36,2,8,100,80,100,148.0333333,-3.53,0.21,3.0
263,264,DOPE,1,1,9.784,134.0,2,9,36,2,12,100,80,100,155.5666667,-3.316666667,0.167333333,3.0
264,265,DOPE,1,1,9.784,134.0,2,9,36,2,4,50,20,100,153.8666667,-3.213333333,0.203,3.0
266,267,DOPE,1,1,9.784,134.0,2,9,36,2,12,50,20,100,263.9333333,-1.060666667,0.412333333,3.0
267,268,DOPE,1,1,9.784,134.0,2,9,36,2,4,50,40,100,170.0666667,-3.176666667,0.220333333,3.0
268,269,DOPE,1,1,9.784,134.0,2,9,36,2,8,50,40,100,158.3666667,-1.57,0.279,3.0
269,270,DOPE,1,1,9.784,134.0,2,9,36,2,12,50,40,100,130.9333333,0.963666667,0.215,3.0
270,271,DOPE,1,1,9.784,134.0,2,9,36,2,4,50,60,100,160.7333333,-3.816666667,0.165333333,3.0
271,272,DOPE,1,1,9.784,134.0,2,9,36,2,8,50,60,100,138.7333333,0.242266667,0.185333333,3.0
272,273,DOPE,1,1,9.784,134.0,2,9,36,2,12,50,60,100,152.2333333,-1.88,0.245666667,3.0
273,274,DOPE,1,1,9.784,134.0,2,9,36,2,4,50,80,100,189.0,-15.9,0.199,3.0
274,275,DOPE,1,1,9.784,134.0,2,9,36,2,8,50,80,100,147.2,-5.523333333,0.241333333,3.0
275,276,DOPE,1,1,9.784,134.0,2,9,36,2,12,50,80,100,148.5333333,-2.94,0.207,3.0
278,279,DOPE,1,1,9.784,134.0,2,9,36,2,12,10,20,100,168.1666667,-0.284166667,0.428,3.0
279,280,DOPE,1,1,9.784,134.0,2,9,36,2,4,10,40,100,164.0666667,-0.60825,0.157333333,3.0
281,282,DOPE,1,1,9.784,134.0,2,9,36,2,12,10,40,100,161.1333333,0.813333333,0.330333333,3.0
282,283,DOPE,1,1,9.784,134.0,2,9,36,2,4,10,60,100,179.6666667,1.84,0.263333333,3.0
283,284,DOPE,1,1,9.784,134.0,2,9,36,2,8,10,60,100,153.8,-0.397333333,0.197333333,3.0
284,285,DOPE,1,1,9.784,134.0,2,9,36,2,12,10,60,100,150.7333333,-0.254666667,0.228333333,3.434
285,286,DOPE,1,1,9.784,134.0,2,9,36,2,4,10,80,100,222.5666667,-12.13333333,0.208,3.0
286,287,DOPE,1,1,9.784,134.0,2,9,36,2,8,10,80,100,166.1666667,-6.06,0.209333333,3.0
287,288,DOPE,1,1,9.784,134.0,2,9,36,2,12,10,80,100,198.6666667,-0.9158,0.219,4.431
288,289,DOPE,1,1,9.784,134.0,2,9,36,2,4,1,20,100,236.7666667,-3.646666667,0.272333333,3.0
289,290,DOPE,1,1,9.784,134.0,2,9,36,2,8,1,20,100,211.3666667,1.916666667,0.439666667,3.0
290,291,DOPE,1,1,9.784,134.0,2,9,36,2,12,1,20,100,182.6,0.651,0.281,3.258
291,292,DOPE,1,1,9.784,134.0,2,9,36,2,4,1,40,100,179.9,-1.32,0.168333333,3.0
292,293,DOPE,1,1,9.784,134.0,2,9,36,2,8,1,40,100,196.2,2.876666667,0.148333333,3.0
294,295,DOPE,1,1,9.784,134.0,2,9,36,2,4,1,60,100,197.7,0.54,0.18,3.0
295,296,DOPE,1,1,9.784,134.0,2,9,36,2,8,1,60,100,148.4666667,4.106666667,0.206666667,4.682
296,297,DOPE,1,1,9.784,134.0,2,9,36,2,12,1,60,100,171.6333333,1.651,0.198666667,6.621
297,298,DOPE,1,1,9.784,134.0,2,9,36,2,4,1,80,100,253.0666667,-0.074666667,0.335333333,4.934
298,299,DOPE,1,1,9.784,134.0,2,9,36,2,8,1,80,100,186.6333333,-5.6,0.255,6.443
299,300,DOPE,1,1,9.784,134.0,2,9,36,2,12,1,80,100,150.0333333,6.683333333,0.178,7.745
303,304,DOPE,1,1,9.784,134.0,2,9,36,2,4,200,40,10,170.1333333,-5.413333333,0.409333333,3.0
304,305,DOPE,1,1,9.784,134.0,2,9,36,2,8,200,40,10,176.6666667,-1.593333333,0.290333333,3.0
306,307,DOPE,1,1,9.784,134.0,2,9,36,2,4,200,60,10,153.6333333,-3.223333333,0.193,3.0
307,308,DOPE,1,1,9.784,134.0,2,9,36,2,8,200,60,10,153.0333333,-1.48,0.370333333,3.0
308,309,DOPE,1,1,9.784,134.0,2,9,36,2,12,200,60,10,149.9,-2.086666667,0.288333333,3.0
309,310,DOPE,1,1,9.784,134.0,2,9,36,2,4,200,80,10,133.1,-3.64,0.144333333,3.0
310,311,DOPE,1,1,9.784,134.0,2,9,36,2,8,200,80,10,138.3666667,-33.9,0.247666667,3.0
311,312,DOPE,1,1,9.784,134.0,2,9,36,2,12,200,80,10,136.2333333,-2.783333333,0.169,3.0
315,316,DOPE,1,1,9.784,134.0,2,9,36,2,4,100,40,10,137.9333333,-6.893333333,0.216666667,3.0
318,319,DOPE,1,1,9.784,134.0,2,9,36,2,4,100,60,10,137.5666667,-3.093333333,0.191333333,3.0
319,320,DOPE,1,1,9.784,134.0,2,9,36,2,8,100,60,10,115.6333333,-2.686666667,0.217,3.0
320,321,DOPE,1,1,9.784,134.0,2,9,36,2,12,100,60,10,207.0666667,-1.29,0.332333333,3.0
321,322,DOPE,1,1,9.784,134.0,2,9,36,2,4,100,80,10,145.4,-3.763333333,0.130333333,3.0
322,323,DOPE,1,1,9.784,134.0,2,9,36,2,8,100,80,10,135.8666667,-36.3,0.231,3.0
323,324,DOPE,1,1,9.784,134.0,2,9,36,2,12,100,80,10,120.9333333,-1.66,0.173,3.0
326,327,DOPE,1,1,9.784,134.0,2,9,36,2,12,50,20,10,496.8333333,-6.54,0.378333333,3.0
327,328,DOPE,1,1,9.784,134.0,2,9,36,2,4,50,40,10,93.06666667,-2.723333333,0.211,3.0
330,331,DOPE,1,1,9.784,134.0,2,9,36,2,4,50,60,10,136.1666667,-2.57,0.159666667,3.0
331,332,DOPE,1,1,9.784,134.0,2,9,36,2,8,50,60,10,129.5,-1.666333333,0.283,3.0
333,334,DOPE,1,1,9.784,134.0,2,9,36,2,4,50,80,10,143.0333333,-3.51,0.155333333,3.0
334,335,DOPE,1,1,9.784,134.0,2,9,36,2,8,50,80,10,134.7,-36.66666667,0.230666667,3.0
335,336,DOPE,1,1,9.784,134.0,2,9,36,2,12,50,80,10,135.2333333,-2.383333333,0.219666667,3.0
339,340,DOPE,1,1,9.784,134.0,2,9,36,2,4,10,40,10,132.7666667,-5.483333333,0.226,3.0
341,342,DOPE,1,1,9.784,134.0,2,9,36,2,12,10,40,10,153.0,-1.983333333,0.411666667,3.0
342,343,DOPE,1,1,9.784,134.0,2,9,36,2,4,10,60,10,156.7333333,-3.656666667,0.235666667,3.0
343,344,DOPE,1,1,9.784,134.0,2,9,36,2,8,10,60,10,134.0666667,-1.370333333,0.204666667,3.0
344,345,DOPE,1,1,9.784,134.0,2,9,36,2,12,10,60,10,167.5,-2.37,0.380333333,3.0
345,346,DOPE,1,1,9.784,134.0,2,9,36,2,4,10,80,10,144.4333333,-4.92,0.081666667,3.0
346,347,DOPE,1,1,9.784,134.0,2,9,36,2,8,10,80,10,161.1333333,-31.9,0.24,3.0
347,348,DOPE,1,1,9.784,134.0,2,9,36,2,12,10,80,10,118.1666667,-2.056666667,0.198,3.0
351,352,DOPE,1,1,9.784,134.0,2,9,36,2,4,1,40,10,157.5,-3.126666667,0.177,3.0
352,353,DOPE,1,1,9.784,134.0,2,9,36,2,8,1,40,10,140.4666667,-1.383333333,0.248666667,3.0
354,355,DOPE,1,1,9.784,134.0,2,9,36,2,4,1,60,10,153.2,-2.37,0.232666667,3.0
355,356,DOPE,1,1,9.784,134.0,2,9,36,2,8,1,60,10,129.7666667,-1.059,0.194666667,3.0
356,357,DOPE,1,1,9.784,134.0,2,9,36,2,12,1,60,10,145.7333333,-1.533333333,0.333666667,3.0
357,358,DOPE,1,1,9.784,134.0,2,9,36,2,4,1,80,10,165.1666667,-3.313333333,0.186,3.0
358,359,DOPE,1,1,9.784,134.0,2,9,36,2,8,1,80,10,157.6666667,15.6,0.210666667,3.0
359,360,DOPE,1,1,9.784,134.0,2,9,36,2,12,1,80,10,140.5666667,-1.012333333,0.184333333,3.807
360,361,DOTAP,1,0,12.515,52.6,0,4,36,2,4,200,20,500,157.3333333,5.9,0.166,3.0
361,362,DOTAP,1,0,12.515,52.6,0,4,36,2,8,200,20,500,138.8333333,5.12,0.375666667,3.0
363,364,DOTAP,1,0,12.515,52.6,0,4,36,2,4,200,40,500,175.8333333,12.9,0.266333333,3.0
364,365,DOTAP,1,0,12.515,52.6,0,4,36,2,8,200,40,500,172.5333333,1.866666667,0.298333333,3.178
365,366,DOTAP,1,0,12.515,52.6,0,4,36,2,12,200,40,500,173.3,6.673333333,0.307666667,3.0
366,367,DOTAP,1,0,12.515,52.6,0,4,36,2,4,200,60,500,222.7333333,16.2,0.28,3.0
367,368,DOTAP,1,0,12.515,52.6,0,4,36,2,8,200,60,500,163.4666667,13.33333333,0.289666667,3.0
368,369,DOTAP,1,0,12.515,52.6,0,4,36,2,12,200,60,500,132.7666667,15.63333333,0.248666667,3.0
369,370,DOTAP,1,0,12.515,52.6,0,4,36,2,4,200,80,500,172.6333333,-10.96666667,0.228666667,3.0
370,371,DOTAP,1,0,12.515,52.6,0,4,36,2,8,200,80,500,156.5,5.703333333,0.215666667,3.0
372,373,DOTAP,1,0,12.515,52.6,0,4,36,2,4,100,20,500,126.4666667,1.823,0.141666667,3.0
373,374,DOTAP,1,0,12.515,52.6,0,4,36,2,8,100,20,500,173.0,7.926666667,0.266666667,3.0
374,375,DOTAP,1,0,12.515,52.6,0,4,36,2,12,100,20,500,198.5333333,2.883333333,0.402666667,3.0
375,376,DOTAP,1,0,12.515,52.6,0,4,36,2,4,100,40,500,185.6666667,12.1,0.295,3.0
376,377,DOTAP,1,0,12.515,52.6,0,4,36,2,8,100,40,500,160.6,4.013333333,0.245333333,3.0
377,378,DOTAP,1,0,12.515,52.6,0,4,36,2,12,100,40,500,183.8333333,2.956666667,0.354,3.0
378,379,DOTAP,1,0,12.515,52.6,0,4,36,2,4,100,60,500,224.0,22.76666667,0.195666667,3.0
379,380,DOTAP,1,0,12.515,52.6,0,4,36,2,8,100,60,500,147.6666667,9.33,0.245666667,3.0
380,381,DOTAP,1,0,12.515,52.6,0,4,36,2,12,100,60,500,146.4333333,19.53333333,0.24,3.0
381,382,DOTAP,1,0,12.515,52.6,0,4,36,2,4,100,80,500,170.8666667,7.633333333,0.246333333,3.0
382,383,DOTAP,1,0,12.515,52.6,0,4,36,2,8,100,80,500,136.8333333,7.98,0.256666667,3.0
383,384,DOTAP,1,0,12.515,52.6,0,4,36,2,12,100,80,500,290.3,-25.13333333,0.270666667,3.0
384,385,DOTAP,1,0,12.515,52.6,0,4,36,2,4,50,20,500,122.2,18.9,0.186333333,3.0
386,387,DOTAP,1,0,12.515,52.6,0,4,36,2,12,50,20,500,186.9666667,2.883333333,0.243,3.0
387,388,DOTAP,1,0,12.515,52.6,0,4,36,2,4,50,40,500,153.4666667,17.63333333,0.229666667,3.0
388,389,DOTAP,1,0,12.515,52.6,0,4,36,2,8,50,40,500,204.5333333,0.663333333,0.348333333,4.025
389,390,DOTAP,1,0,12.515,52.6,0,4,36,2,12,50,40,500,177.8333333,3.57,0.331,3.0
390,391,DOTAP,1,0,12.515,52.6,0,4,36,2,4,50,60,500,193.0,24.03333333,0.257666667,3.0
391,392,DOTAP,1,0,12.515,52.6,0,4,36,2,8,50,60,500,155.2333333,9.956666667,0.232666667,3.0
392,393,DOTAP,1,0,12.515,52.6,0,4,36,2,12,50,60,500,133.8333333,18.63333333,0.272,3.0
393,394,DOTAP,1,0,12.515,52.6,0,4,36,2,4,50,80,500,204.0333333,6.13,0.267,3.0
394,395,DOTAP,1,0,12.515,52.6,0,4,36,2,8,50,80,500,118.1,9.33,0.251,3.0
396,397,DOTAP,1,0,12.515,52.6,0,4,36,2,4,10,20,500,105.7,44.06666667,0.192333333,3.0
397,398,DOTAP,1,0,12.515,52.6,0,4,36,2,8,10,20,500,131.2333333,25.86666667,0.203666667,3.0
399,400,DOTAP,1,0,12.515,52.6,0,4,36,2,4,10,40,500,204.4333333,26.16666667,0.278666667,3.0
400,401,DOTAP,1,0,12.515,52.6,0,4,36,2,8,10,40,500,135.9,27.06666667,0.314333333,5.03
401,402,DOTAP,1,0,12.515,52.6,0,4,36,2,12,10,40,500,199.2666667,22.36666667,0.421,5.869
402,403,DOTAP,1,0,12.515,52.6,0,4,36,2,4,10,60,500,157.6333333,30.7,0.228333333,3.85
403,404,DOTAP,1,0,12.515,52.6,0,4,36,2,8,10,60,500,133.6333333,15.33333333,0.194,5.375
404,405,DOTAP,1,0,12.515,52.6,0,4,36,2,12,10,60,500,139.3666667,20.86666667,0.264333333,7.223
405,406,DOTAP,1,0,12.515,52.6,0,4,36,2,4,10,80,500,138.7666667,15.56666667,0.140333333,5.724
406,407,DOTAP,1,0,12.515,52.6,0,4,36,2,8,10,80,500,143.8333333,18.4,0.207,5.609
408,409,DOTAP,1,0,12.515,52.6,0,4,36,2,4,1,20,500,137.3,19.9,0.147333333,8.401
410,411,DOTAP,1,0,12.515,52.6,0,4,36,2,12,1,20,500,158.2333333,12.23333333,0.258666667,5.631
411,412,DOTAP,1,0,12.515,52.6,0,4,36,2,4,1,40,500,214.0333333,5.41,0.282,10.452
412,413,DOTAP,1,0,12.515,52.6,0,4,36,2,8,1,40,500,173.5,22.13333333,0.248333333,6.133
414,415,DOTAP,1,0,12.515,52.6,0,4,36,2,4,1,60,500,218.4,22.4,0.214,10.583
415,416,DOTAP,1,0,12.515,52.6,0,4,36,2,8,1,60,500,152.1333333,23.5,0.246333333,6.937
416,417,DOTAP,1,0,12.515,52.6,0,4,36,2,12,1,60,500,101.8666667,21.46666667,0.231333333,4.905
417,418,DOTAP,1,0,12.515,52.6,0,4,36,2,4,1,80,500,200.6,12.93333333,0.364,9.497
418,419,DOTAP,1,0,12.515,52.6,0,4,36,2,8,1,80,500,133.7333333,31.5,0.264333333,7.063
421,422,DOTAP,1,0,12.515,52.6,0,4,36,2,8,200,20,100,576.1666667,-2.563333333,0.390666667,3.0
422,423,DOTAP,1,0,12.515,52.6,0,4,36,2,12,200,20,100,453.7333333,1.926666667,0.368333333,3.0
423,424,DOTAP,1,0,12.515,52.6,0,4,36,2,4,200,40,100,157.1,-3.873333333,0.253333333,3.0
425,426,DOTAP,1,0,12.515,52.6,0,4,36,2,12,200,40,100,154.0333333,-2.93,0.321666667,3.0
426,427,DOTAP,1,0,12.515,52.6,0,4,36,2,4,200,60,100,187.9,-3.706666667,0.252666667,3.0
427,428,DOTAP,1,0,12.515,52.6,0,4,36,2,8,200,60,100,151.0666667,-1.271,0.26,3.0
428,429,DOTAP,1,0,12.515,52.6,0,4,36,2,12,200,60,100,165.1666667,4.56,0.227,3.0
429,430,DOTAP,1,0,12.515,52.6,0,4,36,2,4,200,80,100,152.2,1.253333333,0.155,3.0
430,431,DOTAP,1,0,12.515,52.6,0,4,36,2,8,200,80,100,143.4666667,4.306666667,0.167666667,3.0
431,432,DOTAP,1,0,12.515,52.6,0,4,36,2,12,200,80,100,119.9666667,3.433333333,0.237,4.71
433,434,DOTAP,1,0,12.515,52.6,0,4,36,2,8,100,20,100,115.6666667,3.27,0.283333333,3.0
434,435,DOTAP,1,0,12.515,52.6,0,4,36,2,12,100,20,100,388.5666667,-0.77,0.348666667,3.0
435,436,DOTAP,1,0,12.515,52.6,0,4,36,2,4,100,40,100,176.5,-3.76,0.311333333,3.0
436,437,DOTAP,1,0,12.515,52.6,0,4,36,2,8,100,40,100,214.0333333,-3.076666667,0.314666667,3.0
437,438,DOTAP,1,0,12.515,52.6,0,4,36,2,12,100,40,100,199.2,-2.876666667,0.431,3.0
438,439,DOTAP,1,0,12.515,52.6,0,4,36,2,4,100,60,100,182.5333333,-2.633333333,0.252,3.0
439,440,DOTAP,1,0,12.515,52.6,0,4,36,2,8,100,60,100,155.6333333,-2.463333333,0.269,3.0
440,441,DOTAP,1,0,12.515,52.6,0,4,36,2,12,100,60,100,181.7,2.173333333,0.266666667,3.0
441,442,DOTAP,1,0,12.515,52.6,0,4,36,2,4,100,80,100,175.7,-1.211333333,0.143666667,3.0
442,443,DOTAP,1,0,12.515,52.6,0,4,36,2,8,100,80,100,162.9666667,2.933333333,0.154333333,3.0
443,444,DOTAP,1,0,12.515,52.6,0,4,36,2,12,100,80,100,128.4666667,3.573333333,0.179,5.088
445,446,DOTAP,1,0,12.515,52.6,0,4,36,2,8,50,20,100,139.2,1.826666667,0.262333333,3.0
447,448,DOTAP,1,0,12.515,52.6,0,4,36,2,4,50,40,100,162.2333333,-3.646666667,0.378,3.0
448,449,DOTAP,1,0,12.515,52.6,0,4,36,2,8,50,40,100,223.1333333,-2.73,0.318,3.0
450,451,DOTAP,1,0,12.515,52.6,0,4,36,2,4,50,60,100,207.0333333,-5.89,0.238333333,3.0
451,452,DOTAP,1,0,12.515,52.6,0,4,36,2,8,50,60,100,154.4666667,-0.982333333,0.284666667,3.0
452,453,DOTAP,1,0,12.515,52.6,0,4,36,2,12,50,60,100,170.7333333,3.386666667,0.238333333,3.332
453,454,DOTAP,1,0,12.515,52.6,0,4,36,2,4,50,80,100,149.4333333,2.24,0.106333333,3.0
454,455,DOTAP,1,0,12.515,52.6,0,4,36,2,8,50,80,100,171.1333333,1.28,0.235,3.0
455,456,DOTAP,1,0,12.515,52.6,0,4,36,2,12,50,80,100,163.5333333,2.923333333,0.214,3.0
460,461,DOTAP,1,0,12.515,52.6,0,4,36,2,8,10,40,100,146.1333333,-2.403333333,0.331,5.835
461,462,DOTAP,1,0,12.515,52.6,0,4,36,2,12,10,40,100,231.5,-2.746666667,0.267666667,7.219
462,463,DOTAP,1,0,12.515,52.6,0,4,36,2,4,10,60,100,161.8333333,-1.385333333,0.254333333,7.824
463,464,DOTAP,1,0,12.515,52.6,0,4,36,2,8,10,60,100,137.9,-0.514,0.27,8.436
464,465,DOTAP,1,0,12.515,52.6,0,4,36,2,12,10,60,100,150.0,2.373333333,0.260666667,8.09
465,466,DOTAP,1,0,12.515,52.6,0,4,36,2,4,10,80,100,169.0,-0.684,0.172333333,6.342
466,467,DOTAP,1,0,12.515,52.6,0,4,36,2,8,10,80,100,125.6,2.273333333,0.137,7.591
467,468,DOTAP,1,0,12.515,52.6,0,4,36,2,12,10,80,100,136.8666667,4.91,0.203,7.298
469,470,DOTAP,1,0,12.515,52.6,0,4,36,2,8,1,20,100,130.5333333,4.226666667,0.249666667,9.074
471,472,DOTAP,1,0,12.515,52.6,0,4,36,2,4,1,40,100,161.9,-3.153333333,0.303,10.15
473,474,DOTAP,1,0,12.515,52.6,0,4,36,2,12,1,40,100,354.4666667,-1.543333333,0.356333333,6.443
474,475,DOTAP,1,0,12.515,52.6,0,4,36,2,4,1,60,100,202.1,-2.55,0.265333333,9.771
475,476,DOTAP,1,0,12.515,52.6,0,4,36,2,8,1,60,100,139.7,0.63,0.281666667,8.08
476,477,DOTAP,1,0,12.515,52.6,0,4,36,2,12,1,60,100,122.8,6.336666667,0.189333333,6.928
477,478,DOTAP,1,0,12.515,52.6,0,4,36,2,4,1,80,100,152.7666667,6.34,0.206666667,9.892
478,479,DOTAP,1,0,12.515,52.6,0,4,36,2,8,1,80,100,134.0,12.86666667,0.192,8.71
479,480,DOTAP,1,0,12.515,52.6,0,4,36,2,12,1,80,100,194.4666667,6.843333333,0.301666667,6.727
481,482,DOTAP,1,0,12.515,52.6,0,4,36,2,8,200,20,10,151.5333333,-2.966666667,0.402,3.466
483,484,DOTAP,1,0,12.515,52.6,0,4,36,2,4,200,40,10,99.71,-1.186666667,0.181666667,3.0
484,485,DOTAP,1,0,12.515,52.6,0,4,36,2,8,200,40,10,247.2666667,-3.813333333,0.368666667,3.0
487,488,DOTAP,1,0,12.515,52.6,0,4,36,2,8,200,60,10,297.0,-9.57,0.258333333,3.0
488,489,DOTAP,1,0,12.515,52.6,0,4,36,2,12,200,60,10,134.1333333,-1.092,0.257,3.0
489,490,DOTAP,1,0,12.515,52.6,0,4,36,2,4,200,80,10,165.4666667,-1.492333333,0.175,3.0
490,491,DOTAP,1,0,12.515,52.6,0,4,36,2,8,200,80,10,110.9666667,-1.123,0.174666667,3.0
491,492,DOTAP,1,0,12.515,52.6,0,4,36,2,12,200,80,10,128.5333333,-0.810666667,0.182,3.0
495,496,DOTAP,1,0,12.515,52.6,0,4,36,2,4,100,40,10,116.2666667,-1.833333333,0.275666667,3.0
496,497,DOTAP,1,0,12.515,52.6,0,4,36,2,8,100,40,10,285.1333333,-6.416666667,0.367666667,3.0
499,500,DOTAP,1,0,12.515,52.6,0,4,36,2,8,100,60,10,293.6333333,-9.726666667,0.427333333,3.0
500,501,DOTAP,1,0,12.515,52.6,0,4,36,2,12,100,60,10,162.9333333,-1.077,0.248333333,3.0
501,502,DOTAP,1,0,12.515,52.6,0,4,36,2,4,100,80,10,170.3,-2.533333333,0.095333333,3.0
502,503,DOTAP,1,0,12.515,52.6,0,4,36,2,8,100,80,10,136.5,-0.168,0.184666667,3.0
503,504,DOTAP,1,0,12.515,52.6,0,4,36,2,12,100,80,10,108.9333333,-0.043,0.175,4.5
507,508,DOTAP,1,0,12.515,52.6,0,4,36,2,4,50,40,10,133.4,-0.863666667,0.228666667,3.0
508,509,DOTAP,1,0,12.515,52.6,0,4,36,2,8,50,40,10,282.5,-7.106666667,0.323,3.0
511,512,DOTAP,1,0,12.515,52.6,0,4,36,2,8,50,60,10,296.5666667,-14.66666667,0.253,3.0
512,513,DOTAP,1,0,12.515,52.6,0,4,36,2,12,50,60,10,138.1666667,-1.203333333,0.219666667,3.0
513,514,DOTAP,1,0,12.515,52.6,0,4,36,2,4,50,80,10,159.1333333,-2.56,0.153,3.0
514,515,DOTAP,1,0,12.515,52.6,0,4,36,2,8,50,80,10,117.1333333,-0.0463,0.218666667,3.0
515,516,DOTAP,1,0,12.515,52.6,0,4,36,2,12,50,80,10,118.5666667,-0.131666667,0.198666667,4.111
516,517,DOTAP,1,0,12.515,52.6,0,4,36,2,4,10,20,10,122.3666667,-1.79,0.275666667,3.0
519,520,DOTAP,1,0,12.515,52.6,0,4,36,2,4,10,40,10,119.1333333,-0.88,0.235666667,3.0
520,521,DOTAP,1,0,12.515,52.6,0,4,36,2,8,10,40,10,393.5333333,-13.16666667,0.312,3.0
523,524,DOTAP,1,0,12.515,52.6,0,4,36,2,8,10,60,10,309.2,-9.383333333,0.357333333,6.297
524,525,DOTAP,1,0,12.515,52.6,0,4,36,2,12,10,60,10,135.1,-1.427,0.243666667,7.966
525,526,DOTAP,1,0,12.515,52.6,0,4,36,2,4,10,80,10,178.8,-2.843333333,0.187666667,4.883
526,527,DOTAP,1,0,12.515,52.6,0,4,36,2,8,10,80,10,114.0333333,0.044333333,0.199666667,5.714
527,528,DOTAP,1,0,12.515,52.6,0,4,36,2,12,10,80,10,99.51,-0.3501,0.233666667,5.778
528,529,DOTAP,1,0,12.515,52.6,0,4,36,2,4,1,20,10,142.0666667,-2.13,0.393,5.7
529,530,DOTAP,1,0,12.515,52.6,0,4,36,2,8,1,20,10,155.0333333,-0.929,0.426,3.689
530,531,DOTAP,1,0,12.515,52.6,0,4,36,2,12,1,20,10,123.6666667,-0.883333333,0.345,3.434
531,532,DOTAP,1,0,12.515,52.6,0,4,36,2,4,1,40,10,108.2666667,-1.0292,0.213333333,9.141
532,533,DOTAP,1,0,12.515,52.6,0,4,36,2,8,1,40,10,247.7,-6.423333333,0.358333333,9.543
536,537,DOTAP,1,0,12.515,52.6,0,4,36,2,12,1,60,10,117.0333333,-1.237,0.272333333,9.461
537,538,DOTAP,1,0,12.515,52.6,0,4,36,2,4,1,80,10,137.2333333,-0.065666667,0.148333333,9.546
538,539,DOTAP,1,0,12.515,52.6,0,4,36,2,8,1,80,10,104.4666667,2.526666667,0.211,9.618
539,540,DOTAP,1,0,12.515,52.6,0,4,36,2,12,1,80,10,99.66666667,1.341666667,0.235333333,6.596
540,541,DSPC,1,1,6.12,111.0,0,8,36,0,4,200,20,500,445.6,-20.0,0.224,3.0
541,542,DSPC,1,1,6.12,111.0,0,8,36,0,8,200,20,500,388.5666667,-2.833333333,0.160666667,3.0
542,543,DSPC,1,1,6.12,111.0,0,8,36,0,12,200,20,500,168.4666667,-0.537666667,0.232333333,3.0
543,544,DSPC,1,1,6.12,111.0,0,8,36,0,4,200,40,500,206.4666667,-0.144176667,0.204666667,3.0
544,545,DSPC,1,1,6.12,111.0,0,8,36,0,8,200,40,500,266.9333333,-1.186333333,0.448,3.0
545,546,DSPC,1,1,6.12,111.0,0,8,36,0,12,200,40,500,295.5333333,-1.356666667,0.357,3.0
546,547,DSPC,1,1,6.12,111.0,0,8,36,0,4,200,60,500,213.1,-2.03,0.208333333,4.094
547,548,DSPC,1,1,6.12,111.0,0,8,36,0,8,200,60,500,226.5333333,0.105433333,0.251333333,3.0
548,549,DSPC,1,1,6.12,111.0,0,8,36,0,12,200,60,500,191.9333333,0.3688,0.201333333,3.0
549,550,DSPC,1,1,6.12,111.0,0,8,36,0,4,200,80,500,204.2,-2.123333333,0.222333333,3.0
550,551,DSPC,1,1,6.12,111.0,0,8,36,0,8,200,80,500,153.2,1.007666667,0.214666667,3.0
551,552,DSPC,1,1,6.12,111.0,0,8,36,0,12,200,80,500,145.8666667,-0.358366667,0.251,3.0
552,553,DSPC,1,1,6.12,111.0,0,8,36,0,4,100,20,500,380.3333333,-7.156666667,0.369666667,3.0
553,554,DSPC,1,1,6.12,111.0,0,8,36,0,8,100,20,500,300.7,-7.346666667,0.191666667,3.0
554,555,DSPC,1,1,6.12,111.0,0,8,36,0,12,100,20,500,323.3666667,-1.173666667,0.139333333,3.0
555,556,DSPC,1,1,6.12,111.0,0,8,36,0,4,100,40,500,197.5333333,-0.223666667,0.27,3.0
558,559,DSPC,1,1,6.12,111.0,0,8,36,0,4,100,60,500,236.7333333,1.45,0.212,3.0
559,560,DSPC,1,1,6.12,111.0,0,8,36,0,8,100,60,500,169.5666667,2.546666667,0.271,3.0
560,561,DSPC,1,1,6.12,111.0,0,8,36,0,12,100,60,500,227.0666667,2.25,0.248666667,3.0
561,562,DSPC,1,1,6.12,111.0,0,8,36,0,4,100,80,500,198.8,-5.656666667,0.230666667,3.0
562,563,DSPC,1,1,6.12,111.0,0,8,36,0,8,100,80,500,148.5333333,-0.2858,0.221333333,3.0
563,564,DSPC,1,1,6.12,111.0,0,8,36,0,12,100,80,500,134.8333333,3.186666667,0.301666667,3.0
564,565,DSPC,1,1,6.12,111.0,0,8,36,0,4,50,20,500,160.3666667,3.713333333,0.219333333,3.0
565,566,DSPC,1,1,6.12,111.0,0,8,36,0,8,50,20,500,394.7333333,-4.73,0.162333333,3.0
566,567,DSPC,1,1,6.12,111.0,0,8,36,0,12,50,20,500,294.7666667,-2.64,0.212333333,3.0
567,568,DSPC,1,1,6.12,111.0,0,8,36,0,4,50,40,500,174.7,1.836666667,0.195333333,3.0
568,569,DSPC,1,1,6.12,111.0,0,8,36,0,8,50,40,500,308.0666667,5.443333333,0.109,3.0
569,570,DSPC,1,1,6.12,111.0,0,8,36,0,12,50,40,500,458.9333333,-1.491333333,0.305333333,3.0
570,571,DSPC,1,1,6.12,111.0,0,8,36,0,4,50,60,500,191.4333333,-1.055666667,0.245666667,3.0
571,572,DSPC,1,1,6.12,111.0,0,8,36,0,8,50,60,500,201.9333333,4.203333333,0.207333333,3.0
572,573,DSPC,1,1,6.12,111.0,0,8,36,0,12,50,60,500,211.8333333,0.894,0.225,4.344
573,574,DSPC,1,1,6.12,111.0,0,8,36,0,4,50,80,500,190.4333333,-0.884,0.222666667,3.0
574,575,DSPC,1,1,6.12,111.0,0,8,36,0,8,50,80,500,190.6333333,-0.851,0.218,3.178
575,576,DSPC,1,1,6.12,111.0,0,8,36,0,12,50,80,500,128.8,2.053333333,0.305666667,3.0
576,577,DSPC,1,1,6.12,111.0,0,8,36,0,4,10,20,500,595.8333333,-15.63333333,0.223,3.0
577,578,DSPC,1,1,6.12,111.0,0,8,36,0,8,10,20,500,377.5666667,-3.236666667,0.193666667,3.0
578,579,DSPC,1,1,6.12,111.0,0,8,36,0,12,10,20,500,288.2333333,-2.386666667,0.216666667,3.0
579,580,DSPC,1,1,6.12,111.0,0,8,36,0,4,10,40,500,217.5333333,-1.123333333,0.217,3.0
580,581,DSPC,1,1,6.12,111.0,0,8,36,0,8,10,40,500,218.9666667,0.326666667,0.235,3.0
581,582,DSPC,1,1,6.12,111.0,0,8,36,0,12,10,40,500,316.5666667,6.206666667,0.160666667,3.0
582,583,DSPC,1,1,6.12,111.0,0,8,36,0,4,10,60,500,273.8,-2.076666667,0.336,3.0
583,584,DSPC,1,1,6.12,111.0,0,8,36,0,8,10,60,500,146.0,1.556666667,0.277666667,4.875
584,585,DSPC,1,1,6.12,111.0,0,8,36,0,12,10,60,500,181.1666667,-0.4172,0.254,4.29
585,586,DSPC,1,1,6.12,111.0,0,8,36,0,4,10,80,500,275.1,-2.526666667,0.284,3.0
586,587,DSPC,1,1,6.12,111.0,0,8,36,0,8,10,80,500,160.8666667,-0.499666667,0.203666667,3.0
587,588,DSPC,1,1,6.12,111.0,0,8,36,0,12,10,80,500,155.4,-0.839666667,0.298333333,3.0
590,591,DSPC,1,1,6.12,111.0,0,8,36,0,12,1,20,500,343.4,0.513666667,0.394333333,3.0
591,592,DSPC,1,1,6.12,111.0,0,8,36,0,4,1,40,500,221.6333333,0.588,0.178333333,3.0
592,593,DSPC,1,1,6.12,111.0,0,8,36,0,8,1,40,500,288.5,1.082333333,0.270666667,3.0
593,594,DSPC,1,1,6.12,111.0,0,8,36,0,12,1,40,500,253.8,1.406666667,0.277666667,3.0
594,595,DSPC,1,1,6.12,111.0,0,8,36,0,4,1,60,500,289.6666667,0.446333333,0.285,3.0
595,596,DSPC,1,1,6.12,111.0,0,8,36,0,8,1,60,500,132.6,5.146666667,0.250333333,3.0
596,597,DSPC,1,1,6.12,111.0,0,8,36,0,12,1,60,500,241.5333333,2.226666667,0.276666667,3.0
597,598,DSPC,1,1,6.12,111.0,0,8,36,0,4,1,80,500,269.8333333,-8.26,0.182,3.0
598,599,DSPC,1,1,6.12,111.0,0,8,36,0,8,1,80,500,210.1666667,-1.306,0.217,3.0
599,600,DSPC,1,1,6.12,111.0,0,8,36,0,12,1,80,500,200.7333333,1.663666667,0.231,3.0
601,602,DSPC,1,1,6.12,111.0,0,8,36,0,8,200,20,100,461.8666667,-3.503333333,0.204666667,3.0
602,603,DSPC,1,1,6.12,111.0,0,8,36,0,12,200,20,100,426.1,-2.953333333,0.213666667,3.0
603,604,DSPC,1,1,6.12,111.0,0,8,36,0,4,200,40,100,278.2,-3.166666667,0.298333333,3.0
604,605,DSPC,1,1,6.12,111.0,0,8,36,0,8,200,40,100,185.7333333,2.283333333,0.289333333,3.0
605,606,DSPC,1,1,6.12,111.0,0,8,36,0,12,200,40,100,244.9,2.306666667,0.259,3.0
606,607,DSPC,1,1,6.12,111.0,0,8,36,0,4,200,60,100,217.0666667,-1.85,0.225333333,3.0
607,608,DSPC,1,1,6.12,111.0,0,8,36,0,8,200,60,100,222.0666667,0.132760333,0.144666667,3.0
608,609,DSPC,1,1,6.12,111.0,0,8,36,0,12,200,60,100,187.0666667,-0.077333333,0.212333333,3.0
609,610,DSPC,1,1,6.12,111.0,0,8,36,0,4,200,80,100,186.3666667,-4.35,0.218,3.0
610,611,DSPC,1,1,6.12,111.0,0,8,36,0,8,200,80,100,208.6666667,-1.425333333,0.198333333,3.0
611,612,DSPC,1,1,6.12,111.0,0,8,36,0,12,200,80,100,200.6333333,-0.192333333,0.218,3.0
612,613,DSPC,1,1,6.12,111.0,0,8,36,0,4,100,20,100,411.7333333,-4.316666667,0.436333333,3.0
614,615,DSPC,1,1,6.12,111.0,0,8,36,0,12,100,20,100,219.3333333,2.13,0.198666667,3.0
615,616,DSPC,1,1,6.12,111.0,0,8,36,0,4,100,40,100,265.8666667,-2.493333333,0.319666667,3.0
616,617,DSPC,1,1,6.12,111.0,0,8,36,0,8,100,40,100,174.9,-0.763333333,0.285,3.0
617,618,DSPC,1,1,6.12,111.0,0,8,36,0,12,100,40,100,221.6,3.32,0.295666667,3.0
618,619,DSPC,1,1,6.12,111.0,0,8,36,0,4,100,60,100,180.1666667,0.096,0.231666667,3.0
619,620,DSPC,1,1,6.12,111.0,0,8,36,0,8,100,60,100,213.7666667,-1.543333333,0.231666667,3.0
620,621,DSPC,1,1,6.12,111.0,0,8,36,0,12,100,60,100,176.4333333,-0.458,0.280666667,3.0
621,622,DSPC,1,1,6.12,111.0,0,8,36,0,4,100,80,100,180.8666667,-3.533333333,0.208333333,3.0
622,623,DSPC,1,1,6.12,111.0,0,8,36,0,8,100,80,100,171.9333333,-2.693333333,0.230666667,3.0
623,624,DSPC,1,1,6.12,111.0,0,8,36,0,12,100,80,100,192.2,-1.073,0.185333333,3.332
626,627,DSPC,1,1,6.12,111.0,0,8,36,0,12,50,20,100,237.1333333,-0.988333333,0.195333333,3.0
627,628,DSPC,1,1,6.12,111.0,0,8,36,0,4,50,40,100,194.0333333,-0.591633333,0.253,3.0
628,629,DSPC,1,1,6.12,111.0,0,8,36,0,8,50,40,100,170.3,-1.048,0.291333333,3.0
629,630,DSPC,1,1,6.12,111.0,0,8,36,0,12,50,40,100,198.4,1.671666667,0.239666667,3.0
630,631,DSPC,1,1,6.12,111.0,0,8,36,0,4,50,60,100,174.6333333,0.497666667,0.245333333,3.0
631,632,DSPC,1,1,6.12,111.0,0,8,36,0,8,50,60,100,223.9666667,1.216666667,0.187,3.0
632,633,DSPC,1,1,6.12,111.0,0,8,36,0,12,50,60,100,202.3,-0.367833333,0.240333333,4.522
633,634,DSPC,1,1,6.12,111.0,0,8,36,0,4,50,80,100,233.2666667,-2.813333333,0.174,3.0
634,635,DSPC,1,1,6.12,111.0,0,8,36,0,8,50,80,100,167.0333333,0.119166667,0.204,3.332
635,636,DSPC,1,1,6.12,111.0,0,8,36,0,12,50,80,100,190.2333333,-1.521333333,0.240666667,3.0
637,638,DSPC,1,1,6.12,111.0,0,8,36,0,8,10,20,100,216.4,1.181,0.234333333,3.0
638,639,DSPC,1,1,6.12,111.0,0,8,36,0,12,10,20,100,314.3333333,-1.583333333,0.333,3.0
639,640,DSPC,1,1,6.12,111.0,0,8,36,0,4,10,40,100,207.4,-1.696666667,0.21,3.0
640,641,DSPC,1,1,6.12,111.0,0,8,36,0,8,10,40,100,180.6333333,1.110333333,0.302666667,3.0
641,642,DSPC,1,1,6.12,111.0,0,8,36,0,12,10,40,100,212.9666667,-0.2816,0.360333333,3.0
642,643,DSPC,1,1,6.12,111.0,0,8,36,0,4,10,60,100,253.3,-0.997666667,0.169,3.0
643,644,DSPC,1,1,6.12,111.0,0,8,36,0,8,10,60,100,170.7666667,1.956666667,0.234666667,3.0
644,645,DSPC,1,1,6.12,111.0,0,8,36,0,12,10,60,100,158.8333333,0.975666667,0.296333333,3.0
645,646,DSPC,1,1,6.12,111.0,0,8,36,0,4,10,80,100,188.7333333,-4.646666667,0.239666667,3.0
646,647,DSPC,1,1,6.12,111.0,0,8,36,0,8,10,80,100,206.5333333,-1.383,0.225333333,3.0
647,648,DSPC,1,1,6.12,111.0,0,8,36,0,12,10,80,100,182.9,0.969,0.292,3.0
652,653,DSPC,1,1,6.12,111.0,0,8,36,0,8,1,40,100,161.8333333,-0.225866667,0.314666667,3.0
653,654,DSPC,1,1,6.12,111.0,0,8,36,0,12,1,40,100,234.1666667,1.199666667,0.19,3.0
654,655,DSPC,1,1,6.12,111.0,0,8,36,0,4,1,60,100,227.1333333,1.106666667,0.237666667,3.0
655,656,DSPC,1,1,6.12,111.0,0,8,36,0,8,1,60,100,191.0333333,1.159666667,0.258,3.0
656,657,DSPC,1,1,6.12,111.0,0,8,36,0,12,1,60,100,173.0666667,0.740633333,0.277666667,3.0
657,658,DSPC,1,1,6.12,111.0,0,8,36,0,4,1,80,100,385.4666667,-5.563333333,0.314,3.0
658,659,DSPC,1,1,6.12,111.0,0,8,36,0,8,1,80,100,235.9666667,-1.49,0.202666667,3.0
659,660,DSPC,1,1,6.12,111.0,0,8,36,0,12,1,80,100,221.4,-0.068,0.292,3.0
663,664,DSPC,1,1,6.12,111.0,0,8,36,0,4,200,40,10,151.1,-8.67,0.245666667,3.0
665,666,DSPC,1,1,6.12,111.0,0,8,36,0,12,200,40,10,145.9333333,-1.295666667,0.341666667,3.0
666,667,DSPC,1,1,6.12,111.0,0,8,36,0,4,200,60,10,127.0666667,-0.760666667,0.191,3.0
667,668,DSPC,1,1,6.12,111.0,0,8,36,0,8,200,60,10,127.8,0.013,0.215333333,3.0
668,669,DSPC,1,1,6.12,111.0,0,8,36,0,12,200,60,10,82.80666667,-1.82,0.227333333,3.0
669,670,DSPC,1,1,6.12,111.0,0,8,36,0,4,200,80,10,104.6,-4.656666667,0.148,3.0
670,671,DSPC,1,1,6.12,111.0,0,8,36,0,8,200,80,10,101.8666667,-2.406666667,0.164,3.0
671,672,DSPC,1,1,6.12,111.0,0,8,36,0,12,200,80,10,92.93333333,-2.843333333,0.211333333,3.0
672,673,DSPC,1,1,6.12,111.0,0,8,36,0,4,100,20,10,100.2433333,-9.143333333,0.198,3.0
673,674,DSPC,1,1,6.12,111.0,0,8,36,0,8,100,20,10,142.6,-2.086666667,0.251333333,3.0
675,676,DSPC,1,1,6.12,111.0,0,8,36,0,4,100,40,10,156.8,-9.543333333,0.255,3.0
676,677,DSPC,1,1,6.12,111.0,0,8,36,0,8,100,40,10,122.3333333,-1.101,0.273,3.0
677,678,DSPC,1,1,6.12,111.0,0,8,36,0,12,100,40,10,146.9333333,-0.806,0.334333333,3.0
678,679,DSPC,1,1,6.12,111.0,0,8,36,0,4,100,60,10,119.6333333,-0.956333333,0.184,3.0
679,680,DSPC,1,1,6.12,111.0,0,8,36,0,8,100,60,10,138.6333333,-1.070666667,0.232666667,3.0
680,681,DSPC,1,1,6.12,111.0,0,8,36,0,12,100,60,10,92.68333333,-1.873333333,0.249333333,3.0
681,682,DSPC,1,1,6.12,111.0,0,8,36,0,4,100,80,10,107.7666667,-7.5,0.171333333,3.0
682,683,DSPC,1,1,6.12,111.0,0,8,36,0,8,100,80,10,96.23333333,-3.133333333,0.183,3.0
683,684,DSPC,1,1,6.12,111.0,0,8,36,0,12,100,80,10,112.1666667,-1.543333333,0.211333333,3.0
684,685,DSPC,1,1,6.12,111.0,0,8,36,0,4,50,20,10,131.9333333,-8.303333333,0.382,3.0
685,686,DSPC,1,1,6.12,111.0,0,8,36,0,8,50,20,10,130.2,-1.67,0.408333333,3.0
687,688,DSPC,1,1,6.12,111.0,0,8,36,0,4,50,40,10,149.6666667,-5.433333333,0.191666667,3.0
688,689,DSPC,1,1,6.12,111.0,0,8,36,0,8,50,40,10,133.9666667,-0.782666667,0.316333333,3.0
689,690,DSPC,1,1,6.12,111.0,0,8,36,0,12,50,40,10,138.3,-0.808,0.326,3.0
690,691,DSPC,1,1,6.12,111.0,0,8,36,0,4,50,60,10,134.9666667,-2.59,0.216333333,3.0
691,692,DSPC,1,1,6.12,111.0,0,8,36,0,8,50,60,10,140.6333333,-0.939333333,0.252333333,3.0
692,693,DSPC,1,1,6.12,111.0,0,8,36,0,12,50,60,10,97.09,-1.427333333,0.251,3.0
693,694,DSPC,1,1,6.12,111.0,0,8,36,0,4,50,80,10,104.5666667,-4.286666667,0.164333333,3.0
694,695,DSPC,1,1,6.12,111.0,0,8,36,0,8,50,80,10,110.4,-3.123333333,0.162333333,3.0
695,696,DSPC,1,1,6.12,111.0,0,8,36,0,12,50,80,10,95.28,-2.5,0.202666667,3.0
696,697,DSPC,1,1,6.12,111.0,0,8,36,0,4,10,20,10,115.9666667,-5.833333333,0.283666667,3.0
697,698,DSPC,1,1,6.12,111.0,0,8,36,0,8,10,20,10,130.5666667,-1.171666667,0.339666667,3.0
699,700,DSPC,1,1,6.12,111.0,0,8,36,0,4,10,40,10,129.2333333,-8.426666667,0.187,3.0
700,701,DSPC,1,1,6.12,111.0,0,8,36,0,8,10,40,10,121.4666667,-0.833,0.242333333,3.0
701,702,DSPC,1,1,6.12,111.0,0,8,36,0,12,10,40,10,169.4666667,-0.889,0.346,3.0
702,703,DSPC,1,1,6.12,111.0,0,8,36,0,4,10,60,10,134.3333333,-3.496666667,0.149666667,3.0
703,704,DSPC,1,1,6.12,111.0,0,8,36,0,8,10,60,10,114.1666667,-1.372,0.231666667,3.0
704,705,DSPC,1,1,6.12,111.0,0,8,36,0,12,10,60,10,92.96333333,-2.23,0.255666667,3.0
705,706,DSPC,1,1,6.12,111.0,0,8,36,0,4,10,80,10,118.9,-7.86,0.206333333,3.0
706,707,DSPC,1,1,6.12,111.0,0,8,36,0,8,10,80,10,94.82333333,-1.491,0.199666667,3.0
707,708,DSPC,1,1,6.12,111.0,0,8,36,0,12,10,80,10,95.42666667,-2.646666667,0.200333333,3.0
709,710,DSPC,1,1,6.12,111.0,0,8,36,0,8,1,20,10,156.3,-9.796666667,0.287,3.0
710,711,DSPC,1,1,6.12,111.0,0,8,36,0,12,1,20,10,139.8,-6.03,0.211666667,3.0
711,712,DSPC,1,1,6.12,111.0,0,8,36,0,4,1,40,10,144.2333333,-7.93,0.199666667,3.0
712,713,DSPC,1,1,6.12,111.0,0,8,36,0,8,1,40,10,131.1,-1.069666667,0.226666667,3.0
713,714,DSPC,1,1,6.12,111.0,0,8,36,0,12,1,40,10,150.6666667,-1.002,0.35,3.0
714,715,DSPC,1,1,6.12,111.0,0,8,36,0,4,1,60,10,151.8666667,-6.88,0.188666667,3.584
715,716,DSPC,1,1,6.12,111.0,0,8,36,0,8,1,60,10,143.0666667,-0.741333333,0.263,3.0
716,717,DSPC,1,1,6.12,111.0,0,8,36,0,12,1,60,10,122.1,-1.561,0.250333333,3.0
717,718,DSPC,1,1,6.12,111.0,0,8,36,0,4,1,80,10,149.8,-13.63333333,0.23,3.0
718,719,DSPC,1,1,6.12,111.0,0,8,36,0,8,1,80,10,152.3333333,-3.446666667,0.243666667,3.0
719,720,DSPC,1,1,6.12,111.0,0,8,36,0,12,1,80,10,156.8,-1.356666667,0.304,3.0
720,721,14PA,0,1,11.8502,119.0,2,8,28,0,4,200,20,500,215.1166667,-5.068333333,0.3285,3.0
721,722,14PA,0,1,11.8502,119.0,2,8,28,0,8,200,20,500,161.0666667,-4.021666667,0.316166667,4.575
722,723,14PA,0,1,11.8502,119.0,2,8,28,0,12,200,20,500,155.4833333,-2.968333333,0.409,3.0
723,724,14PA,0,1,11.8502,119.0,2,8,28,0,4,200,40,500,197.0333333,-3.041666667,0.214666667,3.0
724,725,14PA,0,1,11.8502,119.0,2,8,28,0,8,200,40,500,176.2666667,-1.898333333,0.228,3.0
725,726,14PA,0,1,11.8502,119.0,2,8,28,0,12,200,40,500,180.2333333,-3.103333333,0.337,3.0
726,727,14PA,0,1,11.8502,119.0,2,8,28,0,4,200,60,500,182.5,-1.049666667,0.208,3.0
727,728,14PA,0,1,11.8502,119.0,2,8,28,0,8,200,60,500,255.3333333,-1.217666667,0.322666667,3.0
728,729,14PA,0,1,11.8502,119.0,2,8,28,0,12,200,60,500,154.7333333,2.996666667,0.23,3.0
729,730,14PA,0,1,11.8502,119.0,2,8,28,0,4,200,80,500,200.9666667,-6.603333333,0.274333333,3.0
730,731,14PA,0,1,11.8502,119.0,2,8,28,0,8,200,80,500,172.4333333,0.623,0.257666667,3.0
731,732,14PA,0,1,11.8502,119.0,2,8,28,0,12,200,80,500,200.2333333,0.325333333,0.246,3.0
732,733,14PA,0,1,11.8502,119.0,2,8,28,0,4,100,20,500,200.4,-4.816666667,0.323666667,3.0
734,735,14PA,0,1,11.8502,119.0,2,8,28,0,12,100,20,500,307.6333333,-3.5,0.151333333,3.0
735,736,14PA,0,1,11.8502,119.0,2,8,28,0,4,100,40,500,197.9,-2.638333333,0.2495,3.0
736,737,14PA,0,1,11.8502,119.0,2,8,28,0,8,100,40,500,190.1333333,0.246333333,0.249333333,3.0
737,738,14PA,0,1,11.8502,119.0,2,8,28,0,12,100,40,500,179.7666667,-3.133333333,0.306333333,3.0
738,739,14PA,0,1,11.8502,119.0,2,8,28,0,4,100,60,500,231.2,-9.153333333,0.212666667,3.0
739,740,14PA,0,1,11.8502,119.0,2,8,28,0,8,100,60,500,214.3333333,-0.320666667,0.271666667,3.0
740,741,14PA,0,1,11.8502,119.0,2,8,28,0,12,100,60,500,169.7,2.133333333,0.245666667,3.0
741,742,14PA,0,1,11.8502,119.0,2,8,28,0,4,100,80,500,210.8333333,-9.556666667,0.223666667,3.0
742,743,14PA,0,1,11.8502,119.0,2,8,28,0,8,100,80,500,201.4666667,0.087033333,0.236,3.0
743,744,14PA,0,1,11.8502,119.0,2,8,28,0,12,100,80,500,162.3333333,3.74,0.244666667,3.0
744,745,14PA,0,1,11.8502,119.0,2,8,28,0,4,50,20,500,213.1333333,-4.85,0.346166667,3.0
745,746,14PA,0,1,11.8502,119.0,2,8,28,0,8,50,20,500,209.5833333,-2.693333333,0.408333333,3.0
746,747,14PA,0,1,11.8502,119.0,2,8,28,0,12,50,20,500,186.8666667,-2.901666667,0.411166667,3.0
747,748,14PA,0,1,11.8502,119.0,2,8,28,0,4,50,40,500,180.9,-1.799333333,0.212666667,3.555
748,749,14PA,0,1,11.8502,119.0,2,8,28,0,8,50,40,500,219.7,-0.851333333,0.262,3.0
749,750,14PA,0,1,11.8502,119.0,2,8,28,0,12,50,40,500,193.5666667,-1.121333333,0.322333333,3.0
750,751,14PA,0,1,11.8502,119.0,2,8,28,0,4,50,60,500,298.8333333,-2.73,0.357,3.0
751,752,14PA,0,1,11.8502,119.0,2,8,28,0,8,50,60,500,180.7,1.443333333,0.229,3.0
752,753,14PA,0,1,11.8502,119.0,2,8,28,0,12,50,60,500,165.1666667,0.187266667,0.326,3.0
753,754,14PA,0,1,11.8502,119.0,2,8,28,0,4,50,80,500,223.7,-5.206666667,0.255333333,3.0
754,755,14PA,0,1,11.8502,119.0,2,8,28,0,8,50,80,500,197.4666667,0.386,0.243333333,3.0
755,756,14PA,0,1,11.8502,119.0,2,8,28,0,12,50,80,500,176.4,0.998,0.296666667,3.0
756,757,14PA,0,1,11.8502,119.0,2,8,28,0,4,10,20,500,170.7333333,-3.636666667,0.256333333,4.025
757,758,14PA,0,1,11.8502,119.0,2,8,28,0,8,10,20,500,174.4,-2.656666667,0.289,4.248
758,759,14PA,0,1,11.8502,119.0,2,8,28,0,12,10,20,500,245.4333333,-1.633,0.322833333,3.0
759,760,14PA,0,1,11.8502,119.0,2,8,28,0,4,10,40,500,201.5166667,-1.138333333,0.258,3.0
760,761,14PA,0,1,11.8502,119.0,2,8,28,0,8,10,40,500,158.9333333,-0.238,0.270333333,3.0
761,762,14PA,0,1,11.8502,119.0,2,8,28,0,12,10,40,500,203.6333333,-0.738666667,0.252,3.0
762,763,14PA,0,1,11.8502,119.0,2,8,28,0,4,10,60,500,209.3333333,-3.896666667,0.170666667,3.0
763,764,14PA,0,1,11.8502,119.0,2,8,28,0,8,10,60,500,223.4666667,-0.527,0.241666667,3.0
764,765,14PA,0,1,11.8502,119.0,2,8,28,0,12,10,60,500,185.9666667,-0.284666667,0.238,3.0
765,766,14PA,0,1,11.8502,119.0,2,8,28,0,4,10,80,500,230.6,-1.926666667,0.265666667,3.0
766,767,14PA,0,1,11.8502,119.0,2,8,28,0,8,10,80,500,208.0666667,-0.139,0.248333333,3.0
767,768,14PA,0,1,11.8502,119.0,2,8,28,0,12,10,80,500,188.6333333,-0.031,0.284666667,3.0
768,769,14PA,0,1,11.8502,119.0,2,8,28,0,4,1,20,500,337.1666667,-11.87166667,0.21,3.0
769,770,14PA,0,1,11.8502,119.0,2,8,28,0,8,1,20,500,247.8666667,-8.006666667,0.220833333,3.0
771,772,14PA,0,1,11.8502,119.0,2,8,28,0,4,1,40,500,239.25,-15.03333333,0.211166667,3.0
772,773,14PA,0,1,11.8502,119.0,2,8,28,0,8,1,40,500,323.1666667,-7.436666667,0.111333333,5.455
773,774,14PA,0,1,11.8502,119.0,2,8,28,0,12,1,40,500,255.3,-8.44,0.203333333,3.0
774,775,14PA,0,1,11.8502,119.0,2,8,28,0,4,1,60,500,501.3333333,-15.4,0.13,3.0
775,776,14PA,0,1,11.8502,119.0,2,8,28,0,8,1,60,500,231.3666667,-3.776666667,0.207666667,3.0
776,777,14PA,0,1,11.8502,119.0,2,8,28,0,12,1,60,500,229.3333333,-5.566666667,0.148666667,3.0
777,778,14PA,0,1,11.8502,119.0,2,8,28,0,4,1,80,500,232.4333333,-6.826666667,0.112333333,3.0
778,779,14PA,0,1,11.8502,119.0,2,8,28,0,8,1,80,500,341.5666667,-13.4,0.096333333,3.0
779,780,14PA,0,1,11.8502,119.0,2,8,28,0,12,1,80,500,278.9666667,-4.993333333,0.099666667,3.0
840,841,14PA,0,1,11.8502,119.0,2,8,28,0,4,200,20,10,136.6,-5.783333333,0.355,3.0
842,843,14PA,0,1,11.8502,119.0,2,8,28,0,12,200,20,10,132.0333333,-2.656666667,0.295333333,3.0
843,844,14PA,0,1,11.8502,119.0,2,8,28,0,4,200,40,10,118.8333333,-2.87,0.163666667,3.0
844,845,14PA,0,1,11.8502,119.0,2,8,28,0,8,200,40,10,101.1166667,-1.001333333,0.191666667,3.0
845,846,14PA,0,1,11.8502,119.0,2,8,28,0,12,200,40,10,104.8433333,-1.304,0.204,3.0
846,847,14PA,0,1,11.8502,119.0,2,8,28,0,4,200,60,10,127.2666667,-2.766666667,0.196666667,3.0
847,848,14PA,0,1,11.8502,119.0,2,8,28,0,8,200,60,10,129.6333333,-2.24,0.221,3.0
848,849,14PA,0,1,11.8502,119.0,2,8,28,0,12,200,60,10,106.2,-0.799666667,0.176,3.0
849,850,14PA,0,1,11.8502,119.0,2,8,28,0,4,200,80,10,146.4,-4.306666667,0.159333333,3.0
850,851,14PA,0,1,11.8502,119.0,2,8,28,0,8,200,80,10,125.3333333,-1.380333333,0.210666667,3.0
851,852,14PA,0,1,11.8502,119.0,2,8,28,0,12,200,80,10,126.2666667,-2.326666667,0.168666667,3.0
852,853,14PA,0,1,11.8502,119.0,2,8,28,0,4,100,20,10,162.4,-4.35,0.433333333,3.0
853,854,14PA,0,1,11.8502,119.0,2,8,28,0,8,100,20,10,116.5333333,-1.746666667,0.39,3.0
854,855,14PA,0,1,11.8502,119.0,2,8,28,0,12,100,20,10,119.3,-3.026666667,0.326333333,3.0
855,856,14PA,0,1,11.8502,119.0,2,8,28,0,4,100,40,10,115.8333333,-10.29333333,0.177666667,3.0
856,857,14PA,0,1,11.8502,119.0,2,8,28,0,8,100,40,10,132.1666667,-2.353333333,0.207666667,3.0
857,858,14PA,0,1,11.8502,119.0,2,8,28,0,12,100,40,10,118.2666667,-1.74,0.222,3.0
858,859,14PA,0,1,11.8502,119.0,2,8,28,0,4,100,60,10,121.0,-2.136666667,0.170333333,3.0
859,860,14PA,0,1,11.8502,119.0,2,8,28,0,8,100,60,10,111.5333333,-1.166666667,0.215666667,3.0
860,861,14PA,0,1,11.8502,119.0,2,8,28,0,12,100,60,10,126.0666667,-2.483333333,0.171333333,3.0
861,862,14PA,0,1,11.8502,119.0,2,8,28,0,4,100,80,10,144.3333333,-4.096666667,0.148,3.0
862,863,14PA,0,1,11.8502,119.0,2,8,28,0,8,100,80,10,116.6333333,-2.266666667,0.159,3.0
863,864,14PA,0,1,11.8502,119.0,2,8,28,0,12,100,80,10,127.7333333,-0.218,0.197333333,3.0
864,865,14PA,0,1,11.8502,119.0,2,8,28,0,4,50,20,10,159.3666667,-8.39,0.433,3.0
865,866,14PA,0,1,11.8502,119.0,2,8,28,0,8,50,20,10,116.4666667,-2.456666667,0.282333333,3.0
867,868,14PA,0,1,11.8502,119.0,2,8,28,0,4,50,40,10,108.6666667,-1.44,0.173666667,3.0
868,869,14PA,0,1,11.8502,119.0,2,8,28,0,8,50,40,10,118.8333333,-2.203333333,0.208333333,3.0
869,870,14PA,0,1,11.8502,119.0,2,8,28,0,12,50,40,10,113.7333333,-2.22,0.229,3.0
870,871,14PA,0,1,11.8502,119.0,2,8,28,0,4,50,60,10,132.3,-3.596666667,0.207333333,3.0
871,872,14PA,0,1,11.8502,119.0,2,8,28,0,8,50,60,10,117.4333333,-2.566666667,0.154666667,3.0
872,873,14PA,0,1,11.8502,119.0,2,8,28,0,12,50,60,10,120.5333333,-2.226666667,0.225333333,3.526
873,874,14PA,0,1,11.8502,119.0,2,8,28,0,4,50,80,10,131.1,-1.386666667,0.132333333,3.0
874,875,14PA,0,1,11.8502,119.0,2,8,28,0,8,50,80,10,119.6,-2.66,0.184,3.0
875,876,14PA,0,1,11.8502,119.0,2,8,28,0,12,50,80,10,121.0,-1.334666667,0.19,3.0
879,880,14PA,0,1,11.8502,119.0,2,8,28,0,4,10,40,10,97.60333333,-2.336666667,0.188333333,3.0
880,881,14PA,0,1,11.8502,119.0,2,8,28,0,8,10,40,10,119.1666667,-2.018333333,0.197333333,3.0
881,882,14PA,0,1,11.8502,119.0,2,8,28,0,12,10,40,10,103.9666667,-1.347333333,0.224666667,3.0
882,883,14PA,0,1,11.8502,119.0,2,8,28,0,4,10,60,10,143.1666667,-2.683333333,0.189666667,3.0
883,884,14PA,0,1,11.8502,119.0,2,8,28,0,8,10,60,10,124.6,-2.823333333,0.196333333,3.0
884,885,14PA,0,1,11.8502,119.0,2,8,28,0,12,10,60,10,118.8333333,-2.566666667,0.200333333,3.0
885,886,14PA,0,1,11.8502,119.0,2,8,28,0,4,10,80,10,128.4666667,-4.26,0.170666667,3.0
886,887,14PA,0,1,11.8502,119.0,2,8,28,0,8,10,80,10,122.4,-0.256,0.174,3.0
887,888,14PA,0,1,11.8502,119.0,2,8,28,0,12,10,80,10,134.6,-1.372,0.224,3.0
891,892,14PA,0,1,11.8502,119.0,2,8,28,0,4,1,40,10,139.2666667,-5.043333333,0.179,3.0
892,893,14PA,0,1,11.8502,119.0,2,8,28,0,8,1,40,10,163.2333333,-4.753333333,0.229,4.007
893,894,14PA,0,1,11.8502,119.0,2,8,28,0,12,1,40,10,190.5333333,-5.64,0.275333333,3.0
894,895,14PA,0,1,11.8502,119.0,2,8,28,0,4,1,60,10,149.8666667,-6.043333333,0.227333333,3.0
895,896,14PA,0,1,11.8502,119.0,2,8,28,0,8,1,60,10,152.6333333,-6.406666667,0.220666667,3.0
896,897,14PA,0,1,11.8502,119.0,2,8,28,0,12,1,60,10,183.5,-4.306666667,0.219,3.0
897,898,14PA,0,1,11.8502,119.0,2,8,28,0,4,1,80,10,169.6,-8.64,0.205,3.0
898,899,14PA,0,1,11.8502,119.0,2,8,28,0,8,1,80,10,157.9,-5.786666667,0.182,3.0
899,900,14PA,0,1,11.8502,119.0,2,8,28,0,12,1,80,10,186.1,-3.573333333,0.175666667,3.0
900,901,DDAB,1,0,12.73,0.0,0,0,36,0,4,200,20,500,145.9333333,12.13333333,0.338333333,3.0
902,903,DDAB,1,0,12.73,0.0,0,0,36,0,12,200,20,500,473.7,12.93333333,0.365666667,4.22
903,904,DDAB,1,0,12.73,0.0,0,0,36,0,4,200,40,500,173.3333333,7.903333333,0.338666667,3.0
904,905,DDAB,1,0,12.73,0.0,0,0,36,0,8,200,40,500,143.8666667,6.54,0.368,3.0
905,906,DDAB,1,0,12.73,0.0,0,0,36,0,12,200,40,500,186.3333333,2.443333333,0.315333333,7.179
906,907,DDAB,1,0,12.73,0.0,0,0,36,0,4,200,60,500,185.8333333,-5.43,0.162333333,3.0
907,908,DDAB,1,0,12.73,0.0,0,0,36,0,8,200,60,500,160.5333333,5.633333333,0.243333333,3.0
908,909,DDAB,1,0,12.73,0.0,0,0,36,0,12,200,60,500,132.9666667,0.464333333,0.204333333,7.034
909,910,DDAB,1,0,12.73,0.0,0,0,36,0,4,200,80,500,242.4,-21.8,0.187,4.078
910,911,DDAB,1,0,12.73,0.0,0,0,36,0,8,200,80,500,106.8,2.466666667,0.147333333,3.784
911,912,DDAB,1,0,12.73,0.0,0,0,36,0,12,200,80,500,104.0333333,-11.91333333,0.246333333,7.589
915,916,DDAB,1,0,12.73,0.0,0,0,36,0,4,100,40,500,174.2,5.666666667,0.307333333,3.0
916,917,DDAB,1,0,12.73,0.0,0,0,36,0,8,100,40,500,177.8666667,8.876666667,0.396666667,3.0
917,918,DDAB,1,0,12.73,0.0,0,0,36,0,12,100,40,500,130.0333333,1.906666667,0.248,6.118
918,919,DDAB,1,0,12.73,0.0,0,0,36,0,4,100,60,500,159.0333333,-10.13333333,0.152333333,3.0
919,920,DDAB,1,0,12.73,0.0,0,0,36,0,8,100,60,500,130.7,0.829333333,0.201,6.08
920,921,DDAB,1,0,12.73,0.0,0,0,36,0,12,100,60,500,130.8333333,4.373333333,0.252666667,8.805
921,922,DDAB,1,0,12.73,0.0,0,0,36,0,4,100,80,500,212.2333333,-19.76666667,0.199,3.0
922,923,DDAB,1,0,12.73,0.0,0,0,36,0,8,100,80,500,121.7,6.47,0.187,3.178
923,924,DDAB,1,0,12.73,0.0,0,0,36,0,12,100,80,500,107.7,-3.599,0.204333333,8.291
927,928,DDAB,1,0,12.73,0.0,0,0,36,0,4,50,40,500,172.9,8.536666667,0.316333333,3.0
928,929,DDAB,1,0,12.73,0.0,0,0,36,0,8,50,40,500,177.5666667,9.536666667,0.327,3.0
929,930,DDAB,1,0,12.73,0.0,0,0,36,0,12,50,40,500,151.3333333,-2.658333333,0.329666667,5.811
930,931,DDAB,1,0,12.73,0.0,0,0,36,0,4,50,60,500,160.6,-5.226666667,0.190333333,3.296
931,932,DDAB,1,0,12.73,0.0,0,0,36,0,8,50,60,500,158.3,-1.371333333,0.218666667,3.401
932,933,DDAB,1,0,12.73,0.0,0,0,36,0,12,50,60,500,132.8,2.146666667,0.234333333,5.263
933,934,DDAB,1,0,12.73,0.0,0,0,36,0,4,50,80,500,230.8333333,-12.03,0.238333333,3.0
934,935,DDAB,1,0,12.73,0.0,0,0,36,0,8,50,80,500,122.1333333,6.88,0.205666667,3.664
935,936,DDAB,1,0,12.73,0.0,0,0,36,0,12,50,80,500,115.7666667,-5.71,0.249666667,7.513
936,937,DDAB,1,0,12.73,0.0,0,0,36,0,4,10,20,500,164.7,9.616666667,0.432333333,3.0
937,938,DDAB,1,0,12.73,0.0,0,0,36,0,8,10,20,500,498.1666667,10.49333333,0.394666667,3.434
939,940,DDAB,1,0,12.73,0.0,0,0,36,0,4,10,40,500,185.4666667,8.14,0.308,3.0
940,941,DDAB,1,0,12.73,0.0,0,0,36,0,8,10,40,500,163.3333333,13.96666667,0.316333333,3.434
941,942,DDAB,1,0,12.73,0.0,0,0,36,0,12,10,40,500,149.6666667,5.79,0.19,7.329
942,943,DDAB,1,0,12.73,0.0,0,0,36,0,4,10,60,500,154.3333333,-0.544333333,0.224666667,3.0
943,944,DDAB,1,0,12.73,0.0,0,0,36,0,8,10,60,500,137.2666667,2.826666667,0.244333333,5.13
944,945,DDAB,1,0,12.73,0.0,0,0,36,0,12,10,60,500,117.2333333,1.908666667,0.258666667,8.632
945,946,DDAB,1,0,12.73,0.0,0,0,36,0,4,10,80,500,255.5,-5.39,0.361,3.0
946,947,DDAB,1,0,12.73,0.0,0,0,36,0,8,10,80,500,110.3666667,10.8,0.194333333,5.442
947,948,DDAB,1,0,12.73,0.0,0,0,36,0,12,10,80,500,112.2666667,32.86666667,0.185333333,8.333
948,949,DDAB,1,0,12.73,0.0,0,0,36,0,4,1,20,500,194.9,14.7,0.444,7.622
951,952,DDAB,1,0,12.73,0.0,0,0,36,0,4,1,40,500,195.9,19.6,0.281333333,9.457
952,953,DDAB,1,0,12.73,0.0,0,0,36,0,8,1,40,500,140.6333333,21.26666667,0.247666667,8.087
953,954,DDAB,1,0,12.73,0.0,0,0,36,0,12,1,40,500,185.2,14.2,0.268333333,7.243
954,955,DDAB,1,0,12.73,0.0,0,0,36,0,4,1,60,500,213.6,14.26666667,0.21,9.082
955,956,DDAB,1,0,12.73,0.0,0,0,36,0,8,1,60,500,150.9333333,15.46666667,0.205,7.272
956,957,DDAB,1,0,12.73,0.0,0,0,36,0,12,1,60,500,150.2333333,15.53333333,0.234666667,7.319
957,958,DDAB,1,0,12.73,0.0,0,0,36,0,4,1,80,500,300.9666667,-0.805,0.388666667,8.46
958,959,DDAB,1,0,12.73,0.0,0,0,36,0,8,1,80,500,133.4,22.93333333,0.216666667,8.349
959,960,DDAB,1,0,12.73,0.0,0,0,36,0,12,1,80,500,153.8666667,38.2,0.301,7.618
961,962,DDAB,1,0,12.73,0.0,0,0,36,0,8,200,20,100,169.7666667,-1.823333333,0.279,3.526
963,964,DDAB,1,0,12.73,0.0,0,0,36,0,4,200,40,100,190.9666667,4.643333333,0.371666667,7.83
965,966,DDAB,1,0,12.73,0.0,0,0,36,0,12,200,40,100,170.2666667,2.91,0.446,5.878
966,967,DDAB,1,0,12.73,0.0,0,0,36,0,4,200,60,100,159.0666667,7.4,0.272333333,4.407
967,968,DDAB,1,0,12.73,0.0,0,0,36,0,8,200,60,100,140.5333333,6.18,0.257666667,4.86
968,969,DDAB,1,0,12.73,0.0,0,0,36,0,12,200,60,100,127.2666667,8.59,0.248666667,7.455
969,970,DDAB,1,0,12.73,0.0,0,0,36,0,4,200,80,100,131.1666667,8.573333333,0.235333333,6.492
970,971,DDAB,1,0,12.73,0.0,0,0,36,0,8,200,80,100,128.2,1.683333333,0.279,6.987
971,972,DDAB,1,0,12.73,0.0,0,0,36,0,12,200,80,100,125.3333333,2.076666667,0.289666667,7.709
974,975,DDAB,1,0,12.73,0.0,0,0,36,0,12,100,20,100,136.6666667,-0.237733333,0.332,3.829
976,977,DDAB,1,0,12.73,0.0,0,0,36,0,8,100,40,100,171.6333333,6.66,0.404,3.0
978,979,DDAB,1,0,12.73,0.0,0,0,36,0,4,100,60,100,153.2333333,7.173333333,0.228,3.0
979,980,DDAB,1,0,12.73,0.0,0,0,36,0,8,100,60,100,110.4333333,4.58,0.225,6.724
980,981,DDAB,1,0,12.73,0.0,0,0,36,0,12,100,60,100,143.0666667,6.5,0.188333333,6.057
981,982,DDAB,1,0,12.73,0.0,0,0,36,0,4,100,80,100,134.9333333,8.523333333,0.235,5.308
982,983,DDAB,1,0,12.73,0.0,0,0,36,0,8,100,80,100,120.1333333,4.36,0.319,3.0
983,984,DDAB,1,0,12.73,0.0,0,0,36,0,12,100,80,100,102.2966667,1.221,0.366333333,6.967
984,985,DDAB,1,0,12.73,0.0,0,0,36,0,4,50,20,100,122.2333333,-0.675,0.363,4.174
986,987,DDAB,1,0,12.73,0.0,0,0,36,0,12,50,20,100,126.4666667,3.94,0.392333333,5.247
987,988,DDAB,1,0,12.73,0.0,0,0,36,0,4,50,40,100,189.7333333,5.51,0.336333333,7.829
988,989,DDAB,1,0,12.73,0.0,0,0,36,0,8,50,40,100,174.6,2.436666667,0.402,3.0
989,990,DDAB,1,0,12.73,0.0,0,0,36,0,12,50,40,100,159.8666667,7.05,0.449,6.653
990,991,DDAB,1,0,12.73,0.0,0,0,36,0,4,50,60,100,140.7,7.98,0.195,8.642
991,992,DDAB,1,0,12.73,0.0,0,0,36,0,8,50,60,100,139.5333333,8.23,0.184333333,4.796
992,993,DDAB,1,0,12.73,0.0,0,0,36,0,12,50,60,100,151.2,7.35,0.308,7.592
993,994,DDAB,1,0,12.73,0.0,0,0,36,0,4,50,80,100,127.9666667,8.526666667,0.211,7.25
994,995,DDAB,1,0,12.73,0.0,0,0,36,0,8,50,80,100,114.8333333,4.426666667,0.408,7.858
995,996,DDAB,1,0,12.73,0.0,0,0,36,0,12,50,80,100,91.54,4.913333333,0.411333333,3.466
996,997,DDAB,1,0,12.73,0.0,0,0,36,0,4,10,20,100,113.9666667,4.576666667,0.287,3.0
999,1000,DDAB,1,0,12.73,0.0,0,0,36,0,4,10,40,100,131.7,5.266666667,0.376333333,8.126
1000,1001,DDAB,1,0,12.73,0.0,0,0,36,0,8,10,40,100,146.2666667,4.823333333,0.390333333,5.081
1001,1002,DDAB,1,0,12.73,0.0,0,0,36,0,12,10,40,100,124.9666667,4.396666667,0.358333333,6.4
1002,1003,DDAB,1,0,12.73,0.0,0,0,36,0,4,10,60,100,133.3,5.976666667,0.207666667,9.665
1003,1004,DDAB,1,0,12.73,0.0,0,0,36,0,8,10,60,100,147.6666667,7.0,0.244,8.729
1004,1005,DDAB,1,0,12.73,0.0,0,0,36,0,12,10,60,100,128.9333333,5.493333333,0.282666667,9.251
1005,1006,DDAB,1,0,12.73,0.0,0,0,36,0,4,10,80,100,129.7,8.37,0.235666667,8.065
1006,1007,DDAB,1,0,12.73,0.0,0,0,36,0,8,10,80,100,88.21333333,2.646666667,0.315333333,8.837
1007,1008,DDAB,1,0,12.73,0.0,0,0,36,0,12,10,80,100,86.61,5.016666667,0.321666667,6.43
1008,1009,DDAB,1,0,12.73,0.0,0,0,36,0,4,1,20,100,97.09666667,3.523333333,0.323333333,8.74
1009,1010,DDAB,1,0,12.73,0.0,0,0,36,0,8,1,20,100,125.0333333,8.636666667,0.341666667,6.714
1010,1011,DDAB,1,0,12.73,0.0,0,0,36,0,12,1,20,100,150.1,7.9,0.389666667,5.841
1011,1012,DDAB,1,0,12.73,0.0,0,0,36,0,4,1,40,100,116.0,5.51,0.189,8.518
1012,1013,DDAB,1,0,12.73,0.0,0,0,36,0,8,1,40,100,120.9333333,7.95,0.245666667,7.827
1013,1014,DDAB,1,0,12.73,0.0,0,0,36,0,12,1,40,100,140.9333333,10.19,0.236,7.188
1014,1015,DDAB,1,0,12.73,0.0,0,0,36,0,4,1,60,100,154.5,8.826666667,0.208,8.653
1015,1016,DDAB,1,0,12.73,0.0,0,0,36,0,8,1,60,100,149.3333333,10.71,0.211,7.354
1016,1017,DDAB,1,0,12.73,0.0,0,0,36,0,12,1,60,100,146.9666667,14.23333333,0.253666667,7.583
1017,1018,DDAB,1,0,12.73,0.0,0,0,36,0,4,1,80,100,172.9666667,13.56666667,0.199666667,8.373
1018,1019,DDAB,1,0,12.73,0.0,0,0,36,0,8,1,80,100,95.48333333,18.53333333,0.285666667,8.793
1019,1020,DDAB,1,0,12.73,0.0,0,0,36,0,12,1,80,100,97.44333333,18.13333333,0.335,7.014
1021,1022,DDAB,1,0,12.73,0.0,0,0,36,0,8,200,20,10,135.4333333,-1.52,0.426333333,3.0
1026,1027,DDAB,1,0,12.73,0.0,0,0,36,0,4,200,60,10,277.0333333,-0.445353333,0.281333333,3.0
1028,1029,DDAB,1,0,12.73,0.0,0,0,36,0,12,200,60,10,250.5333333,-1.150666667,0.345333333,5.371
1029,1030,DDAB,1,0,12.73,0.0,0,0,36,0,4,200,80,10,203.0666667,-0.866333333,0.320666667,3.0
1031,1032,DDAB,1,0,12.73,0.0,0,0,36,0,12,200,80,10,204.2666667,0.426333333,0.304,5.808
1039,1040,DDAB,1,0,12.73,0.0,0,0,36,0,8,100,60,10,224.8,-0.698333333,0.432666667,3.0
1040,1041,DDAB,1,0,12.73,0.0,0,0,36,0,12,100,60,10,252.4666667,-0.727,0.39,4.489
1043,1044,DDAB,1,0,12.73,0.0,0,0,36,0,12,100,80,10,186.2666667,-0.533333333,0.42,6.845
1047,1048,DDAB,1,0,12.73,0.0,0,0,36,0,4,50,40,10,93.57666667,-1.966666667,0.435,3.0
1057,1058,DDAB,1,0,12.73,0.0,0,0,36,0,8,10,20,10,139.0333333,-1.626666667,0.419,3.0
1059,1060,DDAB,1,0,12.73,0.0,0,0,36,0,4,10,40,10,86.48,-1.109,0.334333333,3.0
1068,1069,DDAB,1,0,12.73,0.0,0,0,36,0,4,1,20,10,104.5,-1.523333333,0.214,3.332
1069,1070,DDAB,1,0,12.73,0.0,0,0,36,0,8,1,20,10,108.7333333,-0.928,0.193333333,3.0
1070,1071,DDAB,1,0,12.73,0.0,0,0,36,0,12,1,20,10,124.4333333,-1.003,0.305333333,3.0
1071,1072,DDAB,1,0,12.73,0.0,0,0,36,0,4,1,40,10,122.0333333,-1.225,0.308666667,4.796
1072,1073,DDAB,1,0,12.73,0.0,0,0,36,0,8,1,40,10,111.9333333,-1.238333333,0.335666667,5.1
1073,1074,DDAB,1,0,12.73,0.0,0,0,36,0,12,1,40,10,131.9,-0.524533333,0.285666667,4.89
1074,1075,DDAB,1,0,12.73,0.0,0,0,36,0,4,1,60,10,155.1,-0.473333333,0.134,8.068
1075,1076,DDAB,1,0,12.73,0.0,0,0,36,0,8,1,60,10,158.4666667,-0.883,0.067666667,8.609
1076,1077,DDAB,1,0,12.73,0.0,0,0,36,0,12,1,60,10,155.6666667,-0.294,0.124333333,7.194
1077,1078,DDAB,1,0,12.73,0.0,0,0,36,0,4,1,80,10,265.4333333,1.176666667,0.373666667,7.993
1078,1079,DDAB,1,0,12.73,0.0,0,0,36,0,8,1,80,10,174.9,1.081666667,0.237333333,8.051
1079,1080,DDAB,1,0,12.73,0.0,0,0,36,0,12,1,80,10,134.8666667,2.193333333,0.351333333,7.318
