,pred,test,AE,MAE,MAE_std,spearman,pearson
14PA,"[0.3  0.45 0.48 0.29 0.46 0.6  0.5  0.58 0.58 0.31 0.53 0.66 0.31 0.45
 0.43 0.29 0.52 0.63 0.49 0.59 0.66 0.34 0.58 0.62 0.3  0.48 0.5  0.28
 0.5  0.53 0.51 0.55 0.69 0.31 0.59 0.69 0.35 0.47 0.49 0.39 0.65 0.68
 0.67 0.82 0.83 0.54 0.81 0.83 0.38 0.5  0.49 0.5  0.58 0.66 0.56 0.79
 0.78 0.64 0.63 0.65 0.38 0.44 0.46 0.62 0.59 0.62 0.71 0.68 0.73 0.59
 0.64 0.68 0.42 0.44 0.39 0.63 0.56 0.61 0.77 0.7  0.8  0.57 0.67 0.65
 0.44 0.45 0.47 0.52 0.59 0.64 0.72 0.69 0.8  0.61 0.65 0.65 0.44 0.46
 0.45 0.65 0.63 0.62 0.77 0.71 0.83 0.64 0.77 0.74 0.46 0.48 0.46 0.61
 0.7  0.65 0.78 0.74 0.76 0.55 0.76 0.7  0.29 0.29 0.25 0.45 0.48 0.56
 0.53 0.56 0.71 0.36 0.49 0.61 0.3  0.3  0.25 0.48 0.54 0.54 0.5  0.58
 0.69 0.39 0.5  0.68 0.31 0.3  0.22 0.38 0.52 0.55 0.54 0.56 0.63 0.35
 0.48 0.6  0.25 0.34 0.22 0.54 0.56 0.59 0.56 0.65 0.7  0.48 0.61 0.69
 0.32 0.35 0.28 0.55 0.61 0.58 0.58 0.64 0.7  0.52 0.63 0.72]","[0.46 0.45 0.63 0.5  0.56 0.56 0.51 0.69 0.59 0.28 0.2  0.25 0.44 0.52
 0.6  0.4  0.54 0.36 0.47 0.52 0.62 0.12 0.26 0.31 0.45 0.53 0.54 0.51
 0.37 0.52 0.54 0.52 0.57 0.15 0.38 0.24 0.61 0.54 0.57 0.63 0.46 0.44
 0.48 0.56 0.6  0.27 0.51 0.36 0.69 0.61 0.5  0.44 0.48 0.47 0.5  0.3
 0.29 0.3  0.31 0.19 0.54 0.52 0.62 0.7  0.62 0.6  0.69 0.76 0.76 0.14
 0.41 0.43 0.57 0.56 0.6  0.63 0.68 0.66 0.81 0.7  0.77 0.29 0.46 0.01
 0.55 0.59 0.64 0.66 0.64 0.63 0.77 0.82 0.81 0.34 0.41 0.45 0.66 0.59
 0.58 0.65 0.7  0.59 0.68 0.68 0.73 0.48 0.47 0.38 0.55 0.58 0.4  0.68
 0.51 0.47 0.74 0.55 0.56 0.46 0.45 0.34 0.38 0.44 0.46 0.51 0.57 0.51
 0.4  0.54 0.6  0.32 0.24 0.37 0.41 0.42 0.45 0.48 0.52 0.51 0.48 0.57
 0.64 0.3  0.44 0.44 0.33 0.43 0.44 0.54 0.55 0.46 0.49 0.52 0.61 0.37
 0.58 0.51 0.31 0.37 0.4  0.47 0.51 0.47 0.55 0.53 0.59 0.4  0.37 0.45
 0.1  0.18 0.14 0.35 0.42 0.38 0.48 0.48 0.44 0.37 0.34 0.41]","[0.16 0.01 0.15 0.22 0.1  0.03 0.01 0.11 0.01 0.03 0.33 0.41 0.13 0.07
 0.16 0.11 0.02 0.28 0.01 0.08 0.04 0.22 0.32 0.31 0.15 0.05 0.04 0.23
 0.13 0.01 0.03 0.03 0.13 0.16 0.21 0.45 0.25 0.08 0.08 0.24 0.19 0.25
 0.2  0.25 0.23 0.28 0.3  0.46 0.32 0.11 0.01 0.06 0.09 0.19 0.06 0.48
 0.48 0.34 0.32 0.46 0.16 0.08 0.16 0.09 0.04 0.02 0.01 0.09 0.03 0.45
 0.23 0.25 0.14 0.11 0.21 0.01 0.12 0.06 0.04 0.   0.03 0.28 0.21 0.64
 0.11 0.14 0.17 0.14 0.05 0.01 0.05 0.13 0.01 0.27 0.24 0.2  0.23 0.13
 0.12 0.   0.07 0.03 0.1  0.04 0.1  0.16 0.3  0.37 0.09 0.1  0.06 0.07
 0.19 0.18 0.04 0.19 0.2  0.09 0.31 0.37 0.1  0.15 0.21 0.07 0.09 0.05
 0.13 0.02 0.1  0.04 0.25 0.24 0.11 0.12 0.19 0.01 0.01 0.03 0.01 0.
 0.05 0.09 0.07 0.24 0.01 0.13 0.22 0.16 0.03 0.09 0.05 0.04 0.02 0.02
 0.1  0.09 0.06 0.03 0.18 0.06 0.04 0.12 0.01 0.12 0.11 0.09 0.24 0.24
 0.22 0.17 0.14 0.2  0.19 0.2  0.11 0.15 0.26 0.14 0.29 0.31]",0.14559827315622043,0.11731537590294867,0.2069675061654296,0.27237235443252555
18PG,"[0.45 0.52 0.59 0.18 0.35 0.56 0.46 0.55 0.69 0.25 0.42 0.62 0.5  0.56
 0.64 0.17 0.54 0.51 0.44 0.61 0.71 0.28 0.46 0.5  0.49 0.62 0.71 0.25
 0.59 0.61 0.44 0.62 0.74 0.3  0.49 0.55 0.5  0.72 0.69 0.38 0.65 0.66
 0.7  0.81 0.82 0.39 0.77 0.82 0.62 0.76 0.73 0.46 0.63 0.62 0.52 0.65
 0.64 0.48 0.63 0.63 0.5  0.54 0.55 0.51 0.53 0.61 0.67 0.63 0.7  0.6
 0.53 0.67 0.53 0.59 0.66 0.52 0.59 0.65 0.65 0.67 0.67 0.63 0.7  0.66
 0.54 0.63 0.66 0.54 0.63 0.69 0.69 0.77 0.77 0.61 0.72 0.72 0.64 0.72
 0.72 0.62 0.77 0.71 0.78 0.86 0.83 0.71 0.78 0.78 0.71 0.71 0.69 0.76
 0.75 0.86 0.79 0.9  0.85 0.66 0.79 0.72 0.42 0.37 0.35 0.49 0.55 0.52
 0.6  0.61 0.61 0.49 0.55 0.57 0.44 0.4  0.32 0.48 0.56 0.55 0.58 0.62
 0.68 0.52 0.59 0.7  0.42 0.42 0.34 0.51 0.57 0.59 0.6  0.66 0.69 0.52
 0.62 0.7  0.38 0.44 0.35 0.57 0.61 0.58 0.7  0.72 0.75 0.65 0.72 0.77
 0.45 0.37 0.37 0.58 0.64 0.66 0.68 0.72 0.75 0.63 0.74 0.82]","[0.71 0.63 0.63 0.67 0.85 0.71 0.74 0.76 0.82 0.25 0.75 0.1  0.34 0.53
 0.6  0.73 0.72 0.73 0.66 0.71 0.75 0.63 0.75 0.11 0.28 0.55 0.56 0.71
 0.77 0.65 0.65 0.69 0.7  0.72 0.79 0.15 0.5  0.75 0.73 0.74 0.68 0.63
 0.66 0.83 0.84 0.91 0.93 0.21 0.27 0.23 0.17 0.4  0.28 0.1  0.17 0.21
 0.21 0.22 0.23 0.24 0.68 0.49 0.59 0.66 0.73 0.75 0.74 0.76 0.86 0.61
 0.8  0.96 0.64 0.5  0.64 0.67 0.74 0.76 0.79 0.77 0.88 0.63 0.41 0.98
 0.62 0.57 0.65 0.67 0.75 0.8  0.8  0.85 0.9  0.83 0.9  0.99 0.38 0.61
 0.59 0.62 0.62 0.69 0.84 0.65 0.76 0.36 0.79 0.81 0.2  0.3  0.06 0.15
 0.09 0.1  0.66 0.23 0.11 0.04 0.12 0.1  0.22 0.27 0.19 0.27 0.51 0.54
 0.24 0.55 0.48 0.29 0.45 0.2  0.19 0.22 0.21 0.26 0.49 0.37 0.29 0.64
 0.67 0.41 0.54 0.65 0.24 0.26 0.29 0.46 0.43 0.44 0.31 0.64 0.62 0.43
 0.55 0.59 0.2  0.21 0.37 0.29 0.42 0.41 0.38 0.65 0.56 0.58 0.72 0.73
 0.08 0.3  0.05 0.19 0.35 0.43 0.43 0.55 0.29 0.17 0.43 0.22]","[0.26 0.11 0.04 0.5  0.5  0.15 0.28 0.2  0.13 0.   0.33 0.52 0.16 0.03
 0.05 0.56 0.18 0.22 0.23 0.1  0.04 0.36 0.29 0.39 0.22 0.07 0.15 0.46
 0.17 0.04 0.21 0.08 0.04 0.42 0.3  0.4  0.   0.04 0.04 0.36 0.03 0.03
 0.03 0.02 0.02 0.52 0.16 0.61 0.35 0.53 0.57 0.06 0.36 0.52 0.35 0.44
 0.43 0.26 0.4  0.39 0.18 0.05 0.04 0.15 0.2  0.14 0.06 0.13 0.16 0.01
 0.27 0.29 0.11 0.09 0.02 0.16 0.15 0.1  0.14 0.1  0.22 0.   0.29 0.33
 0.08 0.06 0.01 0.13 0.12 0.11 0.12 0.08 0.13 0.22 0.18 0.27 0.26 0.11
 0.13 0.01 0.15 0.03 0.06 0.2  0.07 0.35 0.01 0.03 0.51 0.41 0.63 0.61
 0.66 0.75 0.13 0.67 0.74 0.62 0.68 0.62 0.2  0.1  0.15 0.21 0.04 0.02
 0.36 0.06 0.13 0.2  0.1  0.38 0.25 0.18 0.1  0.22 0.06 0.18 0.29 0.02
 0.02 0.11 0.05 0.05 0.18 0.16 0.06 0.05 0.14 0.15 0.28 0.02 0.07 0.08
 0.07 0.11 0.18 0.23 0.01 0.29 0.18 0.17 0.32 0.07 0.19 0.07 0.   0.04
 0.37 0.07 0.32 0.39 0.29 0.23 0.25 0.17 0.46 0.46 0.3  0.6 ]",0.21418123896859007,0.17966250462808042,0.14849490620168013,0.1114479651384151
DDAB,"[0.26 0.31 0.29 0.26 0.37 0.36 0.45 0.44 0.48 0.27 0.43 0.48 0.23 0.32
 0.33 0.27 0.36 0.41 0.49 0.48 0.47 0.28 0.44 0.47 0.25 0.34 0.32 0.29
 0.34 0.46 0.48 0.55 0.53 0.28 0.49 0.52 0.38 0.44 0.46 0.41 0.51 0.49
 0.57 0.6  0.62 0.4  0.51 0.51 0.55 0.63 0.61 0.6  0.68 0.68 0.66 0.64
 0.64 0.54 0.59 0.68 0.35 0.38 0.41 0.46 0.58 0.59 0.61 0.66 0.69 0.58
 0.67 0.71 0.36 0.41 0.43 0.48 0.57 0.62 0.67 0.7  0.7  0.61 0.7  0.72
 0.37 0.43 0.43 0.5  0.61 0.6  0.69 0.7  0.7  0.63 0.73 0.74 0.37 0.46
 0.47 0.55 0.59 0.61 0.7  0.72 0.71 0.64 0.75 0.74 0.61 0.64 0.63 0.73
 0.74 0.74 0.73 0.74 0.73 0.68 0.77 0.78 0.15 0.29 0.27 0.28 0.43 0.41
 0.35 0.48 0.51 0.33 0.49 0.54 0.16 0.3  0.26 0.32 0.44 0.45 0.38 0.53
 0.57 0.37 0.55 0.62 0.15 0.24 0.27 0.35 0.43 0.46 0.41 0.55 0.61 0.39
 0.59 0.68 0.17 0.29 0.27 0.41 0.48 0.52 0.5  0.61 0.64 0.47 0.6  0.73
 0.39 0.42 0.46 0.57 0.62 0.6  0.56 0.59 0.67 0.55 0.73 0.72]","[0.14 0.57 0.64 0.33 0.56 0.83 0.71 0.67 0.96 0.9  0.76 0.81 0.32 0.51
 0.63 0.32 0.61 0.72 0.67 0.88 0.89 0.5  0.55 0.66 0.38 0.33 0.54 0.43
 0.61 0.63 0.64 0.58 0.81 0.49 0.51 0.73 0.47 0.56 0.39 0.47 0.53 0.72
 0.57 0.62 0.75 0.4  0.54 0.61 0.69 0.58 0.62 0.78 0.73 0.67 0.78 0.76
 0.57 0.62 0.7  0.6  0.44 0.56 0.47 0.8  0.71 0.85 0.69 0.66 0.81 0.66
 0.65 0.65 0.61 0.32 0.53 0.61 0.58 0.62 0.62 0.73 0.68 0.66 0.57 0.57
 0.51 0.48 0.62 0.79 0.58 0.69 0.89 0.72 0.84 0.67 0.68 0.62 0.57 0.62
 0.65 0.85 0.78 0.81 1.   0.9  0.94 0.7  0.74 0.75 0.74 0.71 0.65 0.77
 0.71 0.77 0.75 0.67 0.67 0.63 0.6  0.61 0.27 0.35 0.19 0.33 0.45 0.48
 0.58 0.44 0.63 0.5  0.5  0.54 0.27 0.29 0.19 0.46 0.48 0.44 0.36 0.51
 0.61 0.39 0.53 0.52 0.11 0.24 0.24 0.4  0.5  0.62 0.42 0.53 0.66 0.37
 0.52 0.55 0.14 0.3  0.18 0.45 0.58 0.69 0.75 0.72 0.75 0.7  0.65 0.66
 0.52 0.51 0.28 0.65 0.64 0.68 0.56 0.61 0.65 0.55 0.69 0.74]","[0.11 0.26 0.35 0.07 0.19 0.47 0.26 0.23 0.48 0.64 0.32 0.33 0.09 0.18
 0.29 0.05 0.25 0.31 0.18 0.39 0.43 0.22 0.11 0.19 0.13 0.01 0.22 0.14
 0.27 0.17 0.16 0.03 0.28 0.2  0.02 0.22 0.1  0.12 0.07 0.06 0.02 0.23
 0.   0.03 0.13 0.   0.03 0.1  0.14 0.05 0.01 0.17 0.05 0.01 0.11 0.11
 0.07 0.08 0.11 0.07 0.09 0.18 0.06 0.34 0.12 0.27 0.08 0.   0.13 0.07
 0.02 0.06 0.26 0.09 0.1  0.14 0.01 0.01 0.04 0.03 0.02 0.05 0.13 0.15
 0.14 0.05 0.19 0.29 0.03 0.09 0.21 0.02 0.14 0.04 0.05 0.12 0.2  0.15
 0.19 0.3  0.18 0.2  0.3  0.18 0.22 0.06 0.   0.01 0.13 0.06 0.02 0.04
 0.03 0.03 0.02 0.06 0.06 0.05 0.16 0.16 0.12 0.07 0.08 0.05 0.02 0.07
 0.22 0.04 0.13 0.17 0.02 0.   0.11 0.01 0.07 0.14 0.04 0.01 0.02 0.01
 0.03 0.02 0.02 0.1  0.04 0.01 0.03 0.05 0.07 0.16 0.02 0.02 0.05 0.02
 0.07 0.13 0.03 0.01 0.09 0.04 0.1  0.17 0.26 0.11 0.11 0.23 0.05 0.07
 0.13 0.09 0.18 0.07 0.02 0.08 0.   0.02 0.02 0.01 0.04 0.02]",0.11623455574436693,0.10648608992553912,0.6485076139447146,0.6713115320061827
DOPE,"[0.4  0.53 0.48 0.52 0.54 0.47 0.61 0.64 0.65 0.38 0.5  0.5  0.41 0.51
 0.47 0.44 0.5  0.49 0.57 0.64 0.67 0.37 0.47 0.47 0.36 0.51 0.45 0.44
 0.48 0.47 0.62 0.63 0.58 0.43 0.53 0.48 0.43 0.54 0.57 0.52 0.57 0.56
 0.61 0.64 0.69 0.52 0.62 0.57 0.48 0.52 0.43 0.43 0.48 0.45 0.47 0.52
 0.47 0.46 0.44 0.43 0.45 0.44 0.49 0.6  0.61 0.61 0.67 0.72 0.74 0.39
 0.43 0.48 0.43 0.45 0.54 0.56 0.61 0.6  0.68 0.71 0.73 0.36 0.49 0.47
 0.47 0.46 0.5  0.64 0.6  0.67 0.76 0.74 0.74 0.54 0.57 0.57 0.49 0.48
 0.56 0.66 0.64 0.65 0.78 0.72 0.75 0.53 0.57 0.76 0.29 0.4  0.43 0.36
 0.4  0.37 0.43 0.38 0.4  0.35 0.32 0.39 0.23 0.31 0.33 0.42 0.47 0.47
 0.43 0.55 0.58 0.26 0.39 0.47 0.24 0.3  0.29 0.49 0.5  0.5  0.45 0.6
 0.66 0.27 0.47 0.53 0.19 0.29 0.32 0.5  0.53 0.53 0.47 0.61 0.69 0.35
 0.56 0.59 0.19 0.3  0.29 0.52 0.59 0.52 0.53 0.64 0.67 0.38 0.56 0.6
 0.07 0.15 0.15 0.25 0.34 0.43 0.33 0.4  0.47 0.26 0.43 0.43]","[0.43 0.52 0.72 0.08 0.49 0.58 0.21 0.43 0.81 0.16 0.38 0.4  0.61 0.65
 0.58 0.06 0.58 0.78 0.59 0.43 0.83 0.26 0.5  0.59 0.6  0.61 0.72 0.08
 0.6  0.79 0.44 0.43 0.84 0.2  0.54 0.88 0.64 0.72 0.71 0.25 0.7  0.67
 0.78 0.85 0.85 0.39 0.61 0.86 0.78 0.8  0.75 0.23 0.86 0.83 0.95 0.87
 0.93 0.87 0.9  0.82 0.61 0.61 0.64 0.09 0.55 0.67 0.78 0.7  0.77 0.54
 0.58 0.79 0.63 0.64 0.62 0.64 0.6  0.62 0.78 0.71 0.83 0.51 0.7  0.8
 0.58 0.62 0.67 0.62 0.59 0.77 0.75 0.76 0.85 0.54 0.77 0.16 0.69 0.76
 0.76 0.79 0.75 0.79 0.87 0.84 0.79 0.75 0.82 0.8  0.65 0.82 0.85 0.89
 0.9  0.86 0.89 0.86 0.89 0.85 0.82 0.81 0.54 0.42 0.34 0.74 0.47 0.37
 0.65 0.68 0.63 0.45 0.61 0.78 0.52 0.43 0.25 0.7  0.6  0.56 0.68 0.67
 0.67 0.55 0.61 0.64 0.5  0.39 0.2  0.66 0.62 0.67 0.67 0.67 0.63 0.54
 0.43 0.67 0.55 0.46 0.18 0.71 0.61 0.54 0.74 0.66 0.67 0.5  0.63 0.79
 0.44 0.45 0.06 0.57 0.61 0.75 0.65 0.66 0.66 0.61 0.77 0.82]","[0.03 0.   0.24 0.44 0.06 0.11 0.41 0.21 0.16 0.22 0.12 0.1  0.2  0.14
 0.11 0.38 0.07 0.29 0.02 0.21 0.15 0.12 0.02 0.13 0.24 0.09 0.27 0.36
 0.12 0.32 0.18 0.2  0.27 0.23 0.02 0.4  0.21 0.18 0.14 0.27 0.13 0.12
 0.18 0.21 0.16 0.13 0.02 0.29 0.31 0.28 0.32 0.19 0.38 0.39 0.47 0.34
 0.46 0.42 0.46 0.38 0.16 0.17 0.15 0.5  0.06 0.06 0.11 0.03 0.03 0.15
 0.15 0.31 0.2  0.19 0.08 0.09 0.01 0.02 0.1  0.   0.1  0.15 0.21 0.33
 0.11 0.16 0.16 0.02 0.01 0.1  0.   0.02 0.11 0.01 0.2  0.41 0.2  0.28
 0.2  0.14 0.11 0.14 0.09 0.12 0.04 0.22 0.26 0.04 0.35 0.42 0.42 0.52
 0.5  0.49 0.46 0.48 0.48 0.5  0.5  0.42 0.31 0.11 0.02 0.32 0.   0.11
 0.23 0.12 0.06 0.19 0.22 0.31 0.29 0.13 0.04 0.21 0.1  0.06 0.23 0.07
 0.01 0.28 0.13 0.11 0.31 0.1  0.12 0.16 0.09 0.14 0.21 0.06 0.06 0.18
 0.13 0.08 0.37 0.16 0.11 0.19 0.02 0.02 0.2  0.02 0.   0.12 0.07 0.19
 0.37 0.3  0.1  0.31 0.28 0.32 0.32 0.26 0.19 0.35 0.34 0.39]",0.19693672483628039,0.13656133765064146,0.26598392849182645,0.3106759762040486
DOTAP,"[0.53 0.55 0.56 0.48 0.63 0.71 0.64 0.62 0.77 0.58 0.63 0.52 0.54 0.57
 0.61 0.38 0.61 0.69 0.63 0.62 0.72 0.53 0.62 0.5  0.48 0.47 0.67 0.45
 0.58 0.67 0.6  0.59 0.79 0.54 0.61 0.46 0.56 0.61 0.51 0.58 0.57 0.61
 0.63 0.7  0.75 0.56 0.6  0.48 0.66 0.58 0.66 0.67 0.71 0.59 0.72 0.67
 0.66 0.65 0.7  0.44 0.56 0.55 0.61 0.6  0.65 0.64 0.7  0.72 0.83 0.68
 0.72 0.72 0.55 0.55 0.53 0.61 0.57 0.62 0.66 0.67 0.78 0.56 0.69 0.71
 0.54 0.58 0.53 0.65 0.6  0.63 0.72 0.72 0.84 0.71 0.7  0.74 0.52 0.61
 0.53 0.65 0.66 0.61 0.76 0.79 0.85 0.7  0.74 0.73 0.6  0.73 0.61 0.64
 0.63 0.62 0.71 0.74 0.68 0.66 0.65 0.69 0.22 0.41 0.31 0.48 0.54 0.52
 0.46 0.57 0.67 0.45 0.51 0.63 0.22 0.26 0.32 0.45 0.53 0.54 0.5  0.56
 0.68 0.44 0.56 0.64 0.23 0.22 0.27 0.53 0.52 0.56 0.5  0.56 0.7  0.46
 0.58 0.66 0.25 0.34 0.25 0.56 0.55 0.61 0.59 0.63 0.71 0.54 0.61 0.68
 0.37 0.39 0.35 0.62 0.53 0.57 0.5  0.6  0.65 0.57 0.65 0.68]","[0.05 0.39 0.28 0.19 0.37 0.31 0.51 0.32 0.41 0.58 0.49 0.3  0.33 0.38
 0.31 0.21 0.39 0.51 0.37 0.49 0.29 0.48 0.64 0.59 0.28 0.44 0.18 0.3
 0.35 0.22 0.42 0.41 0.5  0.43 0.58 0.67 0.22 0.37 0.51 0.33 0.5  0.56
 0.74 0.77 0.81 0.76 0.76 0.8  0.59 0.68 0.67 0.82 0.76 0.73 0.82 0.81
 0.77 0.86 0.84 0.81 0.4  0.34 0.42 0.52 0.5  0.55 0.57 0.75 0.73 0.7
 0.67 0.8  0.3  0.35 0.39 0.46 0.5  0.59 0.59 0.66 0.76 0.68 0.76 0.71
 0.35 0.46 0.43 0.6  0.59 0.62 0.72 0.79 0.74 0.79 0.9  0.74 0.4  0.43
 0.55 0.56 0.56 0.63 0.75 0.67 0.74 0.72 0.76 0.77 0.54 0.66 0.67 0.84
 0.81 0.71 0.7  0.79 0.75 0.7  0.81 0.83 0.14 0.19 0.24 0.34 0.33 0.36
 0.37 0.44 0.58 0.27 0.48 0.72 0.06 0.22 0.2  0.34 0.34 0.36 0.48 0.46
 0.63 0.38 0.5  0.65 0.05 0.22 0.24 0.32 0.36 0.43 0.39 0.5  0.6  0.35
 0.51 0.68 0.12 0.23 0.33 0.54 0.55 0.62 0.59 0.66 0.7  0.48 0.6  0.77
 0.49 0.35 0.54 0.63 0.67 0.7  0.55 0.64 0.7  0.53 0.68 0.81]","[0.48 0.16 0.28 0.3  0.26 0.4  0.13 0.3  0.36 0.   0.14 0.22 0.21 0.19
 0.3  0.17 0.22 0.17 0.26 0.13 0.43 0.04 0.02 0.09 0.2  0.02 0.49 0.15
 0.23 0.45 0.17 0.18 0.28 0.11 0.03 0.21 0.34 0.24 0.   0.25 0.07 0.05
 0.11 0.07 0.07 0.19 0.16 0.31 0.07 0.1  0.01 0.15 0.05 0.15 0.11 0.13
 0.11 0.21 0.13 0.37 0.15 0.21 0.19 0.09 0.15 0.09 0.13 0.03 0.11 0.02
 0.05 0.08 0.24 0.19 0.14 0.15 0.07 0.04 0.07 0.01 0.02 0.12 0.08 0.
 0.19 0.12 0.1  0.06 0.01 0.01 0.01 0.07 0.1  0.08 0.19 0.   0.12 0.19
 0.02 0.09 0.1  0.02 0.01 0.12 0.11 0.02 0.02 0.04 0.06 0.07 0.06 0.2
 0.17 0.09 0.01 0.05 0.07 0.04 0.17 0.15 0.07 0.22 0.07 0.14 0.21 0.15
 0.09 0.13 0.08 0.18 0.03 0.09 0.16 0.05 0.11 0.11 0.19 0.18 0.02 0.11
 0.05 0.06 0.05 0.01 0.18 0.   0.02 0.21 0.16 0.12 0.11 0.06 0.11 0.1
 0.07 0.02 0.13 0.11 0.08 0.02 0.   0.01 0.   0.03 0.01 0.06 0.01 0.09
 0.12 0.04 0.19 0.02 0.14 0.12 0.05 0.04 0.05 0.04 0.03 0.13]",0.12127566995051274,0.09881623721665751,0.6655668350911927,0.6733681569684733
DSPC,"[0.47 0.58 0.51 0.32 0.56 0.64 0.5  0.58 0.7  0.35 0.47 0.54 0.5  0.54
 0.53 0.36 0.59 0.68 0.5  0.6  0.69 0.37 0.51 0.64 0.37 0.5  0.55 0.39
 0.56 0.63 0.55 0.59 0.67 0.44 0.53 0.68 0.46 0.52 0.51 0.45 0.64 0.67
 0.58 0.77 0.81 0.5  0.74 0.79 0.36 0.49 0.64 0.72 0.75 0.73 0.79 0.81
 0.87 0.56 0.69 0.78 0.53 0.51 0.54 0.57 0.66 0.76 0.69 0.78 0.79 0.57
 0.61 0.74 0.52 0.57 0.56 0.56 0.64 0.75 0.76 0.7  0.85 0.63 0.69 0.59
 0.51 0.58 0.51 0.59 0.67 0.75 0.82 0.79 0.84 0.67 0.78 0.66 0.52 0.53
 0.53 0.53 0.7  0.68 0.74 0.82 0.82 0.58 0.65 0.81 0.27 0.3  0.61 0.45
 0.62 0.72 0.81 0.78 0.78 0.48 0.6  0.72 0.28 0.31 0.28 0.43 0.43 0.47
 0.5  0.53 0.67 0.44 0.51 0.63 0.35 0.33 0.24 0.41 0.44 0.49 0.54 0.58
 0.7  0.45 0.57 0.65 0.32 0.32 0.26 0.44 0.46 0.52 0.5  0.59 0.71 0.43
 0.53 0.65 0.31 0.3  0.31 0.53 0.55 0.6  0.58 0.66 0.71 0.5  0.61 0.65
 0.16 0.24 0.28 0.5  0.56 0.6  0.56 0.65 0.68 0.49 0.6  0.6 ]","[0.35 0.46 0.37 0.34 0.39 0.18 0.5  0.55 0.6  0.32 0.38 0.63 0.28 0.37
 0.42 0.22 0.25 0.28 0.5  0.42 0.58 0.06 0.42 0.54 0.43 0.4  0.45 0.24
 0.22 0.5  0.53 0.57 0.61 0.23 0.55 0.65 0.48 0.53 0.54 0.38 0.62 0.54
 0.5  0.72 0.7  0.2  0.19 0.79 0.11 0.38 0.39 0.26 0.46 0.4  0.12 0.35
 0.42 0.   0.41 0.48 0.53 0.55 0.52 0.52 0.58 0.63 0.61 0.67 0.73 0.36
 0.46 0.71 0.51 0.55 0.45 0.57 0.47 0.61 0.65 0.67 0.73 0.51 0.51 0.6
 0.34 0.5  0.44 0.51 0.52 0.63 0.62 0.67 0.75 0.45 0.58 0.65 0.43 0.51
 0.49 0.5  0.69 0.74 0.72 0.82 0.73 0.51 0.75 0.68 0.18 0.3  0.34 0.19
 0.37 0.52 0.22 0.44 0.45 0.17 0.5  0.59 0.28 0.42 0.4  0.54 0.52 0.48
 0.51 0.61 0.63 0.2  0.38 0.59 0.37 0.44 0.4  0.53 0.54 0.47 0.52 0.62
 0.63 0.23 0.44 0.63 0.38 0.44 0.38 0.53 0.55 0.47 0.49 0.64 0.7  0.31
 0.5  0.67 0.23 0.43 0.39 0.62 0.58 0.53 0.58 0.73 0.7  0.46 0.55 0.66
 0.   0.04 0.09 0.   0.28 0.43 0.11 0.29 0.43 0.23 0.38 0.61]","[0.12 0.12 0.14 0.02 0.17 0.47 0.   0.04 0.1  0.03 0.09 0.09 0.22 0.17
 0.11 0.14 0.35 0.41 0.   0.18 0.11 0.31 0.09 0.1  0.06 0.1  0.1  0.15
 0.34 0.14 0.02 0.02 0.06 0.21 0.02 0.03 0.02 0.01 0.03 0.07 0.02 0.13
 0.07 0.05 0.11 0.3  0.55 0.   0.25 0.11 0.25 0.46 0.29 0.33 0.68 0.46
 0.45 0.56 0.28 0.31 0.   0.04 0.02 0.05 0.08 0.14 0.08 0.1  0.06 0.21
 0.15 0.04 0.01 0.02 0.1  0.02 0.17 0.13 0.1  0.03 0.12 0.12 0.18 0.01
 0.17 0.08 0.08 0.08 0.15 0.12 0.21 0.12 0.09 0.22 0.19 0.01 0.08 0.02
 0.04 0.03 0.   0.06 0.02 0.   0.08 0.07 0.1  0.13 0.09 0.01 0.26 0.26
 0.25 0.2  0.59 0.34 0.33 0.31 0.09 0.12 0.01 0.11 0.11 0.1  0.09 0.
 0.01 0.09 0.03 0.24 0.13 0.04 0.01 0.12 0.17 0.12 0.1  0.02 0.03 0.03
 0.07 0.22 0.13 0.02 0.06 0.12 0.12 0.09 0.09 0.04 0.01 0.06 0.01 0.12
 0.04 0.02 0.08 0.14 0.07 0.09 0.02 0.08 0.01 0.07 0.01 0.04 0.06 0.01
 0.16 0.2  0.19 0.5  0.27 0.17 0.45 0.35 0.24 0.26 0.22 0.  ]",0.13383939497282737,0.13023884091676358,0.5523787281284528,0.5419693603654095
aggregate,"[0.29677916233160795, 0.45198591887058104, 0.4773965261097088, 0.28787725345451104, 0.45743080879196435, 0.597260062318264, 0.5046569038972797, 0.5801180136376142, 0.5816480326283663, 0.30907253488940867, 0.5346456189351405, 0.6559964633741794, 0.3077679846212906, 0.45477856795590516, 0.43268633747244545, 0.29014395184968683, 0.5170350867026107, 0.6331865458614656, 0.4885277799696001, 0.592401081107073, 0.6605482874267683, 0.34030216795657414, 0.5758700096850472, 0.6210543629132819, 0.3047022433318873, 0.47718466750870286, 0.5046499006841413, 0.27961068653774457, 0.5006652260358234, 0.5290938234519956, 0.5101858500024605, 0.5492414200584109, 0.691207446348958, 0.3132935651458031, 0.5899010488434455, 0.6904304534075527, 0.35212054944736054, 0.4655270070393308, 0.4882392281477029, 0.3888096950248839, 0.6545268683473436, 0.6830405823420123, 0.6710771023576123, 0.8170768947844976, 0.8303309501886722, 0.5432814818326472, 0.8070159294741347, 0.8269435094556077, 0.3789319499535682, 0.4988878049656842, 0.48660505773100415, 0.5015903312511447, 0.5762276127544246, 0.6586431842614577, 0.5557270257738056, 0.7874242498180484, 0.7750383336459835, 0.636063876783466, 0.6308792799691881, 0.6476938492015781, 0.3802524696470507, 0.4397462209654249, 0.45749321526935444, 0.6165200227172877, 0.5851713341723171, 0.6214679081498413, 0.7063520575107841, 0.675292626671081, 0.7283343745311912, 0.5878643527892358, 0.6397883967148363, 0.6765610967876672, 0.42125051473516884, 0.4442712550927895, 0.3898551463654484, 0.6251918329489297, 0.56005663526258, 0.6087838498806882, 0.774568422443681, 0.697774248676228, 0.7990564565561203, 0.5728625831828444, 0.66835038347595, 0.6476940972204008, 0.4376721612296121, 0.4460770609501855, 0.472732441316807, 0.5191345868353556, 0.5866401199477701, 0.6359075507763502, 0.7236783361714927, 0.686808502306553, 0.7992643841618045, 0.610164585004693, 0.6538580297107843, 0.654990314183794, 0.43522356203445084, 0.4588265860525247, 0.45286936927801974, 0.6488753351510829, 0.626576857159476, 0.6224657505506204, 0.7738405211538518, 0.7148851625649496, 0.8321151945448417, 0.6362184889637167, 0.7655945468401922, 0.7411396515046762, 0.45977091054292396, 0.47610073421571, 0.45688624983465076, 0.6078792991453521, 0.6991229942554416, 0.6514096489354978, 0.7785862669852622, 0.7432783932542143, 0.7627834592486613, 0.547254652231827, 0.7554191303964604, 0.7036955204950865, 0.28662764810507185, 0.293978137176045, 0.24920942909880908, 0.447769565430549, 0.4823008008981074, 0.5612559038967574, 0.527992868401667, 0.5598936820100249, 0.707516757317672, 0.3623434714269861, 0.4855829978681519, 0.6074880536007211, 0.29990375827405313, 0.30247636981527065, 0.25345685482781655, 0.4770817049934462, 0.537332747565016, 0.5358860428505691, 0.49667492820611636, 0.5752700271247739, 0.6896386482059612, 0.3933334766828417, 0.5025652727750465, 0.6847195600131352, 0.31124972712449694, 0.30044854875488375, 0.2224859003172908, 0.38431827756430736, 0.5239380401042044, 0.55450302646673, 0.5433295099718257, 0.5580488303556146, 0.631987394858662, 0.3528186075342937, 0.4772400034429699, 0.6014753868085746, 0.2533079212265138, 0.34292773851179226, 0.2216174258175621, 0.536999868060385, 0.5562637130553074, 0.5870007241604883, 0.5558215001154526, 0.6480685250900581, 0.6983340921866271, 0.4831555898640271, 0.6130624275046245, 0.6888344383217603, 0.32322799918824036, 0.34626739822349334, 0.28014715643567323, 0.5456564806437529, 0.6055499124382026, 0.5775468785837173, 0.584928505408246, 0.6357296082181021, 0.7017566329174474, 0.5163151913722938, 0.6306921963520506, 0.7220696090885497, 0.4454621541555042, 0.518384469000667, 0.5871964938816884, 0.17527210426243472, 0.35398829114993924, 0.5599798605882738, 0.4625438877469005, 0.5543092673893922, 0.692021850703141, 0.24503922303009842, 0.4216317762132871, 0.6216977037862901, 0.4955956688271692, 0.561179910870625, 0.6430814379319167, 0.1678991562493746, 0.5418822584215149, 0.5146978828035786, 0.4382086628544951, 0.6108396498394288, 0.7065329228066054, 0.27630444562523404, 0.46167157598278974, 0.4999236000565547, 0.4938401663163761, 0.6222393664559114, 0.7051141847059917, 0.25074402144900876, 0.5928076373630757, 0.6102939046810265, 0.44226552243390593, 0.618113349118719, 0.7426723460500706, 0.2955614176161153, 0.4921345170894636, 0.547024813136164, 0.49568842472065117, 0.7178475003905732, 0.6906122988040463, 0.37750088529604114, 0.6451649178239691, 0.6626746377353401, 0.6956816545008558, 0.809836291119203, 0.8204362292798776, 0.39035636219403763, 0.7683581431036114, 0.8210530643160743, 0.6205380580811366, 0.759224477932762, 0.7331214984478893, 0.4588198938432076, 0.6305129390127835, 0.6234668652189379, 0.5205131212541625, 0.6460490355370466, 0.6402651196724426, 0.4831533814267005, 0.6263088728169397, 0.6276128689075195, 0.4994559004336992, 0.5435036899339529, 0.5546495414709859, 0.5068770714487129, 0.5332713664669753, 0.6074641494862486, 0.6740794098860796, 0.6263984075610864, 0.6976578425748825, 0.6008002239812111, 0.5255503878981126, 0.6732078627940187, 0.5336773331590116, 0.593265138645211, 0.6638859673804293, 0.5155289185785769, 0.5861982107111536, 0.6529022640958564, 0.6503682661269287, 0.6661667461547474, 0.6668064073327304, 0.6283909727174557, 0.6983993632806528, 0.655027450784957, 0.5356410629249729, 0.6324094024951454, 0.6554506115530273, 0.5365043618822416, 0.6289874134669731, 0.685185995713303, 0.6864703855422845, 0.771822180128438, 0.7679596876269267, 0.6115649858501463, 0.7194491042371896, 0.7205690068781332, 0.6385590355908973, 0.715877841380754, 0.72067611707227, 0.6154333136064107, 0.767307668261381, 0.7142616853315202, 0.7844379536686422, 0.8584078311003583, 0.8322549540214211, 0.7131500047426536, 0.7768530183840247, 0.7777071592636804, 0.7104454532950619, 0.7050773965231758, 0.6887789556782992, 0.7581943858934889, 0.7511139638028017, 0.8584931954344267, 0.7936873552813134, 0.8973183754594886, 0.850040190290966, 0.6558012425356946, 0.7927675909664174, 0.7236406134160319, 0.4209550328523218, 0.3693219522448917, 0.3472127390713916, 0.4854726445133755, 0.55075239373669, 0.5246400008629016, 0.6026087877861237, 0.6104243527837035, 0.6089392865314425, 0.49071269694552994, 0.5507529854779367, 0.5735869680531103, 0.43999683295343434, 0.4015601404498833, 0.3178958587768304, 0.4812430476741473, 0.5558793234732835, 0.5512243686250573, 0.5759278875869918, 0.6220744486348333, 0.6818091094054739, 0.5182023625545328, 0.588125665774183, 0.6994744187905917, 0.42129873481264324, 0.42168802057618154, 0.3432922735172145, 0.5138747319132764, 0.5685890997791264, 0.5862815637308644, 0.5963509441856284, 0.6601624156800076, 0.6850967803747338, 0.5170964772748876, 0.6183742326954715, 0.7039760415179622, 0.3784437335930442, 0.44119620429044454, 0.35497020043573996, 0.5736198297176212, 0.6050503865866099, 0.5776141048316329, 0.6991464307771267, 0.7183568652638662, 0.7519897381973397, 0.6464259573418858, 0.7182113719613257, 0.7705315783603413, 0.4520077368891189, 0.3742898012497202, 0.37215603087594906, 0.5800325861828683, 0.6412516993543852, 0.6617859668983231, 0.675315053172658, 0.7229436051469473, 0.7541493040635393, 0.6262559449416216, 0.7358251841437606, 0.8167876676244202, 0.2550450389612944, 0.3080787827167616, 0.2906207433264252, 0.26004518755618705, 0.37384715665571905, 0.3637599871342639, 0.45159999661872774, 0.44126969435199653, 0.48383658665805085, 0.2654390425115628, 0.43151774468511045, 0.4841925416398048, 0.23023539140307422, 0.324982585898042, 0.3344398204268919, 0.2676954922932657, 0.36361433160199236, 0.41274221264643857, 0.4907404974540282, 0.48403778322819824, 0.46635994767319794, 0.27990549289052835, 0.44206582844964587, 0.4696121015106472, 0.2516799473345204, 0.3417091676015062, 0.3194023510022856, 0.28653876439732007, 0.34470404623344003, 0.4555407457417634, 0.4776912748442363, 0.5515950400553433, 0.5299146166726647, 0.28398370206255635, 0.4856292305972424, 0.5170315885820611, 0.3765288312704851, 0.44380673652082003, 0.46159129767882934, 0.40794769647327994, 0.5099989322033912, 0.49125095665983637, 0.5690894274503212, 0.596875198534847, 0.6224334134753161, 0.4008347184498342, 0.5108979154882123, 0.5127280581893945, 0.5534087150003165, 0.6276966501901147, 0.6107343292652535, 0.6036489735336495, 0.6773098097058178, 0.6794855920446835, 0.6622140514557302, 0.6428173014094556, 0.6436757466413279, 0.5353585682847407, 0.5914296506829956, 0.6754339689273244, 0.35441028291741666, 0.38368688526423894, 0.41237078722241466, 0.460723547096937, 0.5836122573379542, 0.5881616593490938, 0.6068087914936958, 0.6645532353708217, 0.6878589335492257, 0.5825792738423098, 0.6738259697172416, 0.7050879573446007, 0.35696729361398727, 0.40779759848731717, 0.42755794790369567, 0.4758963389465745, 0.567206972077798, 0.6244498467410025, 0.6651505540677922, 0.697416117880457, 0.7037838307180456, 0.6090443619749123, 0.700034839996701, 0.722664725023792, 0.36834116688708135, 0.42632632121473424, 0.43294211982885283, 0.5032661599900772, 0.6071551536705013, 0.6003110470072431, 0.6877336209162613, 0.7010399267482915, 0.6998157457890635, 0.6323942241977832, 0.7288009282279886, 0.7428770382754609, 0.372951004927141, 0.4626374968716676, 0.46807311304677246, 0.5487545668434265, 0.5912208322214808, 0.6086812587075936, 0.7023764134882026, 0.7180188778133075, 0.7138116250641308, 0.6424080738103418, 0.7471056839516493, 0.7425985070508535, 0.6055508085125968, 0.6436097105993506, 0.6314080305315307, 0.7253221821922965, 0.7392275134258322, 0.737238982228591, 0.7337349611047157, 0.7357938061991188, 0.7339236337427782, 0.6784188403939653, 0.7671433467199282, 0.7788583875919598, 0.15405522871425525, 0.2889231996929136, 0.2716600418109258, 0.2789945778812812, 0.4330232771958525, 0.41238774199531275, 0.3544079263802273, 0.4752511795831092, 0.508341593835487, 0.3272610566111824, 0.48796316423772046, 0.5404213664695294, 0.15690757811751416, 0.2960879622266371, 0.2571923798696408, 0.32143942757784044, 0.43503978820039435, 0.44737218504398907, 0.37922307010829753, 0.5252817057130406, 0.5733193368778424, 0.36689223897783585, 0.547970122640953, 0.6157202180592793, 0.15438482093358935, 0.24346563654224773, 0.2688470753413248, 0.34746516128849003, 0.4343531481323102, 0.4630171738651633, 0.407518282073219, 0.5542826692102154, 0.6070776539609564, 0.3875703767054053, 0.5873264381393218, 0.6754487441075419, 0.17075923087202743, 0.29072984184866696, 0.2675725002935682, 0.4084945925520219, 0.4810246021705887, 0.5229624163131488, 0.4956278913558697, 0.6100624470740069, 0.6422700912999774, 0.47342088365883517, 0.6041328705538115, 0.7310553576352193, 0.3887008076329816, 0.424939156381902, 0.45745745348633143, 0.5736358151330282, 0.6207312154635976, 0.5996829475191574, 0.5601925381698375, 0.5942347916237257, 0.6705532693956751, 0.5509850335057225, 0.7288670069578157, 0.7201972380768715, 0.40456052466964193, 0.5284281732930927, 0.47847962439785446, 0.5216676704972115, 0.5403295575892247, 0.4652079085980307, 0.6124779190425261, 0.6430754805124054, 0.6537441626862305, 0.38101553259026577, 0.49906345684619335, 0.5016818981978138, 0.4113423360508244, 0.5089541001203739, 0.4682260428161132, 0.4434905590142746, 0.5029522655202124, 0.4912764424623329, 0.5655047502274968, 0.6359823256268763, 0.672384380592602, 0.3732787209161182, 0.47241757027481146, 0.46505237016290474, 0.3620634977395423, 0.5129636504297685, 0.44871690129756436, 0.44454894458177396, 0.4761666446971209, 0.46824924497714515, 0.6195629102406621, 0.6301952677747087, 0.5774838130784007, 0.4349202063849437, 0.52565086920847, 0.4815760986735117, 0.4328263582523669, 0.5363014053747609, 0.5654503217393445, 0.5224292714397722, 0.57089859519432, 0.5579111258604788, 0.6077981297553892, 0.6426271212261432, 0.6886189943217728, 0.522816501306592, 0.6231084746048479, 0.5724752012823773, 0.47600461164432456, 0.5204114929943849, 0.42781965908511144, 0.4261282665027022, 0.4787765898549411, 0.446101631911715, 0.474820945860508, 0.5202050675414347, 0.4698375557779392, 0.4592716666666738, 0.44499514070874235, 0.43367606872124725, 0.44900673555653065, 0.44070650934871364, 0.48952554219302313, 0.5973205496858145, 0.6086385737694059, 0.6067607250320782, 0.6667963028145968, 0.7233483069880665, 0.7417198541197904, 0.3875087080568982, 0.4264392588796506, 0.4787310594014676, 0.43104069871865336, 0.448989612751963, 0.5404742559186125, 0.5555159145374791, 0.6143661008339507, 0.5978563241975587, 0.678671910336864, 0.7123461169226052, 0.7283230063019595, 0.3592538110700416, 0.49465945476228357, 0.4687433083926697, 0.47274999167673115, 0.4582824889440441, 0.5036061249797512, 0.6405453250997505, 0.6024076517560465, 0.6717055090702321, 0.7565520075668963, 0.7435157598178983, 0.7411735621284118, 0.5355406542380012, 0.5667153131000109, 0.5723722552838165, 0.48769214305106545, 0.48341788933639146, 0.5598012075964486, 0.6575703746396993, 0.6385847623150357, 0.6498937268084216, 0.7789415927974142, 0.7182653973328058, 0.746866338875474, 0.5299258071049537, 0.5652120088295178, 0.7624952820897763, 0.2929460244717947, 0.40297566978518906, 0.42656955054006557, 0.36491536728285073, 0.3972453111404441, 0.3694193611615448, 0.4295391557842337, 0.37889541443621855, 0.4037401196020948, 0.3481960082852008, 0.32009151222522475, 0.38920002822324967, 0.23477726845267322, 0.3082056429517139, 0.32524458512494286, 0.4228995362273267, 0.4733024217594693, 0.4745551882441154, 0.425502970181548, 0.5527056455556612, 0.5788545390647581, 0.2614330482204015, 0.392550565741404, 0.46901120503793564, 0.2355416357992631, 0.3010259940020243, 0.2861901919458423, 0.49411291926906714, 0.500270217636157, 0.49940746967924743, 0.45090965047146103, 0.6007215757408291, 0.6598337922050733, 0.27392478200845566, 0.4711963439617712, 0.5331525482380333, 0.19289915811966915, 0.28519372036249957, 0.31787028810726387, 0.496741375435607, 0.5338370909934574, 0.528196714062429, 0.4667022908598581, 0.6128989133289467, 0.6877005607216852, 0.35231131132154053, 0.5602198794569699, 0.5897923624367709, 0.1892181802981169, 0.3048876380498136, 0.29059885407493247, 0.5208732992251638, 0.5897938205708488, 0.5193597357685602, 0.5322835222046534, 0.6417876140505221, 0.6739095652851875, 0.37966697061999943, 0.5608040792741068, 0.602254422045408, 0.0745826568643725, 0.14582912606482779, 0.15178151916811655, 0.25134406012133825, 0.3359439854548894, 0.4300450931332822, 0.33227664092865977, 0.39532160427731994, 0.4651904045519391, 0.25981759382828884, 0.42912658514949803, 0.4299303438379564, 0.5293304534999257, 0.5510508183094466, 0.5609322318221563, 0.4813498939395064, 0.6286941755098665, 0.7088338359018355, 0.6356082999604712, 0.6248008541174561, 0.7747927117684232, 0.5796575860338723, 0.6303590147576834, 0.5199816766157486, 0.5353898359611696, 0.5718743689408627, 0.6143609195099526, 0.3825831065887248, 0.6105028368139493, 0.6863501430384955, 0.6339284507970212, 0.6173419587444512, 0.7227374247733361, 0.5250442658955717, 0.6223271139672202, 0.5031500389979149, 0.4797344658807855, 0.4677562067079016, 0.6661626620697334, 0.45017521782984987, 0.5823271724106307, 0.6673004884740997, 0.5980503481878839, 0.5886561543002821, 0.7858181111212512, 0.5369113665563132, 0.6050322868205035, 0.4645987932128135, 0.5565386069519462, 0.6100730913812568, 0.5106364507377198, 0.5803616395803566, 0.5743180150235427, 0.608467274073546, 0.6326595994300425, 0.7029929431294447, 0.7470328433418889, 0.5608972416447564, 0.6001233068479614, 0.480117514258229, 0.6608417345372667, 0.5814928894372668, 0.6591670890611124, 0.6657402029722255, 0.7105000965912793, 0.5864837938460574, 0.7166868826012012, 0.674659685362478, 0.6638034819213189, 0.649852945380457, 0.7043132597076412, 0.43840605616991357, 0.5591483660369297, 0.5528232845648935, 0.608276493665288, 0.6036798814714815, 0.6475997436835356, 0.6373135231474054, 0.699216239484711, 0.7190251124269432, 0.8325573732549751, 0.6790904540646514, 0.7227572597592005, 0.7239231945604924, 0.5450683035803947, 0.5468029261693875, 0.5303640085802702, 0.6099998231091103, 0.5689018003068346, 0.6234522948858493, 0.6629139835957798, 0.6655355817039242, 0.7768893571580398, 0.5579153419410332, 0.6878206248048173, 0.7077282202258368, 0.5436987830490665, 0.5836776211000644, 0.5319336649089548, 0.6540762279394143, 0.6010092327997097, 0.6265817264873363, 0.7244766233282215, 0.7182984750652217, 0.8357538042865638, 0.7070887689739702, 0.7033655673033778, 0.7421282890788692, 0.5223520142223231, 0.6146606897202062, 0.5307662593356255, 0.6522409805780262, 0.6570091670611905, 0.6136860294268265, 0.7625528068551437, 0.7887153636445788, 0.845884961151136, 0.6984757070740504, 0.7426868973515645, 0.7265502403963973, 0.6044138461552648, 0.7348905797144497, 0.6067349669891472, 0.6435743155412199, 0.6348644960884323, 0.6200527451814369, 0.7070954140197022, 0.7394070066140265, 0.6785509821145721, 0.6604181259285606, 0.6459163818895276, 0.6888735848325869, 0.21582803417503674, 0.4112956316937085, 0.30868957417670584, 0.4793260615606035, 0.5376865295165364, 0.5174196316738149, 0.4645025354274138, 0.5686679182255654, 0.6665252579186585, 0.44677094017628927, 0.5142703881769891, 0.6260203604893712, 0.22266604922113145, 0.2630668668192586, 0.31516578940008677, 0.4529687032472478, 0.5326428087225351, 0.5445002404844403, 0.5003854046818157, 0.5638787820452239, 0.6797382777233051, 0.4382304269577126, 0.5550658395680402, 0.6363074223628435, 0.22672010053083258, 0.22339883561111976, 0.26812795494706426, 0.5343420133314977, 0.519178449005288, 0.5569764730998257, 0.5043506248545939, 0.5638567725879499, 0.7036240657995086, 0.45526378716099336, 0.5806408057161674, 0.6554632915312951, 0.2529127851857553, 0.34427421161791766, 0.2505190133943367, 0.5580287753234273, 0.5463802634091146, 0.6130528818037445, 0.5861071536244273, 0.6288418548932561, 0.7090123299030182, 0.5406352219001066, 0.6066222073663534, 0.6773748167017248, 0.3720399910254348, 0.39154925589699935, 0.35017623588769303, 0.6166791957951973, 0.530142464917623, 0.5743405657347739, 0.5036030591220119, 0.6028987131393232, 0.6503505004073189, 0.5712590490877607, 0.6484265661180321, 0.6773544670430878, 0.47216493438922885, 0.5777122846658833, 0.510215359396714, 0.3241629964230679, 0.5550920118461913, 0.6425675711635392, 0.49521603878243353, 0.5844353310645246, 0.6965458826309207, 0.3498661932615218, 0.4713805695129326, 0.536587434741625, 0.5012033345159734, 0.5384736483020645, 0.5271790975193991, 0.3567081305261756, 0.5927978274110361, 0.6848449664578747, 0.4962775904399678, 0.5983538599455783, 0.6930029765768388, 0.37045576309862943, 0.5050036781671285, 0.6380811220641733, 0.3658800773935526, 0.5032917317472543, 0.5464981189438524, 0.3901341680247532, 0.5628615805194283, 0.634095618820092, 0.5538083535091332, 0.5889596181775645, 0.6660243787729317, 0.4377588782839122, 0.5340113499905209, 0.680654391832694, 0.4621062204140496, 0.5194287337243984, 0.5069459354297369, 0.45499528930649946, 0.6408419088944471, 0.6702312364163107, 0.5777358785822894, 0.7728526032873866, 0.8141122185307273, 0.49836542760164393, 0.7362541271531062, 0.7880734905523227, 0.3641914603177108, 0.49266794005160663, 0.6377108701286497, 0.7177679550488137, 0.7464267143309311, 0.7344193179244903, 0.7916429739866794, 0.8148760217779184, 0.8721190269738697, 0.559849138253425, 0.6915238798941508, 0.7842714661393192, 0.5313219381457696, 0.5065711554430111, 0.5392838722032282, 0.5712052149974823, 0.6601086037631065, 0.7634826826005449, 0.689056619868655, 0.775417330666601, 0.7914397854349599, 0.5729245950679187, 0.6119293386996122, 0.7449922570929787, 0.5161667519295774, 0.5655750629372704, 0.5572722818484103, 0.556508222711981, 0.6400604858500926, 0.7481322124392944, 0.7561285189098723, 0.7033079507937285, 0.8493054932932187, 0.6293317636175888, 0.6855410705487162, 0.5852561605283261, 0.5063852609529562, 0.57841475075303, 0.5149515700284311, 0.5905810654940346, 0.66758296298799, 0.7547102187686909, 0.8248763271484253, 0.7877029204906899, 0.8417514377847812, 0.6735080754329055, 0.7774550242619218, 0.65615239438601, 0.5161308438577351, 0.5256874342012361, 0.5278357116111337, 0.5273695120539447, 0.6953195072516755, 0.6795513697306421, 0.7433948540636857, 0.8167904739587191, 0.8158356360084222, 0.5833081593785913, 0.6508006194218556, 0.812685791730416, 0.2728108747839336, 0.30435347868682616, 0.6073975730461953, 0.4533805631844217, 0.6162651983060271, 0.7233004845063833, 0.8135378770414078, 0.7838923996691658, 0.7807833722107528, 0.4760231699565524, 0.5956608698558611, 0.7174444295973731, 0.27522053522195405, 0.3129616639622679, 0.2828197038319122, 0.4316418679770776, 0.430922784266644, 0.4717646871820978, 0.503125598492475, 0.5268107189278054, 0.6660536503511084, 0.4426738510247087, 0.5117377224066743, 0.6274593460108846, 0.3515435769148434, 0.3263528824945374, 0.23546792470821684, 0.4087644185499944, 0.4385648655943629, 0.4891982265425841, 0.5419932192957803, 0.5842526817956296, 0.6973419531779178, 0.45141846068054053, 0.5720245324573556, 0.6548547179985381, 0.3154251350836381, 0.32038917179253074, 0.26092245063978037, 0.4416977568580362, 0.46281613777250385, 0.5158359443720647, 0.4978017992674735, 0.5860256541225812, 0.7087892626322944, 0.4325353950194692, 0.5329433648941535, 0.6530554951879725, 0.30633211995229226, 0.2961315846985481, 0.3125234563612733, 0.527988756286356, 0.5548782675820514, 0.6020121625876189, 0.5821294657760656, 0.660111430111964, 0.7144994003203756, 0.5030398564741347, 0.6062161248315681, 0.6522901265209627, 0.16003892295374272, 0.2437673117612898, 0.2833928382942391, 0.49571610447874087, 0.5562204871233406, 0.6029865554792657, 0.5550802928667742, 0.6459127834023108, 0.6770260653140308, 0.49413386254716596, 0.6015763339096513, 0.6017865391417354]","[0.4567068843151171, 0.4461497515968772, 0.6289034776437189, 0.5047019162526614, 0.5605926188786373, 0.5633427963094393, 0.5119765791341376, 0.6912704045422284, 0.5875621007806954, 0.28388928317955997, 0.2026259758694109, 0.24875798438608943, 0.437278211497516, 0.5207594038325053, 0.5974095102909864, 0.3969127040454222, 0.5367281760113555, 0.3577892122072392, 0.4735628105039035, 0.5150816181689141, 0.6224272533711852, 0.11825762952448543, 0.2600248403122782, 0.3066004258339248, 0.45448899929027675, 0.5301632363378282, 0.5418736692689851, 0.5065649396735272, 0.36772533711852373, 0.5219127040454222, 0.5397444996451383, 0.5180092264017033, 0.5651171043293115, 0.15250177430801987, 0.379790631653655, 0.244499645138396, 0.6064584811923349, 0.5444464158977997, 0.5721256210078068, 0.6297019162526615, 0.46052164655784233, 0.437721788502484, 0.475958126330731, 0.5639638041163946, 0.6024662881476224, 0.26561391057487577, 0.5092264017033357, 0.36444286728176006, 0.694819020581973, 0.6084989354151881, 0.5002661462029808, 0.44171398154719654, 0.48128105039034774, 0.47240951029098643, 0.4980482611781405, 0.30243080198722494, 0.29240596167494676, 0.298083747338538, 0.30961674946770756, 0.18843151171043293, 0.5361958836053938, 0.521735273243435, 0.6208303761533001, 0.7036905606813343, 0.6244677075940382, 0.5972320794889991, 0.6914478353442157, 0.7617991483321503, 0.7592264017033357, 0.13706529453513128, 0.4115507452093683, 0.42938254080908445, 0.5661816891412348, 0.5578424414478353, 0.6018452803406672, 0.6344038325053228, 0.6847054648687011, 0.6642122072391766, 0.8132540809084456, 0.697303051809794, 0.7704045422285307, 0.288679914833215, 0.4632718239886444, 0.009669978708303745, 0.5483498935415188, 0.5871185237757275, 0.6429205110007097, 0.6573811213626685, 0.6415897799858055, 0.6257097232079489, 0.772444996451384, 0.8165365507452094, 0.8089957416607522, 0.336763662171753, 0.40968772178850243, 0.4541341376863023, 0.6645670688431511, 0.5880943931866571, 0.5765613910574875, 0.650638750887154, 0.701206529453513, 0.5944819020581973, 0.6755677785663591, 0.6797374024130589, 0.7310149041873669, 0.477555003548616, 0.4690383250532292, 0.37553229240596164, 0.553317955997161, 0.5779808374733854, 0.39779985805535834, 0.6785841022001418, 0.5082505322924059, 0.4684173172462739, 0.7392654364797728, 0.549414478353442, 0.5608587650816181, 0.4584811923349893, 0.44712562100780695, 0.3380943931866572, 0.3819198012775017, 0.4428672817601135, 0.4591909155429382, 0.5143718949609651, 0.5711497515968771, 0.5110007097232079, 0.40196948190205817, 0.5358410220014194, 0.6049503193754436, 0.3223030518097941, 0.2372249822569198, 0.3652413058907026, 0.413679914833215, 0.42122072391767207, 0.4455287437899219, 0.4831440738112136, 0.5246628814762242, 0.5089602555003548, 0.48429737402413053, 0.5738999290276792, 0.6419446415897799, 0.3014549325762952, 0.4355039034776437, 0.4401171043293115, 0.3254080908445706, 0.43461674946770756, 0.44047196593328597, 0.5415188076650106, 0.551721078779276, 0.4641589779985805, 0.48891057487579836, 0.517831795599716, 0.6129347054648687, 0.3682576295244854, 0.5751419446415897, 0.5090489709013485, 0.30908445706174587, 0.3748225691980127, 0.39913058907026255, 0.4749822569198012, 0.5124201561391056, 0.4671753016323633, 0.5461320085166784, 0.5279453513129878, 0.5866749467707593, 0.3969127040454222, 0.3702093683463449, 0.453069552874379, 0.1010468417317246, 0.17716465578424412, 0.13706529453513128, 0.3475869410929737, 0.41900283889283174, 0.3775727466288148, 0.47675656493967344, 0.48323278921220725, 0.4444641589779985, 0.37429027679205107, 0.3369410929737402, 0.41101845280340665, 0.7061745919091554, 0.6317423704755145, 0.6284599006387508, 0.6744144783534421, 0.8514904187366927, 0.7105216465578424, 0.742193044712562, 0.759137686302342, 0.8238999290276792, 0.24751596877217885, 0.7528388928317956, 0.10415188076650103, 0.33561036195883603, 0.5345990063875088, 0.5967885024840311, 0.7328779276082327, 0.7246273953158267, 0.7311036195883605, 0.6640347764371893, 0.708303761533002, 0.7512420156139105, 0.6337828246983676, 0.7501774308019871, 0.1129347054648687, 0.27767920511000704, 0.5487047551454932, 0.5561568488289567, 0.7135379701916251, 0.7661462029808374, 0.6488644428672817, 0.6480660042583392, 0.6949964513839602, 0.7046664300922639, 0.7174414478353441, 0.7932931156848828, 0.14504968062455637, 0.5003548616039744, 0.7537260468417317, 0.727998580553584, 0.7408623136976579, 0.6775195173882186, 0.633694109297374, 0.6612845990063875, 0.8309971611071683, 0.8421753016323633, 0.9110184528034067, 0.9276082327892121, 0.2139815471965933, 0.2699609652235628, 0.2301277501774308, 0.16563165365507448, 0.4017920511000709, 0.27501774308019866, 0.1010468417317246, 0.16563165365507448, 0.20848119233498935, 0.2094570617459191, 0.21912704045422282, 0.2271114265436479, 0.2425479063165365, 0.6758339247693399, 0.49059616749467705, 0.5919091554293825, 0.6582682753726046, 0.7327004968062455, 0.746096522356281, 0.7352732434350603, 0.7588715400993612, 0.86124911284599, 0.613555713271824, 0.800124201561391, 0.9598119233498936, 0.6409687721788502, 0.5010645848119233, 0.6446061036195883, 0.6715755855216465, 0.7361603974449964, 0.7569198012775017, 0.7857523066004257, 0.7659687721788502, 0.8821859474804825, 0.6280163236337828, 0.4104861603974449, 0.983498935415188, 0.6169268985095813, 0.5723030518097941, 0.6467352732434349, 0.6666075230660041, 0.7498225691980127, 0.7999467707594037, 0.8029630943931866, 0.8493612491128459, 0.9013484740951028, 0.8281582682753726, 0.899219304471256, 0.9902413058907027, 0.37659687721788504, 0.6061036195883606, 0.5928850248403122, 0.6232256919801277, 0.6165720369056067, 0.686124911284599, 0.8449254790631652, 0.6535663591199432, 0.7574520936834634, 0.35849893541518807, 0.7893896380411638, 0.8113910574875799, 0.2016501064584812, 0.29524485450674237, 0.056777856635912005, 0.14886444286728173, 0.09448190205819729, 0.10415188076650103, 0.6599538679914833, 0.228708303761533, 0.11009581263307308, 0.03956706884315114, 0.11559616749467705, 0.10415188076650103, 0.21912704045422282, 0.2699609652235628, 0.19304471256210076, 0.2736870120652945, 0.5120652945351313, 0.5396557842441447, 0.24059616749467705, 0.5471965933286018, 0.480748757984386, 0.28903477643718944, 0.4545777146912703, 0.19854506742370476, 0.19198012775017742, 0.22001419446415893, 0.21309439318665718, 0.2578956706884315, 0.49228176011355573, 0.3739354151880766, 0.285929737402413, 0.6392831795599715, 0.665542938254081, 0.40933286018452797, 0.5413413768630234, 0.6509048970901348, 0.2431689141234918, 0.2620652945351312, 0.28513129879347054, 0.4619410929737402, 0.42893896380411634, 0.43931866572036904, 0.3135202271114265, 0.6424769339957417, 0.6196770759403831, 0.43355216465578417, 0.5513662171753015, 0.5918204400283888, 0.1952625975869411, 0.2103442157558552, 0.3652413058907026, 0.28708303761533, 0.422374024130589, 0.40968772178850243, 0.379790631653655, 0.6485095812633073, 0.5628992193044712, 0.5766501064584811, 0.7200141944641589, 0.7347409510290985, 0.08356990773598297, 0.30180979418026965, 0.051366217175301626, 0.19304471256210076, 0.35131298793470545, 0.42743080198722494, 0.42618878637331437, 0.5534066713981547, 0.29018807665010643, 0.17015613910574873, 0.43151171043293113, 0.2174414478353442, 0.1431866572036905, 0.5676011355571327, 0.6415897799858055, 0.3266501064584812, 0.5624556422995032, 0.8297551454932576, 0.7068843151171043, 0.6666962384669979, 0.9643364088005677, 0.9023243435060324, 0.7555890702625975, 0.8144073811213626, 0.32460965223562804, 0.5064762242725336, 0.6251774308019872, 0.3193754435770049, 0.613555713271824, 0.721611071682044, 0.6745031937544357, 0.8764194464158976, 0.8916784953867991, 0.49707239176721074, 0.5547374024130589, 0.6620830376153299, 0.383694109297374, 0.33330376153300206, 0.5399219304471256, 0.428584102200142, 0.6101845280340666, 0.6278388928317955, 0.6422995031937544, 0.5820617459190915, 0.8146735273243434, 0.4861603974449964, 0.5101135557132718, 0.7349183818310858, 0.4740063875088715, 0.5601490418736692, 0.39025904897090136, 0.46548970901348463, 0.5270581973030517, 0.7235628105039035, 0.5668026969481902, 0.6235805535841021, 0.7530163236337827, 0.40046132008516677, 0.5369943222143364, 0.6118701206529453, 0.6886089425124201, 0.578956706884315, 0.6207416607523065, 0.7781227821149752, 0.7312810503903477, 0.6682044002838893, 0.7765259048970901, 0.7570085166784952, 0.5739886444286727, 0.616749467707594, 0.7018275372604683, 0.6039744499645138, 0.4441980127750177, 0.5588183108587651, 0.4675301632363378, 0.8014549325762952, 0.7080376153300212, 0.8539744499645137, 0.6886089425124201, 0.659776437189496, 0.8139638041163946, 0.6560503903477642, 0.6500177430801987, 0.6485095812633073, 0.6149751596877218, 0.32097232079488996, 0.531582682753726, 0.6149751596877218, 0.5777146912704045, 0.6159510290986514, 0.6203867991483322, 0.7269339957416607, 0.6839957416607523, 0.6579134137686302, 0.5749645138396025, 0.5685770049680624, 0.5056777856635911, 0.475514549325763, 0.6201206529453512, 0.7892122072391767, 0.5754080908445706, 0.6923349893541518, 0.8932753726046843, 0.7202803406671398, 0.8372959545777147, 0.6691802696948189, 0.6815117104329311, 0.6203867991483322, 0.5687544357700496, 0.6173704755145493, 0.6544535131298793, 0.8466997870830376, 0.7759936124911284, 0.8081973030518097, 1.0, 0.8986870120652946, 0.9382540809084456, 0.6996983676366217, 0.744056068133428, 0.7518630234208658, 0.7389105748757985, 0.7057310149041873, 0.650195173882186, 0.7697835344215754, 0.7078601845280339, 0.7654364797728885, 0.7514194464158978, 0.6740596167494677, 0.673970901348474, 0.6333392476933994, 0.6036195883605393, 0.6145315826827537, 0.27324343506032645, 0.35424059616749465, 0.18727821149751595, 0.32735982966643007, 0.45120652945351314, 0.48154719659332856, 0.5756742370475514, 0.4353264726756565, 0.6346699787083037, 0.4957416607523065, 0.5036373314407381, 0.5449787083037615, 0.2680979418026969, 0.29018807665010643, 0.18603619588360537, 0.46007806955287434, 0.47826472675656484, 0.4383427963094393, 0.3581440738112136, 0.513041163946061, 0.6069907735982967, 0.38875088715400985, 0.5285663591199432, 0.5175656493967352, 0.1129347054648687, 0.2372249822569198, 0.2372249822569198, 0.397444996451384, 0.5011533002129169, 0.620652945351313, 0.42441447835344215, 0.5322036905606813, 0.6555180979418026, 0.36949964513839595, 0.5215578424414478, 0.5451561391057487, 0.1431866572036905, 0.3040276792051099, 0.17973740241305886, 0.4493435060326473, 0.5832150461320085, 0.6917139815471965, 0.7543470546486869, 0.7224095102909865, 0.7512420156139105, 0.7013839602555003, 0.6512597586941091, 0.6579134137686302, 0.516234918381831, 0.510290986515259, 0.27767920511000704, 0.6472675656493966, 0.6416784953867991, 0.6758339247693399, 0.5644960965223562, 0.6127572746628814, 0.6516146202980837, 0.5455997161107168, 0.6865684882895671, 0.7438786373314407, 0.43310858765081606, 0.5237757274662881, 0.7231192334989354, 0.08356990773598297, 0.485095812633073, 0.5784244144783534, 0.2066181689141235, 0.4294712562100781, 0.8113023420865861, 0.16092973740241306, 0.38289567068843144, 0.3975337118523775, 0.6086763662171754, 0.650372604684173, 0.57735982966643, 0.06183463449254789, 0.5761178140525195, 0.7792760823278921, 0.5896025550035486, 0.42902767920511, 0.8259403832505322, 0.2562100780695528, 0.49724982256919803, 0.5944819020581973, 0.6014904187366926, 0.6065471965933286, 0.7154009936124911, 0.07966643009226401, 0.5994499645138395, 0.7927608232789212, 0.43763307310149036, 0.42547906316536543, 0.8427075940383251, 0.20058552164655785, 0.5420511000709723, 0.879347054648687, 0.638041163946061, 0.7186834634492548, 0.7052874378992192, 0.24937899219304466, 0.6968594748048261, 0.6745031937544357, 0.7845102909865151, 0.8540631653655074, 0.8530872959545776, 0.39371894960965215, 0.6052164655784242, 0.8615152590489709, 0.781582682753726, 0.803317955997161, 0.7467175301632363, 0.2337650816181689, 0.8566359119943222, 0.8319730305180979, 0.9456174591909154, 0.8651525904897089, 0.927430801987225, 0.8749112845990064, 0.9010823278921221, 0.8162704045422285, 0.6056600425833925, 0.6069907735982967, 0.6427430801987224, 0.09448190205819729, 0.5474627395315826, 0.6667849538679914, 0.7782114975159687, 0.6982789212207239, 0.7690738112136266, 0.5353974449964514, 0.579666430092264, 0.7928495386799147, 0.6308552164655784, 0.643097941802697, 0.6193222143364088, 0.6416784953867991, 0.6011355571327182, 0.6226046841731725, 0.7812278211497514, 0.7146025550035485, 0.8329488999290275, 0.5103797019162526, 0.7024485450674236, 0.7971078779276081, 0.5829488999290277, 0.6200319375443577, 0.666873669268985, 0.6216288147622426, 0.5944819020581973, 0.770581973030518, 0.752040454222853, 0.7603797019162526, 0.8479418026969481, 0.5417849538679914, 0.7695173882185946, 0.15933286018452802, 0.6865684882895671, 0.7621540099361248, 0.7610007097232079, 0.7933818310858765, 0.7468949609652236, 0.787526614620298, 0.8667494677075939, 0.841820440028389, 0.7916075230660042, 0.7513307310149041, 0.8216820440028388, 0.8047374024130588, 0.6457594038325053, 0.8224804826117814, 0.8483853797019162, 0.8868878637331439, 0.9008161816891411, 0.8582327892122071, 0.8915897799858055, 0.8621362668559261, 0.8866217175301632, 0.8531760113555713, 0.8188431511710432, 0.8066004258339248, 0.5428495386799148, 0.4165188076650106, 0.34377217885024836, 0.7423704755145493, 0.4729418026969482, 0.3663058907026259, 0.6532114975159686, 0.6753903477643718, 0.6344038325053228, 0.44845635202271106, 0.6080553584102198, 0.7838005677785663, 0.5233321504613201, 0.42725337118523765, 0.24937899219304466, 0.7005855216465579, 0.603442157558552, 0.5603264726756564, 0.6828424414478352, 0.6742370475514549, 0.6650106458481192, 0.5519872249822569, 0.6060149041873668, 0.6443399574166074, 0.5001774308019872, 0.3894606103619588, 0.19854506742370476, 0.6563165365507451, 0.6222498225691979, 0.6705997161107167, 0.6724627395315826, 0.6717530163236336, 0.6303229240596168, 0.5353974449964514, 0.4277856635911994, 0.672817601135557, 0.5547374024130589, 0.46185237757274666, 0.17973740241305886, 0.714957416607523, 0.6108055358410219, 0.5412526614620298, 0.735095812633073, 0.6568488289567068, 0.6743257629524485, 0.5045244854506742, 0.6262420156139105, 0.790986515259049, 0.4418914123491837, 0.44623846699787084, 0.056777856635912005, 0.5661816891412348, 0.6142654364797728, 0.7489354151880766, 0.6510823278921221, 0.6564052519517387, 0.6585344215755855, 0.6123136976579133, 0.768985095812633, 0.8237224982256919, 0.045688431511710426, 0.3948722498225691, 0.284332860184528, 0.18603619588360537, 0.3654187366926898, 0.3126330731014904, 0.5062100780695529, 0.3223030518097941, 0.4104861603974449, 0.5770936834634492, 0.4902413058907026, 0.3030518097941803, 0.32514194464158974, 0.38289567068843144, 0.309971611071682, 0.2139815471965933, 0.3948722498225691, 0.5120652945351313, 0.3689673527324343, 0.4909510290986515, 0.29018807665010643, 0.4820794889992902, 0.6448722498225692, 0.5943931866572035, 0.27856635911994315, 0.44393186657203687, 0.1757452093683463, 0.3030518097941803, 0.3497161107168204, 0.2174414478353442, 0.42352732434350604, 0.4103087295954577, 0.5046132008516678, 0.4255677785663591, 0.57735982966643, 0.6711320085166784, 0.22001419446415893, 0.37384669978708307, 0.5086053938963804, 0.32709368346344925, 0.5015081618168913, 0.5617459190915542, 0.741039744499645, 0.7733321504613201, 0.8132540809084456, 0.755234208658623, 0.75958126330731, 0.795067423704755, 0.5928850248403122, 0.6815117104329311, 0.6650993612491127, 0.8157381121362668, 0.7631298793470546, 0.7345635202271114, 0.8227466288147621, 0.8061568488289567, 0.7720014194464159, 0.8610716820440028, 0.8391589779985804, 0.8106813342796308, 0.40436479772888567, 0.3391589779985806, 0.4198012775017743, 0.518541518807665, 0.5021291696238467, 0.5463981547196592, 0.5721256210078068, 0.7458303761533002, 0.7257806955287437, 0.6950851667849539, 0.6682931156848828, 0.8011000709723206, 0.3030518097941803, 0.3549503193754436, 0.3921220723917672, 0.4628282469836763, 0.4963626685592618, 0.5878282469836763, 0.592707594038325, 0.6602200141944641, 0.7590489709013484, 0.6763662171753017, 0.7638396025550034, 0.7076827537260468, 0.3531760113555713, 0.46265081618168913, 0.4316004258339248, 0.5985628105039034, 0.5946593328601845, 0.6194109297374023, 0.7167317246273953, 0.7852200141944642, 0.7392654364797728, 0.785929737402413, 0.8950496806245565, 0.737136266855926, 0.40046132008516677, 0.4284066713981547, 0.5468417317246274, 0.5588183108587651, 0.5601490418736692, 0.6315649396735272, 0.7490241305890701, 0.666873669268985, 0.7400638750887154, 0.7162881476224272, 0.7580731014904186, 0.7707594038325053, 0.5399219304471256, 0.663679914833215, 0.6666962384669979, 0.8448367636621716, 0.8081973030518097, 0.7058197303051809, 0.7018275372604683, 0.7857523066004257, 0.7493789921930446, 0.69597232079489, 0.8136976579134138, 0.8341022001419445, 0.1431866572036905, 0.18727821149751595, 0.23589425124201557, 0.34297374024130584, 0.3317068843151171, 0.36293470546486867, 0.37012065294535124, 0.43506032647267556, 0.5844570617459189, 0.2671220723917672, 0.48199077359829656, 0.7155784244144784, 0.06183463449254789, 0.21664300922640167, 0.20360184528034064, 0.3431511710432931, 0.34235273243435055, 0.3610716820440028, 0.480748757984386, 0.45768275372604683, 0.6322746628814763, 0.3776614620298083, 0.5037260468417317, 0.6507274662881476, 0.045688431511710426, 0.22081263307310145, 0.24378992193044713, 0.32070617459190914, 0.3622249822569198, 0.4345280340667139, 0.38963804116394607, 0.5013307310149041, 0.596344925479063, 0.35220014194464155, 0.5115330021291695, 0.6765436479772887, 0.11825762952448543, 0.23163591199432215, 0.32904542228530864, 0.5353087295954577, 0.5467530163236337, 0.6201206529453512, 0.5868523775727466, 0.6575585521646558, 0.6954400283889283, 0.48110361958836045, 0.6014904187366926, 0.7665897799858055, 0.49228176011355573, 0.3491838183108587, 0.5404542228530872, 0.6321859474804825, 0.6722853087295954, 0.6962384669978708, 0.5508339247693399, 0.6392831795599715, 0.6979240596167495, 0.5292760823278921, 0.6803584102200142, 0.8058907026259757, 0.3488289567068843, 0.46247338537970184, 0.36772533711852373, 0.3448367636621717, 0.3855571327182399, 0.1757452093683463, 0.49929027679205107, 0.5487047551454932, 0.5969659332860183, 0.32336763662171747, 0.3778388928317956, 0.6254435770049681, 0.28388928317955997, 0.37127395315826817, 0.41687366926898506, 0.22081263307310145, 0.24636266855926187, 0.27856635911994315, 0.49946770759403825, 0.4204222853087295, 0.5837473385379701, 0.06183463449254789, 0.41749467707594035, 0.5418736692689851, 0.4262775017743079, 0.4007274662881476, 0.45058552164655774, 0.24192689850958127, 0.21912704045422282, 0.4952093683463449, 0.5314052519517388, 0.5708836053938963, 0.6064584811923349, 0.228708303761533, 0.5542051100070972, 0.649041873669269, 0.48199077359829656, 0.5294535131298793, 0.5416075230660042, 0.382097232079489, 0.6164833215046132, 0.541430092264017, 0.50319375443577, 0.718417317246274, 0.7046664300922639, 0.1952625975869411, 0.18967352732434345, 0.7865507452093683, 0.11009581263307308, 0.3826295244854506, 0.39114620298083747, 0.25514549325762953, 0.46052164655784233, 0.4020581973030518, 0.11559616749467705, 0.35353087295954577, 0.4202448545067423, 0.0, 0.40773598296664293, 0.477998580553584, 0.5306068133427962, 0.5495031937544357, 0.5190738112136266, 0.5212029808374733, 0.5793115684882895, 0.6271291696238467, 0.6126685592618879, 0.6711320085166784, 0.7264904187366926, 0.3583215046132008, 0.45706174591909154, 0.7077714691270404, 0.5065649396735272, 0.5455110007097231, 0.45422285308729593, 0.5735450674237047, 0.4690383250532292, 0.6133782824698367, 0.6524130589070262, 0.6747693399574165, 0.730748757984386, 0.5131298793470546, 0.5068310858765082, 0.5964336408800568, 0.3360539389638041, 0.502484031227821, 0.43781050390347753, 0.5136621717530163, 0.5166784953867991, 0.6334279630943932, 0.6175479063165366, 0.6665188076650106, 0.7548793470546487, 0.4502306600425834, 0.5839247693399574, 0.6462029808374734, 0.43239886444286724, 0.5078069552874379, 0.4902413058907026, 0.5001774308019872, 0.6918026969481902, 0.7355393896380411, 0.7206352022711141, 0.815915542938254, 0.734652235628105, 0.5135734563520227, 0.7535486160397444, 0.678761533002129, 0.18488289567068844, 0.2984386089425124, 0.34457061745919093, 0.19198012775017742, 0.3654187366926898, 0.5210255500354861, 0.22400638750887153, 0.44091554293825397, 0.4513839602555003, 0.16864797728885733, 0.5039034776437189, 0.5929737402413058, 0.2818488289567068, 0.42051100070972314, 0.3953158268275373, 0.5362845990063875, 0.5159687721788502, 0.4751596877217884, 0.5141057487579843, 0.6145315826827537, 0.6320085166784953, 0.20058552164655785, 0.37686302342086586, 0.5892476933995741, 0.36648332150461316, 0.44393186657203687, 0.40383250532292403, 0.533179559971611, 0.5396557842441447, 0.47374024130589065, 0.5161462029808374, 0.6161284599006387, 0.630234208658623, 0.23092618878637328, 0.4418914123491837, 0.6303229240596168, 0.375, 0.437721788502484, 0.3805890702625976, 0.5285663591199432, 0.549680624556423, 0.47329666430092254, 0.49192689850958116, 0.6421220723917671, 0.6955287437899218, 0.31112491128459896, 0.49707239176721074, 0.6682931156848828, 0.22640170333569903, 0.4330198722498225, 0.3873314407381121, 0.6152413058907026, 0.575319375443577, 0.5261710432931156, 0.5762065294535131, 0.7347409510290985, 0.7042228530872959, 0.46486870120652946, 0.5454222853087295, 0.6626153300212916, 0.0003548616039744379, 0.03956706884315114, 0.09448190205819729, 0.0, 0.2814939673527324, 0.4294712562100781, 0.10716820440028388, 0.2912526614620298, 0.4345280340667139, 0.23092618878637328, 0.38378282469836755, 0.6062810503903476]",[0.16 0.01 0.15 ... 0.26 0.22 0.  ],0.154677642938133,0.136133110062561,0.3207431175955053,0.31617967337487707
