,Helper_lipid,P_charged_centers,N_charged_centers,cLogP,cTPSA,Hbond_D,Hbond_A,Total_Carbon_Tails,Double_bonds,NP_ratio,Dlin-MC3_Helper lipid_ratio,Dlin-MC3+Helper lipid percentage,Chol_DMG-PEG_ratio,Cell_Type,Scaled_Predicted_Values,RLU_Predicted_Values
0,18PG,0.0,1.0,9.3028,149.0,3.0,10.0,36.0,1.0,5,5,30,25,HEK293,0.1450308186474528,2.9236100000000085
1,18PG,0.0,1.0,9.3028,149.0,3.0,10.0,36.0,1.0,5,5,30,50,HEK293,0.1450308186474528,2.9236100000000085
2,18PG,0.0,1.0,9.3028,149.0,3.0,10.0,36.0,1.0,5,5,30,75,HEK293,0.2519270335966654,4.154947499999988
3,18PG,0.0,1.0,9.3028,149.0,3.0,10.0,36.0,1.0,5,5,30,200,HEK293,0.2519270335966654,4.154947499999988
4,18PG,0.0,1.0,9.3028,149.0,3.0,10.0,36.0,1.0,5,5,30,300,HEK293,0.2550410191856922,4.190817499999988
5,18PG,0.0,1.0,9.3028,149.0,3.0,10.0,36.0,1.0,5,5,30,400,HEK293,0.2949036374685298,4.649994999999994
6,18PG,0.0,1.0,9.3028,149.0,3.0,10.0,36.0,1.0,5,5,50,25,HEK293,0.2588709957461592,4.234935000000007
7,18PG,0.0,1.0,9.3028,149.0,3.0,10.0,36.0,1.0,5,5,50,50,HEK293,0.2588709957461592,4.234935000000007
8,18PG,0.0,1.0,9.3028,149.0,3.0,10.0,36.0,1.0,5,5,50,75,HEK293,0.25490038197760145,4.189197499999991
9,18PG,0.0,1.0,9.3028,149.0,3.0,10.0,36.0,1.0,5,5,50,200,HEK293,0.25490038197760145,4.189197499999991
10,18PG,0.0,1.0,9.3028,149.0,3.0,10.0,36.0,1.0,5,5,50,300,HEK293,0.25694309401857723,4.212727499999991
17,18PG,0.0,1.0,9.3028,149.0,3.0,10.0,36.0,1.0,5,5,70,400,HEK293,0.26399101484503995,4.2939125000000145
18,18PG,0.0,1.0,9.3028,149.0,3.0,10.0,36.0,1.0,5,30,30,25,HEK293,0.22945872037503323,3.8961350000000072
19,18PG,0.0,1.0,9.3028,149.0,3.0,10.0,36.0,1.0,5,30,30,50,HEK293,0.22945872037503323,3.8961350000000072
36,18PG,0.0,1.0,9.3028,149.0,3.0,10.0,36.0,1.0,5,75,30,25,HEK293,0.2575442746766221,4.219652500000009
37,18PG,0.0,1.0,9.3028,149.0,3.0,10.0,36.0,1.0,5,75,30,50,HEK293,0.2575442746766221,4.219652500000009
54,18PG,0.0,1.0,9.3028,149.0,3.0,10.0,36.0,1.0,5,125,30,25,HEK293,0.23046141158086705,3.9076850000000074
55,18PG,0.0,1.0,9.3028,149.0,3.0,10.0,36.0,1.0,5,125,30,50,HEK293,0.23046141158086705,3.9076850000000074
72,18PG,0.0,1.0,9.3028,149.0,3.0,10.0,36.0,1.0,5,150,30,25,HEK293,0.22875575136730686,3.8880375000000074
73,18PG,0.0,1.0,9.3028,149.0,3.0,10.0,36.0,1.0,5,150,30,50,HEK293,0.22875575136730686,3.8880375000000074
90,18PG,0.0,1.0,9.3028,149.0,3.0,10.0,36.0,1.0,5,175,30,25,HEK293,0.24573639204792233,4.083637500000017
91,18PG,0.0,1.0,9.3028,149.0,3.0,10.0,36.0,1.0,5,175,30,50,HEK293,0.24573639204792233,4.083637500000017
102,18PG,0.0,1.0,9.3028,149.0,3.0,10.0,36.0,1.0,5,175,70,25,HEK293,0.2934484330236996,4.633232499999996
103,18PG,0.0,1.0,9.3028,149.0,3.0,10.0,36.0,1.0,5,175,70,50,HEK293,0.2934484330236996,4.633232499999996
108,18PG,0.0,1.0,9.3028,149.0,3.0,10.0,36.0,1.0,6,5,30,25,HEK293,0.1450308186474528,2.9236100000000085
109,18PG,0.0,1.0,9.3028,149.0,3.0,10.0,36.0,1.0,6,5,30,50,HEK293,0.1450308186474528,2.9236100000000085
110,18PG,0.0,1.0,9.3028,149.0,3.0,10.0,36.0,1.0,6,5,30,75,HEK293,0.2519270335966654,4.154947499999988
111,18PG,0.0,1.0,9.3028,149.0,3.0,10.0,36.0,1.0,6,5,30,200,HEK293,0.2519270335966654,4.154947499999988
112,18PG,0.0,1.0,9.3028,149.0,3.0,10.0,36.0,1.0,6,5,30,300,HEK293,0.2550410191856922,4.190817499999988
113,18PG,0.0,1.0,9.3028,149.0,3.0,10.0,36.0,1.0,6,5,30,400,HEK293,0.2949036374685298,4.649994999999994
114,18PG,0.0,1.0,9.3028,149.0,3.0,10.0,36.0,1.0,6,5,50,25,HEK293,0.2588709957461592,4.234935000000007
115,18PG,0.0,1.0,9.3028,149.0,3.0,10.0,36.0,1.0,6,5,50,50,HEK293,0.2588709957461592,4.234935000000007
116,18PG,0.0,1.0,9.3028,149.0,3.0,10.0,36.0,1.0,6,5,50,75,HEK293,0.25490038197760145,4.189197499999991
117,18PG,0.0,1.0,9.3028,149.0,3.0,10.0,36.0,1.0,6,5,50,200,HEK293,0.25490038197760145,4.189197499999991
118,18PG,0.0,1.0,9.3028,149.0,3.0,10.0,36.0,1.0,6,5,50,300,HEK293,0.25694309401857723,4.212727499999991
125,18PG,0.0,1.0,9.3028,149.0,3.0,10.0,36.0,1.0,6,5,70,400,HEK293,0.26399101484503995,4.2939125000000145
126,18PG,0.0,1.0,9.3028,149.0,3.0,10.0,36.0,1.0,6,30,30,25,HEK293,0.22945872037503323,3.8961350000000072
127,18PG,0.0,1.0,9.3028,149.0,3.0,10.0,36.0,1.0,6,30,30,50,HEK293,0.22945872037503323,3.8961350000000072
144,18PG,0.0,1.0,9.3028,149.0,3.0,10.0,36.0,1.0,6,75,30,25,HEK293,0.2575442746766221,4.219652500000009
145,18PG,0.0,1.0,9.3028,149.0,3.0,10.0,36.0,1.0,6,75,30,50,HEK293,0.2575442746766221,4.219652500000009
162,18PG,0.0,1.0,9.3028,149.0,3.0,10.0,36.0,1.0,6,125,30,25,HEK293,0.23046141158086705,3.9076850000000074
163,18PG,0.0,1.0,9.3028,149.0,3.0,10.0,36.0,1.0,6,125,30,50,HEK293,0.23046141158086705,3.9076850000000074
180,18PG,0.0,1.0,9.3028,149.0,3.0,10.0,36.0,1.0,6,150,30,25,HEK293,0.22875575136730686,3.8880375000000074
181,18PG,0.0,1.0,9.3028,149.0,3.0,10.0,36.0,1.0,6,150,30,50,HEK293,0.22875575136730686,3.8880375000000074
198,18PG,0.0,1.0,9.3028,149.0,3.0,10.0,36.0,1.0,6,175,30,25,HEK293,0.24573639204792233,4.083637500000017
199,18PG,0.0,1.0,9.3028,149.0,3.0,10.0,36.0,1.0,6,175,30,50,HEK293,0.24573639204792233,4.083637500000017
210,18PG,0.0,1.0,9.3028,149.0,3.0,10.0,36.0,1.0,6,175,70,25,HEK293,0.2934484330236996,4.633232499999996
211,18PG,0.0,1.0,9.3028,149.0,3.0,10.0,36.0,1.0,6,175,70,50,HEK293,0.2934484330236996,4.633232499999996
216,18PG,0.0,1.0,9.3028,149.0,3.0,10.0,36.0,1.0,7,5,30,25,HEK293,0.26794426599531224,4.339450000000001
217,18PG,0.0,1.0,9.3028,149.0,3.0,10.0,36.0,1.0,7,5,30,50,HEK293,0.26794426599531224,4.339450000000001
218,18PG,0.0,1.0,9.3028,149.0,3.0,10.0,36.0,1.0,7,5,30,75,HEK293,0.2993530254362345,4.701247499999985
219,18PG,0.0,1.0,9.3028,149.0,3.0,10.0,36.0,1.0,7,5,30,200,HEK293,0.2993530254362345,4.701247499999985
220,18PG,0.0,1.0,9.3028,149.0,3.0,10.0,36.0,1.0,7,5,30,300,HEK293,0.298174971785744,4.687677499999984
221,18PG,0.0,1.0,9.3028,149.0,3.0,10.0,36.0,1.0,7,5,30,400,HEK293,0.2829557687299234,4.512367499999987
224,18PG,0.0,1.0,9.3028,149.0,3.0,10.0,36.0,1.0,7,5,50,75,HEK293,0.18454944005556015,3.3788249999999973
225,18PG,0.0,1.0,9.3028,149.0,3.0,10.0,36.0,1.0,7,5,50,200,HEK293,0.18454944005556015,3.3788249999999973
226,18PG,0.0,1.0,9.3028,149.0,3.0,10.0,36.0,1.0,7,5,50,300,HEK293,0.18325722718986004,3.3639399999999973
230,18PG,0.0,1.0,9.3028,149.0,3.0,10.0,36.0,1.0,7,5,70,75,HEK293,0.2754935324246881,4.426409999999982
231,18PG,0.0,1.0,9.3028,149.0,3.0,10.0,36.0,1.0,7,5,70,200,HEK293,0.2754935324246881,4.426409999999982
232,18PG,0.0,1.0,9.3028,149.0,3.0,10.0,36.0,1.0,7,5,70,300,HEK293,0.27236522267557794,4.390374999999982
233,18PG,0.0,1.0,9.3028,149.0,3.0,10.0,36.0,1.0,7,5,70,400,HEK293,0.2641236218421729,4.2954399999999895
234,18PG,0.0,1.0,9.3028,149.0,3.0,10.0,36.0,1.0,7,30,30,25,HEK293,0.2583442573140026,4.228867499999995
235,18PG,0.0,1.0,9.3028,149.0,3.0,10.0,36.0,1.0,7,30,30,50,HEK293,0.2583442573140026,4.228867499999995
252,18PG,0.0,1.0,9.3028,149.0,3.0,10.0,36.0,1.0,7,75,30,25,HEK293,0.2760851636426767,4.433224999999992
253,18PG,0.0,1.0,9.3028,149.0,3.0,10.0,36.0,1.0,7,75,30,50,HEK293,0.2760851636426767,4.433224999999992
270,18PG,0.0,1.0,9.3028,149.0,3.0,10.0,36.0,1.0,7,125,30,25,HEK293,0.254260135428423,4.181822500000004
271,18PG,0.0,1.0,9.3028,149.0,3.0,10.0,36.0,1.0,7,125,30,50,HEK293,0.254260135428423,4.181822500000004
288,18PG,0.0,1.0,9.3028,149.0,3.0,10.0,36.0,1.0,7,150,30,25,HEK293,0.2542675145411932,4.181907500000004
289,18PG,0.0,1.0,9.3028,149.0,3.0,10.0,36.0,1.0,7,150,30,50,HEK293,0.2542675145411932,4.181907500000004
306,18PG,0.0,1.0,9.3028,149.0,3.0,10.0,36.0,1.0,7,175,30,25,HEK293,0.28118326243597574,4.491950000000004
307,18PG,0.0,1.0,9.3028,149.0,3.0,10.0,36.0,1.0,7,175,30,50,HEK293,0.28118326243597574,4.491950000000004
324,18PG,0.0,1.0,9.3028,149.0,3.0,10.0,36.0,1.0,9,5,30,25,HEK293,0.26645932806667255,4.322345
325,18PG,0.0,1.0,9.3028,149.0,3.0,10.0,36.0,1.0,9,5,30,50,HEK293,0.26645932806667255,4.322345
326,18PG,0.0,1.0,9.3028,149.0,3.0,10.0,36.0,1.0,9,5,30,75,HEK293,0.2945707092629556,4.646159999999985
327,18PG,0.0,1.0,9.3028,149.0,3.0,10.0,36.0,1.0,9,5,30,200,HEK293,0.2945707092629556,4.646159999999985
328,18PG,0.0,1.0,9.3028,149.0,3.0,10.0,36.0,1.0,9,5,30,300,HEK293,0.2929366698498121,4.627337499999985
329,18PG,0.0,1.0,9.3028,149.0,3.0,10.0,36.0,1.0,9,5,30,400,HEK293,0.28010591197152424,4.479539999999987
332,18PG,0.0,1.0,9.3028,149.0,3.0,10.0,36.0,1.0,9,5,50,75,HEK293,0.18363942182481097,3.368342499999997
333,18PG,0.0,1.0,9.3028,149.0,3.0,10.0,36.0,1.0,9,5,50,200,HEK293,0.18363942182481097,3.368342499999997
334,18PG,0.0,1.0,9.3028,149.0,3.0,10.0,36.0,1.0,9,5,50,300,HEK293,0.18234720895911086,3.353457499999998
335,18PG,0.0,1.0,9.3028,149.0,3.0,10.0,36.0,1.0,9,5,50,400,HEK293,0.29746918135254885,4.67954750000001
338,18PG,0.0,1.0,9.3028,149.0,3.0,10.0,36.0,1.0,9,5,70,75,HEK293,0.2638375727059626,4.292144999999983
339,18PG,0.0,1.0,9.3028,149.0,3.0,10.0,36.0,1.0,9,5,70,200,HEK293,0.2638375727059626,4.292144999999983
340,18PG,0.0,1.0,9.3028,149.0,3.0,10.0,36.0,1.0,9,5,70,300,HEK293,0.2605117631738852,4.253834999999983
341,18PG,0.0,1.0,9.3028,149.0,3.0,10.0,36.0,1.0,9,5,70,400,HEK293,0.2645961020921945,4.300882499999988
342,18PG,0.0,1.0,9.3028,149.0,3.0,10.0,36.0,1.0,9,30,30,25,HEK293,0.2638527649969611,4.292319999999994
343,18PG,0.0,1.0,9.3028,149.0,3.0,10.0,36.0,1.0,9,30,30,50,HEK293,0.2638527649969611,4.292319999999994
360,18PG,0.0,1.0,9.3028,149.0,3.0,10.0,36.0,1.0,9,75,30,25,HEK293,0.27765409323725954,4.451297499999992
361,18PG,0.0,1.0,9.3028,149.0,3.0,10.0,36.0,1.0,9,75,30,50,HEK293,0.27765409323725954,4.451297499999992
378,18PG,0.0,1.0,9.3028,149.0,3.0,10.0,36.0,1.0,9,125,30,25,HEK293,0.2548335358972137,4.188427500000004
379,18PG,0.0,1.0,9.3028,149.0,3.0,10.0,36.0,1.0,9,125,30,50,HEK293,0.2548335358972137,4.188427500000004
396,18PG,0.0,1.0,9.3028,149.0,3.0,10.0,36.0,1.0,9,150,30,25,HEK293,0.2548409150099839,4.188512500000004
397,18PG,0.0,1.0,9.3028,149.0,3.0,10.0,36.0,1.0,9,150,30,50,HEK293,0.2548409150099839,4.188512500000004
414,18PG,0.0,1.0,9.3028,149.0,3.0,10.0,36.0,1.0,9,175,30,25,HEK293,0.2813957374772119,4.494397500000003
415,18PG,0.0,1.0,9.3028,149.0,3.0,10.0,36.0,1.0,9,175,30,50,HEK293,0.2813957374772119,4.494397500000003
432,18PG,0.0,1.0,9.3028,149.0,3.0,10.0,36.0,1.0,10,5,30,25,HEK293,0.26645932806667255,4.322345
433,18PG,0.0,1.0,9.3028,149.0,3.0,10.0,36.0,1.0,10,5,30,50,HEK293,0.26645932806667255,4.322345
434,18PG,0.0,1.0,9.3028,149.0,3.0,10.0,36.0,1.0,10,5,30,75,HEK293,0.2945707092629556,4.646159999999985
435,18PG,0.0,1.0,9.3028,149.0,3.0,10.0,36.0,1.0,10,5,30,200,HEK293,0.2945707092629556,4.646159999999985
436,18PG,0.0,1.0,9.3028,149.0,3.0,10.0,36.0,1.0,10,5,30,300,HEK293,0.2929366698498121,4.627337499999985
437,18PG,0.0,1.0,9.3028,149.0,3.0,10.0,36.0,1.0,10,5,30,400,HEK293,0.28010591197152424,4.479539999999987
440,18PG,0.0,1.0,9.3028,149.0,3.0,10.0,36.0,1.0,10,5,50,75,HEK293,0.18363942182481097,3.368342499999997
441,18PG,0.0,1.0,9.3028,149.0,3.0,10.0,36.0,1.0,10,5,50,200,HEK293,0.18363942182481097,3.368342499999997
442,18PG,0.0,1.0,9.3028,149.0,3.0,10.0,36.0,1.0,10,5,50,300,HEK293,0.18234720895911086,3.353457499999998
443,18PG,0.0,1.0,9.3028,149.0,3.0,10.0,36.0,1.0,10,5,50,400,HEK293,0.29746918135254885,4.67954750000001
446,18PG,0.0,1.0,9.3028,149.0,3.0,10.0,36.0,1.0,10,5,70,75,HEK293,0.2638375727059626,4.292144999999983
447,18PG,0.0,1.0,9.3028,149.0,3.0,10.0,36.0,1.0,10,5,70,200,HEK293,0.2638375727059626,4.292144999999983
448,18PG,0.0,1.0,9.3028,149.0,3.0,10.0,36.0,1.0,10,5,70,300,HEK293,0.2605117631738852,4.253834999999983
449,18PG,0.0,1.0,9.3028,149.0,3.0,10.0,36.0,1.0,10,5,70,400,HEK293,0.2645961020921945,4.300882499999988
450,18PG,0.0,1.0,9.3028,149.0,3.0,10.0,36.0,1.0,10,30,30,25,HEK293,0.2638527649969611,4.292319999999994
451,18PG,0.0,1.0,9.3028,149.0,3.0,10.0,36.0,1.0,10,30,30,50,HEK293,0.2638527649969611,4.292319999999994
468,18PG,0.0,1.0,9.3028,149.0,3.0,10.0,36.0,1.0,10,75,30,25,HEK293,0.27765409323725954,4.451297499999992
469,18PG,0.0,1.0,9.3028,149.0,3.0,10.0,36.0,1.0,10,75,30,50,HEK293,0.27765409323725954,4.451297499999992
486,18PG,0.0,1.0,9.3028,149.0,3.0,10.0,36.0,1.0,10,125,30,25,HEK293,0.2548335358972137,4.188427500000004
487,18PG,0.0,1.0,9.3028,149.0,3.0,10.0,36.0,1.0,10,125,30,50,HEK293,0.2548335358972137,4.188427500000004
504,18PG,0.0,1.0,9.3028,149.0,3.0,10.0,36.0,1.0,10,150,30,25,HEK293,0.2548409150099839,4.188512500000004
505,18PG,0.0,1.0,9.3028,149.0,3.0,10.0,36.0,1.0,10,150,30,50,HEK293,0.2548409150099839,4.188512500000004
522,18PG,0.0,1.0,9.3028,149.0,3.0,10.0,36.0,1.0,10,175,30,25,HEK293,0.2813957374772119,4.494397500000003
523,18PG,0.0,1.0,9.3028,149.0,3.0,10.0,36.0,1.0,10,175,30,50,HEK293,0.2813957374772119,4.494397500000003
540,18PG,0.0,1.0,9.3028,149.0,3.0,10.0,36.0,1.0,11,5,30,25,HEK293,0.16083818039760392,3.1056949999999994
541,18PG,0.0,1.0,9.3028,149.0,3.0,10.0,36.0,1.0,11,5,30,50,HEK293,0.16083818039760392,3.1056949999999994
542,18PG,0.0,1.0,9.3028,149.0,3.0,10.0,36.0,1.0,11,5,30,75,HEK293,0.16164901467141288,3.1150350000000047
543,18PG,0.0,1.0,9.3028,149.0,3.0,10.0,36.0,1.0,11,5,30,200,HEK293,0.16164901467141288,3.1150350000000047
544,18PG,0.0,1.0,9.3028,149.0,3.0,10.0,36.0,1.0,11,5,30,300,HEK293,0.16388531990624228,3.1407950000000042
545,18PG,0.0,1.0,9.3028,149.0,3.0,10.0,36.0,1.0,11,5,30,400,HEK293,0.2176295685389363,3.759875000000007
548,18PG,0.0,1.0,9.3028,149.0,3.0,10.0,36.0,1.0,11,5,50,75,HEK293,0.16335228752495823,3.1346549999999933
549,18PG,0.0,1.0,9.3028,149.0,3.0,10.0,36.0,1.0,11,5,50,200,HEK293,0.16335228752495823,3.1346549999999933
550,18PG,0.0,1.0,9.3028,149.0,3.0,10.0,36.0,1.0,11,5,50,300,HEK293,0.15710283010677967,3.0626674999999945
551,18PG,0.0,1.0,9.3028,149.0,3.0,10.0,36.0,1.0,11,5,50,400,HEK293,0.17259137077871434,3.24108000000001
554,18PG,0.0,1.0,9.3028,149.0,3.0,10.0,36.0,1.0,11,5,70,75,HEK293,0.18503906589113597,3.384464999999995
555,18PG,0.0,1.0,9.3028,149.0,3.0,10.0,36.0,1.0,11,5,70,200,HEK293,0.18503906589113597,3.384464999999995
556,18PG,0.0,1.0,9.3028,149.0,3.0,10.0,36.0,1.0,11,5,70,300,HEK293,0.18294752148623977,3.3603724999999955
557,18PG,0.0,1.0,9.3028,149.0,3.0,10.0,36.0,1.0,11,5,70,400,HEK293,0.2447432502821418,4.072197499999992
576,18PG,0.0,1.0,9.3028,149.0,3.0,10.0,36.0,1.0,11,75,30,25,HEK293,0.2968076655959699,4.671927499999977
577,18PG,0.0,1.0,9.3028,149.0,3.0,10.0,36.0,1.0,11,75,30,50,HEK293,0.2968076655959699,4.671927499999977
594,18PG,0.0,1.0,9.3028,149.0,3.0,10.0,36.0,1.0,11,125,30,25,HEK293,0.25745008247243695,4.218567500000001
595,18PG,0.0,1.0,9.3028,149.0,3.0,10.0,36.0,1.0,11,125,30,50,HEK293,0.25745008247243695,4.218567500000001
612,18PG,0.0,1.0,9.3028,149.0,3.0,10.0,36.0,1.0,11,150,30,25,HEK293,0.25164684434412743,4.151720000000004
613,18PG,0.0,1.0,9.3028,149.0,3.0,10.0,36.0,1.0,11,150,30,50,HEK293,0.25164684434412743,4.151720000000004
630,18PG,0.0,1.0,9.3028,149.0,3.0,10.0,36.0,1.0,11,175,30,25,HEK293,0.2453318430419316,4.0789775000000095
631,18PG,0.0,1.0,9.3028,149.0,3.0,10.0,36.0,1.0,11,175,30,50,HEK293,0.2453318430419316,4.0789775000000095
695,DOPE,1.0,1.0,9.784,134.0,2.0,9.0,36.0,2.0,5,75,50,400,HEK293,0.19641158086639557,3.5154650000000105
713,DOPE,1.0,1.0,9.784,134.0,2.0,9.0,36.0,2.0,5,125,50,400,HEK293,0.17646149839395747,3.2856599999999956
731,DOPE,1.0,1.0,9.784,134.0,2.0,9.0,36.0,2.0,5,150,50,400,HEK293,0.17167071794426567,3.230474999999996
749,DOPE,1.0,1.0,9.784,134.0,2.0,9.0,36.0,2.0,5,175,50,400,HEK293,0.1516861272679925,3.0002725000000052
803,DOPE,1.0,1.0,9.784,134.0,2.0,9.0,36.0,2.0,6,75,50,400,HEK293,0.19641158086639557,3.5154650000000105
821,DOPE,1.0,1.0,9.784,134.0,2.0,9.0,36.0,2.0,6,125,50,400,HEK293,0.17646149839395747,3.2856599999999956
839,DOPE,1.0,1.0,9.784,134.0,2.0,9.0,36.0,2.0,6,150,50,400,HEK293,0.17167071794426567,3.230474999999996
857,DOPE,1.0,1.0,9.784,134.0,2.0,9.0,36.0,2.0,6,175,50,400,HEK293,0.1516861272679925,3.0002725000000052
1188,DOPE,1.0,1.0,9.784,134.0,2.0,9.0,36.0,2.0,11,5,30,25,HEK293,0.2033025870301242,3.5948425000000004
1189,DOPE,1.0,1.0,9.784,134.0,2.0,9.0,36.0,2.0,11,5,30,50,HEK293,0.2033025870301242,3.5948425000000004
1206,DOPE,1.0,1.0,9.784,134.0,2.0,9.0,36.0,2.0,11,30,30,25,HEK293,0.2542002343953458,4.181132499999988
1207,DOPE,1.0,1.0,9.784,134.0,2.0,9.0,36.0,2.0,11,30,30,50,HEK293,0.2542002343953458,4.181132499999988
1224,DOPE,1.0,1.0,9.784,134.0,2.0,9.0,36.0,2.0,11,75,30,25,HEK293,0.2661420262175522,4.318689999999983
1225,DOPE,1.0,1.0,9.784,134.0,2.0,9.0,36.0,2.0,11,75,30,50,HEK293,0.2661420262175522,4.318689999999983
1242,DOPE,1.0,1.0,9.784,134.0,2.0,9.0,36.0,2.0,11,125,30,25,HEK293,0.29792929073704344,4.684847500000003
1243,DOPE,1.0,1.0,9.784,134.0,2.0,9.0,36.0,2.0,11,125,30,50,HEK293,0.29792929073704344,4.684847500000003
1314,DOTAP,1.0,0.0,12.515,52.6,0.0,4.0,36.0,2.0,5,30,30,25,HEK293,0.18366546575223489,3.3686424999999933
1315,DOTAP,1.0,0.0,12.515,52.6,0.0,4.0,36.0,2.0,5,30,30,50,HEK293,0.18366546575223489,3.3686424999999933
1319,DOTAP,1.0,0.0,12.515,52.6,0.0,4.0,36.0,2.0,5,30,30,400,HEK293,0.2962260178834978,4.66522750000001
1332,DOTAP,1.0,0.0,12.515,52.6,0.0,4.0,36.0,2.0,5,75,30,25,HEK293,0.1064044187863527,2.4786724999999965
1333,DOTAP,1.0,0.0,12.515,52.6,0.0,4.0,36.0,2.0,5,75,30,50,HEK293,0.1064044187863527,2.4786724999999965
1350,DOTAP,1.0,0.0,12.515,52.6,0.0,4.0,36.0,2.0,5,125,30,25,HEK293,0.10880089417484161,2.5062775000000004
1351,DOTAP,1.0,0.0,12.515,52.6,0.0,4.0,36.0,2.0,5,125,30,50,HEK293,0.10880089417484161,2.5062775000000004
1361,DOTAP,1.0,0.0,12.515,52.6,0.0,4.0,36.0,2.0,5,125,50,400,HEK293,0.27284486500564364,4.395900000000009
1368,DOTAP,1.0,0.0,12.515,52.6,0.0,4.0,36.0,2.0,5,150,30,25,HEK293,0.11825332060074657,2.6151599999999995
1369,DOTAP,1.0,0.0,12.515,52.6,0.0,4.0,36.0,2.0,5,150,30,50,HEK293,0.11825332060074657,2.6151599999999995
1379,DOTAP,1.0,0.0,12.515,52.6,0.0,4.0,36.0,2.0,5,150,50,400,HEK293,0.2655538675232233,4.311915000000009
1386,DOTAP,1.0,0.0,12.515,52.6,0.0,4.0,36.0,2.0,5,175,30,25,HEK293,0.16439816824377154,3.1467025000000044
1387,DOTAP,1.0,0.0,12.515,52.6,0.0,4.0,36.0,2.0,5,175,30,50,HEK293,0.16439816824377154,3.1467025000000044
1391,DOTAP,1.0,0.0,12.515,52.6,0.0,4.0,36.0,2.0,5,175,30,400,HEK293,0.16796748849726476,3.1878174999999924
1397,DOTAP,1.0,0.0,12.515,52.6,0.0,4.0,36.0,2.0,5,175,50,400,HEK293,0.25321056515322626,4.169732500000013
1422,DOTAP,1.0,0.0,12.515,52.6,0.0,4.0,36.0,2.0,6,30,30,25,HEK293,0.18366546575223489,3.3686424999999933
1423,DOTAP,1.0,0.0,12.515,52.6,0.0,4.0,36.0,2.0,6,30,30,50,HEK293,0.18366546575223489,3.3686424999999933
1427,DOTAP,1.0,0.0,12.515,52.6,0.0,4.0,36.0,2.0,6,30,30,400,HEK293,0.2962260178834978,4.66522750000001
1440,DOTAP,1.0,0.0,12.515,52.6,0.0,4.0,36.0,2.0,6,75,30,25,HEK293,0.1064044187863527,2.4786724999999965
1441,DOTAP,1.0,0.0,12.515,52.6,0.0,4.0,36.0,2.0,6,75,30,50,HEK293,0.1064044187863527,2.4786724999999965
1458,DOTAP,1.0,0.0,12.515,52.6,0.0,4.0,36.0,2.0,6,125,30,25,HEK293,0.10880089417484161,2.5062775000000004
1459,DOTAP,1.0,0.0,12.515,52.6,0.0,4.0,36.0,2.0,6,125,30,50,HEK293,0.10880089417484161,2.5062775000000004
1469,DOTAP,1.0,0.0,12.515,52.6,0.0,4.0,36.0,2.0,6,125,50,400,HEK293,0.27284486500564364,4.395900000000009
1476,DOTAP,1.0,0.0,12.515,52.6,0.0,4.0,36.0,2.0,6,150,30,25,HEK293,0.11825332060074657,2.6151599999999995
1477,DOTAP,1.0,0.0,12.515,52.6,0.0,4.0,36.0,2.0,6,150,30,50,HEK293,0.11825332060074657,2.6151599999999995
1487,DOTAP,1.0,0.0,12.515,52.6,0.0,4.0,36.0,2.0,6,150,50,400,HEK293,0.2655538675232233,4.311915000000009
1494,DOTAP,1.0,0.0,12.515,52.6,0.0,4.0,36.0,2.0,6,175,30,25,HEK293,0.16439816824377154,3.1467025000000044
1495,DOTAP,1.0,0.0,12.515,52.6,0.0,4.0,36.0,2.0,6,175,30,50,HEK293,0.16439816824377154,3.1467025000000044
1499,DOTAP,1.0,0.0,12.515,52.6,0.0,4.0,36.0,2.0,6,175,30,400,HEK293,0.16796748849726476,3.1878174999999924
1505,DOTAP,1.0,0.0,12.515,52.6,0.0,4.0,36.0,2.0,6,175,50,400,HEK293,0.25321056515322626,4.169732500000013
1530,DOTAP,1.0,0.0,12.515,52.6,0.0,4.0,36.0,2.0,7,30,30,25,HEK293,0.2715044708742073,4.380459999999993
1531,DOTAP,1.0,0.0,12.515,52.6,0.0,4.0,36.0,2.0,7,30,30,50,HEK293,0.2715044708742073,4.380459999999993
1548,DOTAP,1.0,0.0,12.515,52.6,0.0,4.0,36.0,2.0,7,75,30,25,HEK293,0.23997373903984787,4.0172575000000075
1549,DOTAP,1.0,0.0,12.515,52.6,0.0,4.0,36.0,2.0,7,75,30,50,HEK293,0.23997373903984787,4.0172575000000075
1566,DOTAP,1.0,0.0,12.515,52.6,0.0,4.0,36.0,2.0,7,125,30,25,HEK293,0.23264389269902006,3.932825000000012
1567,DOTAP,1.0,0.0,12.515,52.6,0.0,4.0,36.0,2.0,7,125,30,50,HEK293,0.23264389269902006,3.932825000000012
1584,DOTAP,1.0,0.0,12.515,52.6,0.0,4.0,36.0,2.0,7,150,30,25,HEK293,0.22998350551263247,3.902180000000013
1585,DOTAP,1.0,0.0,12.515,52.6,0.0,4.0,36.0,2.0,7,150,30,50,HEK293,0.22998350551263247,3.902180000000013
1602,DOTAP,1.0,0.0,12.515,52.6,0.0,4.0,36.0,2.0,7,175,30,25,HEK293,0.21953728622276336,3.7818500000000106
1603,DOTAP,1.0,0.0,12.515,52.6,0.0,4.0,36.0,2.0,7,175,30,50,HEK293,0.21953728622276336,3.7818500000000106
1638,DOTAP,1.0,0.0,12.515,52.6,0.0,4.0,36.0,2.0,9,30,30,25,HEK293,0.27866177619584986,4.462904999999994
1639,DOTAP,1.0,0.0,12.515,52.6,0.0,4.0,36.0,2.0,9,30,30,50,HEK293,0.27866177619584986,4.462904999999994
1656,DOTAP,1.0,0.0,12.515,52.6,0.0,4.0,36.0,2.0,9,75,30,25,HEK293,0.24551349943571568,4.081070000000008
1657,DOTAP,1.0,0.0,12.515,52.6,0.0,4.0,36.0,2.0,9,75,30,50,HEK293,0.24551349943571568,4.081070000000008
1674,DOTAP,1.0,0.0,12.515,52.6,0.0,4.0,36.0,2.0,9,125,30,25,HEK293,0.2359786005729675,3.971237500000012
1675,DOTAP,1.0,0.0,12.515,52.6,0.0,4.0,36.0,2.0,9,125,30,50,HEK293,0.2359786005729675,3.971237500000012
1692,DOTAP,1.0,0.0,12.515,52.6,0.0,4.0,36.0,2.0,9,150,30,25,HEK293,0.23307969441791943,3.9378450000000136
1693,DOTAP,1.0,0.0,12.515,52.6,0.0,4.0,36.0,2.0,9,150,30,50,HEK293,0.23307969441791943,3.9378450000000136
1710,DOTAP,1.0,0.0,12.515,52.6,0.0,4.0,36.0,2.0,9,175,30,25,HEK293,0.2218777671672898,3.808810000000011
1711,DOTAP,1.0,0.0,12.515,52.6,0.0,4.0,36.0,2.0,9,175,30,50,HEK293,0.2218777671672898,3.808810000000011
1746,DOTAP,1.0,0.0,12.515,52.6,0.0,4.0,36.0,2.0,10,30,30,25,HEK293,0.27866177619584986,4.462904999999994
1747,DOTAP,1.0,0.0,12.515,52.6,0.0,4.0,36.0,2.0,10,30,30,50,HEK293,0.27866177619584986,4.462904999999994
1764,DOTAP,1.0,0.0,12.515,52.6,0.0,4.0,36.0,2.0,10,75,30,25,HEK293,0.24551349943571568,4.081070000000008
1765,DOTAP,1.0,0.0,12.515,52.6,0.0,4.0,36.0,2.0,10,75,30,50,HEK293,0.24551349943571568,4.081070000000008
1782,DOTAP,1.0,0.0,12.515,52.6,0.0,4.0,36.0,2.0,10,125,30,25,HEK293,0.2359786005729675,3.971237500000012
1783,DOTAP,1.0,0.0,12.515,52.6,0.0,4.0,36.0,2.0,10,125,30,50,HEK293,0.2359786005729675,3.971237500000012
1800,DOTAP,1.0,0.0,12.515,52.6,0.0,4.0,36.0,2.0,10,150,30,25,HEK293,0.23307969441791943,3.9378450000000136
1801,DOTAP,1.0,0.0,12.515,52.6,0.0,4.0,36.0,2.0,10,150,30,50,HEK293,0.23307969441791943,3.9378450000000136
1818,DOTAP,1.0,0.0,12.515,52.6,0.0,4.0,36.0,2.0,10,175,30,25,HEK293,0.2218777671672898,3.808810000000011
1819,DOTAP,1.0,0.0,12.515,52.6,0.0,4.0,36.0,2.0,10,175,30,50,HEK293,0.2218777671672898,3.808810000000011
1872,DOTAP,1.0,0.0,12.515,52.6,0.0,4.0,36.0,2.0,11,75,30,25,HEK293,0.26651315218334987,4.322965000000007
1873,DOTAP,1.0,0.0,12.515,52.6,0.0,4.0,36.0,2.0,11,75,30,50,HEK293,0.26651315218334987,4.322965000000007
1877,DOTAP,1.0,0.0,12.515,52.6,0.0,4.0,36.0,2.0,11,75,30,400,HEK293,0.2746440663252006,4.416624999999986
1890,DOTAP,1.0,0.0,12.515,52.6,0.0,4.0,36.0,2.0,11,125,30,25,HEK293,0.2402419914923171,4.020347500000001
1891,DOTAP,1.0,0.0,12.515,52.6,0.0,4.0,36.0,2.0,11,125,30,50,HEK293,0.2402419914923171,4.020347500000001
1908,DOTAP,1.0,0.0,12.515,52.6,0.0,4.0,36.0,2.0,11,150,30,25,HEK293,0.24051067801024373,4.023442499999997
1909,DOTAP,1.0,0.0,12.515,52.6,0.0,4.0,36.0,2.0,11,150,30,50,HEK293,0.24051067801024373,4.023442499999997
1926,DOTAP,1.0,0.0,12.515,52.6,0.0,4.0,36.0,2.0,11,175,30,25,HEK293,0.2583249414011624,4.2286449999999896
1927,DOTAP,1.0,0.0,12.515,52.6,0.0,4.0,36.0,2.0,11,175,30,50,HEK293,0.2583249414011624,4.2286449999999896
1944,DSPC,1.0,1.0,6.12,111.0,0.0,8.0,36.0,0.0,5,5,30,25,HEK293,0.07072705964059395,2.0677050000000015
1945,DSPC,1.0,1.0,6.12,111.0,0.0,8.0,36.0,0.0,5,5,30,50,HEK293,0.07072705964059395,2.0677050000000015
1946,DSPC,1.0,1.0,6.12,111.0,0.0,8.0,36.0,0.0,5,5,30,75,HEK293,0.22332971612119157,3.8255350000000052
1947,DSPC,1.0,1.0,6.12,111.0,0.0,8.0,36.0,0.0,5,5,30,200,HEK293,0.22332971612119157,3.8255350000000052
1948,DSPC,1.0,1.0,6.12,111.0,0.0,8.0,36.0,0.0,5,5,30,300,HEK293,0.2248446045663691,3.8429850000000054
1949,DSPC,1.0,1.0,6.12,111.0,0.0,8.0,36.0,0.0,5,5,30,400,HEK293,0.19679898428683004,3.519927499999995
1950,DSPC,1.0,1.0,6.12,111.0,0.0,8.0,36.0,0.0,5,5,50,25,HEK293,0.08960478340133687,2.285157499999999
1951,DSPC,1.0,1.0,6.12,111.0,0.0,8.0,36.0,0.0,5,5,50,50,HEK293,0.08960478340133687,2.285157499999999
1952,DSPC,1.0,1.0,6.12,111.0,0.0,8.0,36.0,0.0,5,5,50,75,HEK293,0.22712127788870617,3.869210000000006
1953,DSPC,1.0,1.0,6.12,111.0,0.0,8.0,36.0,0.0,5,5,50,200,HEK293,0.22712127788870617,3.869210000000006
1954,DSPC,1.0,1.0,6.12,111.0,0.0,8.0,36.0,0.0,5,5,50,300,HEK293,0.22985306884278212,3.9006775000000067
1955,DSPC,1.0,1.0,6.12,111.0,0.0,8.0,36.0,0.0,5,5,50,400,HEK293,0.2565378939144034,4.208060000000012
1956,DSPC,1.0,1.0,6.12,111.0,0.0,8.0,36.0,0.0,5,5,70,25,HEK293,0.17917505859883665,3.316917499999999
1957,DSPC,1.0,1.0,6.12,111.0,0.0,8.0,36.0,0.0,5,5,70,50,HEK293,0.17917505859883665,3.316917499999999
1958,DSPC,1.0,1.0,6.12,111.0,0.0,8.0,36.0,0.0,5,5,70,75,HEK293,0.26642894348467877,4.3219950000000145
1959,DSPC,1.0,1.0,6.12,111.0,0.0,8.0,36.0,0.0,5,5,70,200,HEK293,0.26642894348467877,4.3219950000000145
1960,DSPC,1.0,1.0,6.12,111.0,0.0,8.0,36.0,0.0,5,5,70,300,HEK293,0.26688905286917397,4.3272950000000145
1961,DSPC,1.0,1.0,6.12,111.0,0.0,8.0,36.0,0.0,5,5,70,400,HEK293,0.19108407847903489,3.4540975000000027
1991,DSPC,1.0,1.0,6.12,111.0,0.0,8.0,36.0,0.0,5,75,50,400,HEK293,0.2923617501519235,4.620715000000006
2009,DSPC,1.0,1.0,6.12,111.0,0.0,8.0,36.0,0.0,5,125,50,400,HEK293,0.2741830888097933,4.411315000000009
2027,DSPC,1.0,1.0,6.12,111.0,0.0,8.0,36.0,0.0,5,150,50,400,HEK293,0.28141961107735103,4.494672500000006
2052,DSPC,1.0,1.0,6.12,111.0,0.0,8.0,36.0,0.0,6,5,30,25,HEK293,0.07072705964059395,2.0677050000000015
2053,DSPC,1.0,1.0,6.12,111.0,0.0,8.0,36.0,0.0,6,5,30,50,HEK293,0.07072705964059395,2.0677050000000015
2054,DSPC,1.0,1.0,6.12,111.0,0.0,8.0,36.0,0.0,6,5,30,75,HEK293,0.22332971612119157,3.8255350000000052
2055,DSPC,1.0,1.0,6.12,111.0,0.0,8.0,36.0,0.0,6,5,30,200,HEK293,0.22332971612119157,3.8255350000000052
2056,DSPC,1.0,1.0,6.12,111.0,0.0,8.0,36.0,0.0,6,5,30,300,HEK293,0.2248446045663691,3.8429850000000054
2057,DSPC,1.0,1.0,6.12,111.0,0.0,8.0,36.0,0.0,6,5,30,400,HEK293,0.19679898428683004,3.519927499999995
2058,DSPC,1.0,1.0,6.12,111.0,0.0,8.0,36.0,0.0,6,5,50,25,HEK293,0.08960478340133687,2.285157499999999
2059,DSPC,1.0,1.0,6.12,111.0,0.0,8.0,36.0,0.0,6,5,50,50,HEK293,0.08960478340133687,2.285157499999999
2060,DSPC,1.0,1.0,6.12,111.0,0.0,8.0,36.0,0.0,6,5,50,75,HEK293,0.22712127788870617,3.869210000000006
2061,DSPC,1.0,1.0,6.12,111.0,0.0,8.0,36.0,0.0,6,5,50,200,HEK293,0.22712127788870617,3.869210000000006
2062,DSPC,1.0,1.0,6.12,111.0,0.0,8.0,36.0,0.0,6,5,50,300,HEK293,0.22985306884278212,3.9006775000000067
2063,DSPC,1.0,1.0,6.12,111.0,0.0,8.0,36.0,0.0,6,5,50,400,HEK293,0.2565378939144034,4.208060000000012
2064,DSPC,1.0,1.0,6.12,111.0,0.0,8.0,36.0,0.0,6,5,70,25,HEK293,0.17917505859883665,3.316917499999999
2065,DSPC,1.0,1.0,6.12,111.0,0.0,8.0,36.0,0.0,6,5,70,50,HEK293,0.17917505859883665,3.316917499999999
2066,DSPC,1.0,1.0,6.12,111.0,0.0,8.0,36.0,0.0,6,5,70,75,HEK293,0.26642894348467877,4.3219950000000145
2067,DSPC,1.0,1.0,6.12,111.0,0.0,8.0,36.0,0.0,6,5,70,200,HEK293,0.26642894348467877,4.3219950000000145
2068,DSPC,1.0,1.0,6.12,111.0,0.0,8.0,36.0,0.0,6,5,70,300,HEK293,0.26688905286917397,4.3272950000000145
2069,DSPC,1.0,1.0,6.12,111.0,0.0,8.0,36.0,0.0,6,5,70,400,HEK293,0.19108407847903489,3.4540975000000027
2099,DSPC,1.0,1.0,6.12,111.0,0.0,8.0,36.0,0.0,6,75,50,400,HEK293,0.2923617501519235,4.620715000000006
2117,DSPC,1.0,1.0,6.12,111.0,0.0,8.0,36.0,0.0,6,125,50,400,HEK293,0.2741830888097933,4.411315000000009
2135,DSPC,1.0,1.0,6.12,111.0,0.0,8.0,36.0,0.0,6,150,50,400,HEK293,0.28141961107735103,4.494672500000006
2160,DSPC,1.0,1.0,6.12,111.0,0.0,8.0,36.0,0.0,7,5,30,25,HEK293,0.12907413838006826,2.739805000000006
2161,DSPC,1.0,1.0,6.12,111.0,0.0,8.0,36.0,0.0,7,5,30,50,HEK293,0.12907413838006826,2.739805000000006
2225,DSPC,1.0,1.0,6.12,111.0,0.0,8.0,36.0,0.0,7,125,50,400,HEK293,0.288943918742948,4.5813450000000175
2243,DSPC,1.0,1.0,6.12,111.0,0.0,8.0,36.0,0.0,7,150,50,400,HEK293,0.2987001909888025,4.693727500000016
2268,DSPC,1.0,1.0,6.12,111.0,0.0,8.0,36.0,0.0,9,5,30,25,HEK293,0.13368695199236105,2.792940000000007
2269,DSPC,1.0,1.0,6.12,111.0,0.0,8.0,36.0,0.0,9,5,30,50,HEK293,0.13368695199236105,2.792940000000007
2333,DSPC,1.0,1.0,6.12,111.0,0.0,8.0,36.0,0.0,9,125,50,400,HEK293,0.289919914923172,4.592587500000017
2351,DSPC,1.0,1.0,6.12,111.0,0.0,8.0,36.0,0.0,9,150,50,400,HEK293,0.29967618716902644,4.704970000000015
2376,DSPC,1.0,1.0,6.12,111.0,0.0,8.0,36.0,0.0,10,5,30,25,HEK293,0.13368695199236105,2.792940000000007
2377,DSPC,1.0,1.0,6.12,111.0,0.0,8.0,36.0,0.0,10,5,30,50,HEK293,0.13368695199236105,2.792940000000007
2441,DSPC,1.0,1.0,6.12,111.0,0.0,8.0,36.0,0.0,10,125,50,400,HEK293,0.289919914923172,4.592587500000017
2459,DSPC,1.0,1.0,6.12,111.0,0.0,8.0,36.0,0.0,10,150,50,400,HEK293,0.29967618716902644,4.704970000000015
2484,DSPC,1.0,1.0,6.12,111.0,0.0,8.0,36.0,0.0,11,5,30,25,HEK293,0.17843215556905986,3.3083600000000004
2485,DSPC,1.0,1.0,6.12,111.0,0.0,8.0,36.0,0.0,11,5,30,50,HEK293,0.17843215556905986,3.3083600000000004
2585,DSPC,1.0,1.0,6.12,111.0,0.0,8.0,36.0,0.0,11,175,50,400,HEK293,0.2794433110513055,4.471907499999987
2592,14PA,0.0,1.0,11.8502,119.0,2.0,8.0,28.0,0.0,5,5,30,25,HEK293,0.19160061637294984,3.460047500000009
2593,14PA,0.0,1.0,11.8502,119.0,2.0,8.0,28.0,0.0,5,5,30,50,HEK293,0.19160061637294984,3.460047500000009
2700,14PA,0.0,1.0,11.8502,119.0,2.0,8.0,28.0,0.0,6,5,30,25,HEK293,0.19160061637294984,3.460047500000009
2701,14PA,0.0,1.0,11.8502,119.0,2.0,8.0,28.0,0.0,6,5,30,50,HEK293,0.19160061637294984,3.460047500000009
2808,14PA,0.0,1.0,11.8502,119.0,2.0,8.0,28.0,0.0,7,5,30,25,HEK293,0.22921325635905812,3.8933074999999904
2809,14PA,0.0,1.0,11.8502,119.0,2.0,8.0,28.0,0.0,7,5,30,50,HEK293,0.22921325635905812,3.8933074999999904
2916,14PA,0.0,1.0,11.8502,119.0,2.0,8.0,28.0,0.0,9,5,30,25,HEK293,0.2316867783661768,3.92179999999999
2917,14PA,0.0,1.0,11.8502,119.0,2.0,8.0,28.0,0.0,9,5,30,50,HEK293,0.2316867783661768,3.92179999999999
3024,14PA,0.0,1.0,11.8502,119.0,2.0,8.0,28.0,0.0,10,5,30,25,HEK293,0.2316867783661768,3.92179999999999
3025,14PA,0.0,1.0,11.8502,119.0,2.0,8.0,28.0,0.0,10,5,30,50,HEK293,0.2316867783661768,3.92179999999999
3132,14PA,0.0,1.0,11.8502,119.0,2.0,8.0,28.0,0.0,11,5,30,25,HEK293,0.20817497178574584,3.650967500000006
3133,14PA,0.0,1.0,11.8502,119.0,2.0,8.0,28.0,0.0,11,5,30,50,HEK293,0.20817497178574584,3.650967500000006
3258,DDAB,1.0,0.0,12.73,0.0,0.0,0.0,36.0,0.0,5,30,30,25,HEK293,0.22598771594756442,3.8561524999999945
3259,DDAB,1.0,0.0,12.73,0.0,0.0,0.0,36.0,0.0,5,30,30,50,HEK293,0.22598771594756442,3.8561524999999945
3276,DDAB,1.0,0.0,12.73,0.0,0.0,0.0,36.0,0.0,5,75,30,25,HEK293,0.19213386578696073,3.46619
3277,DDAB,1.0,0.0,12.73,0.0,0.0,0.0,36.0,0.0,5,75,30,50,HEK293,0.19213386578696073,3.46619
3294,DDAB,1.0,0.0,12.73,0.0,0.0,0.0,36.0,0.0,5,125,30,25,HEK293,0.2693343606215809,4.35546249999999
3295,DDAB,1.0,0.0,12.73,0.0,0.0,0.0,36.0,0.0,5,125,30,50,HEK293,0.2693343606215809,4.35546249999999
3312,DDAB,1.0,0.0,12.73,0.0,0.0,0.0,36.0,0.0,5,150,30,25,HEK293,0.2790329021616453,4.467179999999991
3313,DDAB,1.0,0.0,12.73,0.0,0.0,0.0,36.0,0.0,5,150,30,50,HEK293,0.2790329021616453,4.467179999999991
3330,DDAB,1.0,0.0,12.73,0.0,0.0,0.0,36.0,0.0,5,175,30,25,HEK293,0.28915791301328286,4.583810000000005
3331,DDAB,1.0,0.0,12.73,0.0,0.0,0.0,36.0,0.0,5,175,30,50,HEK293,0.28915791301328286,4.583810000000005
3335,DDAB,1.0,0.0,12.73,0.0,0.0,0.0,36.0,0.0,5,175,30,400,HEK293,0.2692746766212334,4.354774999999987
3366,DDAB,1.0,0.0,12.73,0.0,0.0,0.0,36.0,0.0,6,30,30,25,HEK293,0.22598771594756442,3.8561524999999945
3367,DDAB,1.0,0.0,12.73,0.0,0.0,0.0,36.0,0.0,6,30,30,50,HEK293,0.22598771594756442,3.8561524999999945
3384,DDAB,1.0,0.0,12.73,0.0,0.0,0.0,36.0,0.0,6,75,30,25,HEK293,0.19213386578696073,3.46619
3385,DDAB,1.0,0.0,12.73,0.0,0.0,0.0,36.0,0.0,6,75,30,50,HEK293,0.19213386578696073,3.46619
3402,DDAB,1.0,0.0,12.73,0.0,0.0,0.0,36.0,0.0,6,125,30,25,HEK293,0.2693343606215809,4.35546249999999
3403,DDAB,1.0,0.0,12.73,0.0,0.0,0.0,36.0,0.0,6,125,30,50,HEK293,0.2693343606215809,4.35546249999999
3420,DDAB,1.0,0.0,12.73,0.0,0.0,0.0,36.0,0.0,6,150,30,25,HEK293,0.2790329021616453,4.467179999999991
3421,DDAB,1.0,0.0,12.73,0.0,0.0,0.0,36.0,0.0,6,150,30,50,HEK293,0.2790329021616453,4.467179999999991
3438,DDAB,1.0,0.0,12.73,0.0,0.0,0.0,36.0,0.0,6,175,30,25,HEK293,0.28915791301328286,4.583810000000005
3439,DDAB,1.0,0.0,12.73,0.0,0.0,0.0,36.0,0.0,6,175,30,50,HEK293,0.28915791301328286,4.583810000000005
3443,DDAB,1.0,0.0,12.73,0.0,0.0,0.0,36.0,0.0,6,175,30,400,HEK293,0.2692746766212334,4.354774999999987
3492,DDAB,1.0,0.0,12.73,0.0,0.0,0.0,36.0,0.0,7,75,30,25,HEK293,0.26647365222675495,4.32250999999999
3493,DDAB,1.0,0.0,12.73,0.0,0.0,0.0,36.0,0.0,7,75,30,50,HEK293,0.26647365222675495,4.32250999999999
3600,DDAB,1.0,0.0,12.73,0.0,0.0,0.0,36.0,0.0,9,75,30,25,HEK293,0.27035246115114075,4.36718999999999
3601,DDAB,1.0,0.0,12.73,0.0,0.0,0.0,36.0,0.0,9,75,30,50,HEK293,0.27035246115114075,4.36718999999999
3708,DDAB,1.0,0.0,12.73,0.0,0.0,0.0,36.0,0.0,10,75,30,25,HEK293,0.27035246115114075,4.36718999999999
3709,DDAB,1.0,0.0,12.73,0.0,0.0,0.0,36.0,0.0,10,75,30,50,HEK293,0.27035246115114075,4.36718999999999
3798,DDAB,1.0,0.0,12.73,0.0,0.0,0.0,36.0,0.0,11,30,30,25,HEK293,0.24593671325635852,4.0859449999999935
3799,DDAB,1.0,0.0,12.73,0.0,0.0,0.0,36.0,0.0,11,30,30,50,HEK293,0.24593671325635852,4.0859449999999935
3816,DDAB,1.0,0.0,12.73,0.0,0.0,0.0,36.0,0.0,11,75,30,25,HEK293,0.25526326069971306,4.193377499999994
3817,DDAB,1.0,0.0,12.73,0.0,0.0,0.0,36.0,0.0,11,75,30,50,HEK293,0.25526326069971306,4.193377499999994
3834,DDAB,1.0,0.0,12.73,0.0,0.0,0.0,36.0,0.0,11,125,30,25,HEK293,0.23189990450560014,3.9242550000000076
3835,DDAB,1.0,0.0,12.73,0.0,0.0,0.0,36.0,0.0,11,125,30,50,HEK293,0.23189990450560014,3.9242550000000076
3852,DDAB,1.0,0.0,12.73,0.0,0.0,0.0,36.0,0.0,11,150,30,25,HEK293,0.22742425557774207,3.8727000000000107
3853,DDAB,1.0,0.0,12.73,0.0,0.0,0.0,36.0,0.0,11,150,30,50,HEK293,0.22742425557774207,3.8727000000000107
3870,DDAB,1.0,0.0,12.73,0.0,0.0,0.0,36.0,0.0,11,175,30,25,HEK293,0.24339222154701015,4.05663500000001
3871,DDAB,1.0,0.0,12.73,0.0,0.0,0.0,36.0,0.0,11,175,30,50,HEK293,0.24339222154701015,4.05663500000001
