,LGBM,XGB,RF,DT,kNN,PLS,MLR,lasso
0,0.06902545285128128,0.005476996707782705,0.10120200723538322,0.05211810012836973,0.009610677119654853,0.2632714933973649,0.2587750236462192,0.053969873190833156
1,0.013297854340346416,0.016230187883231273,0.007885400863577932,0.009219278795658772,0.0012370624438362982,0.08207827162955753,0.07824555287221133,0.059885413436004564
2,0.007773688434333147,0.19724036334609607,0.010291749328976509,0.04630645349515696,0.12379082706534905,0.08326785942957182,0.08676268266020268,0.0026055930513073366
3,0.016209622811356975,0.013048887924046765,0.021855525732290805,0.018701131987396417,0.09690541730168381,0.13704775309659592,0.13887045749449675,0.035372826281480224
4,0.06594051338319074,0.014190773049790932,0.08251487921577771,0.11399229781771503,0.17317230388076593,0.17600167479497691,0.1806550522498493,0.07055098437792298
5,0.06315524648747782,0.09187104055032605,0.07761815847823542,0.07149025557241218,0.2805060939408018,0.20375752831729332,0.2067387869394357,0.09105554930239593
6,0.04096702365609031,0.0160567085646125,0.03131287198039437,0.17123740615396585,0.05201109870272394,0.1330450220491556,0.13475000442292148,0.1279792420796128
7,0.12331069368795888,0.04207199360848807,0.1431958221496087,0.17534134671490248,0.28515030376707856,0.07037180638758186,0.06557813861200723,0.11051886322565901
8,0.08017423220387623,0.13836474111330865,0.18016104562959465,0.252946668222663,0.28478091956955554,0.034989368642495106,0.03811091758533969,0.1850991610251383
9,0.3275058653110937,0.03394429894308321,0.3607579647566807,0.3631112148442058,0.004339556284314761,0.1090896020026168,0.11489163761712184,0.030306291788954297
10,0.060106276308840134,0.009057745742664297,0.08492647916909785,0.09108414050647679,0.014985688942444439,0.13518161881279578,0.13105170203102073,0.059810819860998926
11,0.028779363249072043,0.03140308130008642,0.08102870813397145,0.022231298868012506,0.04863532472411897,0.2123429201903647,0.20720463556965923,0.00824319668930603
12,0.14955785888239503,0.010486321332282465,0.10915509394328382,0.16833936281946565,0.03377570641481517,0.34740187483321,0.34560782787796457,0.02076864502285871
13,0.1414995565310947,0.0008015579104159176,0.10278970708367352,0.2734858209826118,0.3691531629237731,0.4608567927354608,0.45805437794128495,0.06613650894620116
14,0.061176515646609975,0.08025509119033813,0.049172598903022724,0.2403430972108765,0.039493435215245565,0.3999582154414091,0.3988279194799632,0.10825146710353775
15,0.010788526895479739,0.0258938264980354,0.022645582915159335,0.015900338429221603,0.024407661772825717,0.0688807515035976,0.06955551738176574,0.007817145696347783
16,0.05014065712204809,0.01519317222609795,0.0577815381024623,0.030166880616174584,0.09999785236514383,0.1079523827902836,0.10963551650738221,0.07063782043956976
17,0.03699517757635997,0.34680389518400573,0.044823199906640236,0.03725638931030458,0.30362514934516766,0.14278444869049195,0.14395401779910205,0.23773839852838918
18,0.02705864547167358,0.09653947841385194,0.07388843505659938,0.12411016454662155,0.03281975792313466,0.00622298393329887,0.008400920880839408,0.06666734585054715
19,0.08746145164793952,0.179039055716965,0.0834519780604505,0.16492589567043997,0.01748580008116725,0.08092590650179146,0.08010422262900277,0.08852877271134924
20,0.10907957431282461,0.15030517666046894,0.16821099311471588,0.17310946434823204,0.04058693822898944,0.18738545902128828,0.18987926172680697,0.11935557488424725
21,0.056737015578377126,0.02662791006553139,0.08803010853075025,0.09631617847278953,0.05995216522420682,0.056784277583983384,0.05667757044421698,0.059955262484199856
22,0.03342979133898605,0.2222684040336963,0.21658769984829052,0.32298595713229866,0.005810517280971532,0.3041756766714695,0.30627363679263464,0.4381848623235383
23,0.21793121984503028,0.13717170065767303,0.24680942933831262,0.29188936865445214,0.06854106175854303,0.08346421911548207,0.08180974284103892,0.574786997488747
24,0.04119456573816538,0.02506502481321566,0.011746411483253505,0.19694246703232576,0.0024857689364710667,0.388581557681948,0.386582464562374,0.03229912286263819
25,0.09153868813959007,0.026717262151069086,0.09694246703232573,0.07427104346231432,0.01663051106489307,0.08098086206422589,0.07828758456102555,0.014398842806583788
26,0.06889269326729436,0.08986296165725402,0.01567685844322564,0.005047263391294202,0.11705033250392566,0.01662567113787186,0.0173022129632113,0.07746531854713445
27,0.02936450745750923,0.010514258110672081,0.04615124285214139,0.021968724471933723,0.03175226963905486,0.14415817223864627,0.14346286903526023,0.04853745803787046
28,0.004028637736468395,0.006201164605445307,0.016619208775819745,0.0040553156727739514,0.04529704259484496,0.15123438461653818,0.1516976356373937,0.10503820116070425
29,3.09448025297282e-05,0.06882166862487793,0.035179717586649506,0.006718570261574117,0.2852582321494885,0.17708158104098345,0.17520896223530932,0.16369862052590742
30,0.04951877705597925,0.08867910912997079,0.021780254405414923,0.016673474151009463,0.038421204150576926,0.1508013626369237,0.14993711167018003,0.10308948321809308
31,0.07512770309146985,0.0236529600753822,0.14949469016221265,0.31174388298906913,0.0755333423652666,0.28066191802630924,0.2798488927987882,0.049920903764766544
32,0.22219846882606242,0.10568782687187195,0.1366507177033492,0.25211032014626367,0.07896871593292898,0.24047574896671553,0.23899897274539494,0.25662887491877256
33,0.2393130007817909,0.020332802547458617,0.21202123935114958,0.21278251060022563,0.043480792093501,0.22059533320388924,0.2184548059887691,0.14951902533896747
34,0.12226844007376428,0.026833121094768764,0.06526782588400043,0.11394561792507876,0.04738459204169783,0.1690099556409161,0.16954991509745643,0.15467188656192965
35,0.09123136796631126,0.04706363547069494,0.1817119850624344,0.20126813708328473,0.0491958623717855,0.20099926461862463,0.20361954163804327,0.22293742384671547
36,0.038019882443758424,0.058178574646739256,0.012958338195822094,0.14392966896176132,0.13950388234012265,0.10530375385999785,0.10401097882817839,0.04971304555395545
37,0.09106783516165534,0.06103440047645947,0.0007632162446022939,0.2076477224102384,0.05665948024354023,0.11351010026384206,0.1155615628974827,0.1211455845662407
38,0.059072533997446386,0.1349389248334453,0.0007842221962889862,0.01589450344264212,0.11926012370171554,0.18719676418532524,0.1857033637288445,0.022560894617528277
39,0.19872847366127977,0.09091492164356177,0.15124635313338794,0.17043995798809655,0.06856310437382551,0.29329959899736724,0.29079783070195603,0.2372044475196963
40,0.014051690806057726,0.10814333029160048,0.00875948185319178,0.03995798809662737,0.003531333877932058,0.011763290657879427,0.011597392188997857,0.14283294171624347
41,0.05523776827942333,0.08088659452423774,0.063618858676625,0.02866145407865562,0.09673160576158157,0.07630354530061534,0.07580569277569732,0.1757603390577726
42,0.06972216637590326,0.1276638765000646,0.031357217878398874,0.04969741426737581,0.18727842063373684,0.027271280322362867,0.02646039223772828,0.12084126363058684
43,0.028981351861882804,0.06938278139826992,0.019319640564826712,0.00818565260157042,0.12399406022182474,0.050059180329795144,0.05020631742063014,0.09413509812931048
44,0.03427246799168791,0.09585254683643704,0.018503325942350254,0.024950402614073983,0.2655615519635326,0.11283953972562696,0.11566716348812242,0.05147964645347611
45,0.04427844624757554,0.029139796773393227,0.030783638697630983,0.007305403197572641,0.2660277370371084,0.1405953932479434,0.14175089817770883,0.2546143335278636
46,0.06721253250009365,0.0065915933156433515,0.0750723538335861,0.07233049363986463,0.11567545120339985,0.1796670245346294,0.18183089730332527,0.0937597206469109
47,0.03401086116950261,0.019852442409739296,0.05403664371571931,0.05163963122884818,0.04570592915316822,0.08642292913701174,0.09040910712374872,0.12133700336824668
48,0.14024882916096545,0.034196268306728395,0.05038627611156468,0.013498268953981374,0.09747923069409462,0.10607747651243313,0.10945112924459324,0.2565524466568948
49,0.005975673621497313,0.04286215497031487,0.04213035360018638,0.0031897926634768814,0.018543684538814546,0.10052834893908202,0.10424661851637296,0.24793473955216416
50,0.1264952858822681,0.012147608883170236,0.10123643365620316,0.04105885556463229,0.13341480716469128,0.46226709705383806,0.45779601190126795,0.4029054332828563
51,0.04240733910499994,0.07509009560426871,0.09542887151359525,0.18440502586844032,0.03199973675686063,0.19790842805434183,0.19476484488937096,0.4717402018883455
52,0.11945953713146071,0.00945754389749523,0.07016921461080644,0.08399046396479004,0.0796744446653791,0.1150796902558244,0.11505336246774509,0.10586949980317209
53,0.05925684332208855,0.04811395871860449,0.06651943050530987,0.0288831835686778,0.17756850016435133,0.12216727582214765,0.11752186395716774,0.17749020146694927
54,0.13649117494993804,0.047259757796723915,0.14029291632629254,0.08851674641148326,0.39683184766568935,0.2868961312765759,0.2832403258724799,0.2303903573719282
55,0.0008592047315259255,0.16784959050039522,0.009559458513245328,0.018858676625043758,0.044041736629819556,0.20915133124105395,0.20650389367588834,0.18237463914156388
56,0.05261352664966473,0.0405884518035165,0.005922511378223944,0.029058233166063728,0.03881623403682799,0.1918035227697589,0.19164214141643401,0.19354290558684878
57,0.20878107157802295,0.14382364691061988,0.22233166063718102,0.17892986346131412,0.14111855135135654,0.2384270795823229,0.2411922391716234,0.31489255340811584
58,0.029080312076272236,0.03373238170267967,0.05942058583265253,0.0562959505193138,0.06643320829855398,0.005104576091694096,0.010456306044428598,0.02390387186090065
59,0.05648284890538557,0.09929867863502062,0.06991130820399104,0.07594235033259424,0.05765937490100594,0.25928175394120107,0.25760011712101094,0.5521136999915591
60,0.01229521360663427,0.047607601808825395,0.0015976193254754883,0.047029991831018796,0.21752523937165005,0.1822817000308501,0.18141400058977059,0.5646845244963229
61,0.08426413176275105,0.021668496752636712,0.10509160928929848,0.08487404764683329,0.16560853527149355,0.23932508998249116,0.2394657583803421,0.3001862826256525
62,0.1197568594747169,0.00352925849929131,0.201358384875715,0.04111164830035177,0.31204815006361303,0.310417851947451,0.3062826232765962,0.0016369930898841034
63,0.142907689458469,0.14908076989871924,0.03757031158828339,0.10187886567860893,0.13027799575060522,0.19239393200789184,0.19577634510346742,0.20075308799526909
64,0.07350999675639758,0.03236580876489408,0.04844089158594944,0.03727389427004324,0.19518332098500402,0.25998585539503005,0.26235990065167525,0.25721992901372026
65,0.0075175394174708116,0.07958583574281688,0.02277978760648855,0.024406915292666226,0.04868120594367409,0.08645971381736237,0.08832361968005958,0.2497880081018565
66,0.07854884299660889,0.06447463382888896,0.11411483253588522,0.07025323841755166,0.07336075677499651,0.0606137052201347,0.061066907805920494,0.09149315299446731
67,0.01946142812479873,0.05088656732075858,0.04430213560508807,0.03191737659003384,0.07635862681418273,0.04423428140502694,0.04402373299701315,0.10011676887604629
68,0.03352847262846781,0.01460905332578663,0.014374489438674184,0.02367337412266808,0.015064487040047397,0.07988425528308404,0.07733783704854061,0.00480699027089454
69,0.06936859476929558,0.013542797055179356,0.06804878048780495,0.060508810829735096,0.0777376677585257,0.004355740291069443,0.0046399951134975526,0.0030480378116268525
70,0.13665117787872844,0.019380881977214853,0.12886101061967548,0.15719453845256154,0.007869393840692664,0.10781937754480458,0.10916322594538583,0.0674493385974563
71,0.034661117646200446,0.04564553907877755,0.06977827050997762,0.08312355167297394,0.11390040002268045,0.0756253459762917,0.07396957355654374,0.0878298150135304
72,0.08988210152784215,0.01151139993680958,0.06182518380207708,0.0752713268759482,0.04510446681273794,0.09406015995638622,0.0930354457044737,0.15452201183810454
73,0.0041817857832858185,0.04075958945743122,0.07339887968257672,0.004504609639397833,0.08653016015411116,0.16772601487374533,0.16783142586820696,0.010546360252112502
74,0.033101413764771916,0.08077751126669433,0.1274728673124051,0.04033142723771737,0.10633238182506025,0.23130868599438129,0.22974197815611289,0.2211198466057698
75,0.015856869355141523,0.07999790709151425,0.013405881666472191,0.06656552689928813,0.021963743385829265,0.11610327211827112,0.11554493211893316,0.1587841169034051
76,0.012893605848976572,0.08950770024046317,0.006653635196638988,0.05340179717586649,0.06957045789839456,0.043167473590743966,0.04649845212184264,0.005487128563900157
77,0.03231466715116939,0.0961737880205688,0.033985295833819554,0.03579764266542186,0.09354109120122325,0.09009801192655928,0.08573990417848357,0.09181430004179833
78,0.003838871820206702,0.10555243614897147,0.0045670439957987,0.006908624110164532,0.11870588598725451,0.03674345579347635,0.0333937158843311,0.1395604130708956
79,0.10797789399391615,0.018749599745315593,0.12109639397829386,0.10389193604854709,0.07148370328737674,0.03014417300419789,0.03516603174607319,0.02616685101817215
80,0.04637178825775718,0.12787483659170654,0.05280721204341229,0.15996615707783873,0.03497796416556498,0.17847247583069023,0.17460917131305645,0.0207000366663882
81,0.1496636513694504,0.06548506803336729,0.21819757264558276,0.19736842105263153,0.1839964013007037,0.13905816087531736,0.1414281903881876,0.37071466878426773
82,0.2624487837411438,0.16805096479276888,0.35298342863811427,0.3554965573579182,0.17970058257613708,0.2694304436582876,0.2734725920038879,0.21243939413502
83,0.0673481838923298,0.12788795059780944,0.05034076321624453,0.00659353483486988,0.08703453860004609,0.02925877686295633,0.027255411836780957,0.15865478766513336
84,0.09244729974022223,0.008920217463928182,0.174809195938849,0.1217845056099228,0.10400474153307701,0.09062562442735564,0.09130148746593184,0.010368974438336176
85,0.1508979781716542,0.011581084892816229,0.17156260940599824,0.1944801026957638,0.0020224217589941695,0.23596723008724393,0.24063232040703322,0.12305912556842769
86,0.04499664774328066,0.07716125520445083,0.02915976193254756,0.007515462714435733,0.19908541988131206,0.20803453284466508,0.21203587217065475,0.012952711820973128
87,0.1442218071098681,0.2983511751292675,0.11402964173182406,0.02506710234566456,0.30311056153645344,0.23118538371575031,0.23119203304902025,0.1650925015329523
88,0.06939753679292615,0.09073980193124767,0.10037343914108998,0.013653868596102237,0.16546112741486718,0.020418227736906325,0.022233883621677497,0.27941789807649287
89,0.06729938363177873,0.14293472450593897,0.027614657486287802,0.007515462714435733,0.3886850030394184,0.2883380326727929,0.2911620563964945,0.007864500729382329
90,0.13276633621158615,0.1403990591548958,0.12880849574045974,0.13443809079239114,0.17197856687048854,0.18795758090861145,0.18910948579958306,0.10465454454435441
91,0.15283256791106548,0.26876048364457317,0.1259610222896488,0.14780854575463048,0.1453769564822145,0.24653674996718106,0.25036914152981316,0.32263091917532716
92,0.010198956226800782,0.09536364923239676,0.03603804411249811,0.17220212393511491,0.21568354781653323,0.15065856306789138,0.15387842937594653,0.029173070837208492
93,0.1786256216403591,0.13573169599045176,0.08883592017738329,0.16828101295367032,0.2729798774258524,0.14360160426072688,0.14271760777920128,0.18422843706778236
94,0.15317711806639012,0.0981843002285725,0.056537518963706845,0.09524643093320884,0.2238551503013173,0.20676813412171302,0.20178708439944826,0.16359648815555194
95,0.013045621693301479,0.38700421321613254,0.019953320107363504,0.03452367059555761,0.01340156348987176,0.033681632506402936,0.036144960968958195,0.17873528073416067
96,0.02962702231898018,0.2715205588624836,0.05409966157077839,0.028805383747617375,0.09877695799818176,0.05738691351817499,0.05692155935543408,0.37761431637059617
97,0.2095946997476399,0.23699587048289517,0.18334519780604508,0.16886451161162336,0.2332078897280483,0.07778975071297534,0.07977703732313524,0.16179555959470698
98,0.11428323929137241,0.12152683775585504,0.03258840004667907,0.042391177500291755,0.02756406266293321,0.08896490939736201,0.08778680217002827,0.10678945045977883
99,0.08350841293968814,0.029340411574326597,0.021559108414050288,0.023544170848407098,0.10071426690804824,0.13545286396284906,0.13493850772931493,0.026018968861821812
100,0.05741181953556329,0.026251797039487323,0.03546504843038878,0.0892461197339246,0.09248650909628064,0.1733989593260501,0.17455672192524607,0.12398458915063593
101,0.005080124267963296,0.09097499766341724,0.010493250865522968,0.005391527599486523,0.02131027419731675,0.12035758896878301,0.12035518598031927,0.2720279100769114
102,0.01522007845807996,0.003950812327728231,0.009514918115688692,0.036153576846773255,0.02287385675283203,0.08365724916941861,0.08365687287919954,0.09016351610034926
103,0.18335492775906737,0.006955190131862236,0.23241801843855925,0.020632512545221166,0.01778989187538911,0.07545069558986045,0.07544912385362507,0.0763528053312009
104,0.012148761277621128,0.024173462571925562,0.02494534562570508,0.051511261524098476,0.006860038108985472,0.08029546023675585,0.08029591519876511,0.12579374772199114
105,0.02207264749452363,0.052316635847091675,0.0017699459291243974,0.035990197222546386,0.015992937129288086,0.06961916058209913,0.06962164224235312,0.1683293714653068
106,0.08320877353020023,0.052181534469127655,0.07481619792274524,0.0033376123234916608,0.1063486007912508,0.006563733154950839,0.006565019369188456,0.19174627371138936
107,0.020203790634877053,0.015073730870394458,0.0025969580269963044,0.08282763449644065,0.2056252497014548,0.026027747888012653,0.02602693066636097,0.11662595454898231
108,0.0017772313384318283,0.16674995683903093,0.16977087952697717,0.1609289298634613,0.060055242600118075,0.13367660943389448,0.13367901532357668,0.08380976089308889
109,0.1243806615595443,0.15688233289505502,0.15927218267398058,0.10418368537752362,0.06262355683784371,0.10510422690588886,0.10510341065130996,0.017212462860754202
110,0.043934646259011605,0.3363532233104668,0.04433267203485406,0.1609289298634613,0.05690372413276628,0.1288318447869991,0.12883222397843658,0.10066177098209841
111,0.0011663162217263323,0.0713958260872245,0.021674641148325194,0.22056249270626677,0.04832759266925454,0.21219302551091482,0.21219460014836866,0.14794840110954804
112,0.05013195794099538,0.022414368354170988,0.0633632862644413,0.009015054265375189,0.09478369536910247,0.1321145063562862,0.13211524974151165,0.2200995790021283
113,0.011769169987828183,0.14739498227907744,0.020718870346598188,0.37125102112265135,0.04138569228997497,0.21123860726677512,0.211238695133778,0.3638364361974413
114,0.00046749117378228067,0.10771520705523019,0.0322511378223834,0.14796229302005937,0.06991502013416583,0.08057929397176805,0.08057927820046035,0.47228123061470345
115,0.03777543131673688,0.006103435737108143,0.04210837515073716,0.043658666251734285,0.24626812456329378,0.15365213641535072,0.1536525163804464,0.41572160459688556
116,0.04125767138667543,0.011562787401542624,0.021424514723616048,0.06501471713281726,0.014326350172488775,0.1987358051775439,0.19873738058865603,0.05389176315021449
117,0.024163967375539053,0.055336454691714686,0.011798342863811512,0.03942116933131051,0.03514779723190001,0.08087335076051733,0.08087177517533212,0.09797351792188919
118,0.34804619388605684,0.047076424082319664,0.3823880655074493,0.03586016037877404,0.3121728850269391,0.4197728228714397,0.41977530068274393,0.12770938331456447
119,0.1153326620403867,0.05537054136400671,0.06908779709806709,0.016804761349048892,0.2088966279107339,0.06708317577380954,0.06708280624028576,0.0038419579576399465
120,0.16273232785058978,0.06408173095120587,0.17190415062045322,0.012973120161823629,0.3758056798302081,0.069524571071233,0.06952706142232787,0.06786435775212832
121,0.1857545415310211,0.21501167722142883,0.17938538141362265,0.004998638503131439,0.3895217542567051,0.10637918297040291,0.10638084206926945,0.20478595904718522
122,0.015041376099687864,0.017339981731546023,0.01608939199439846,0.04282880149375656,0.23249182634997495,0.0991628513234803,0.09916128827808574,0.03730139931378654
123,0.18401068782312052,0.16751361664305053,0.2548014159567439,0.06418485237483955,0.2586604041653477,0.10153441832350754,0.10153405072412935,0.3216450383154019
124,0.10664719292332125,0.24489342675964176,0.14181623682265554,0.016804761349048892,0.1282462599956503,0.1776792674005006,0.17767687310287772,0.09862363997350307
125,0.03865346317677384,0.028933174656881167,0.028375539736258594,0.10608005601587117,0.02312160893377082,0.11172393490647414,0.1117264262246418,0.39805968284622556
126,0.03505967435901589,0.08850563317537308,0.03300540708756356,0.022923161562442645,0.05524206217402624,0.05329974554250064,0.053301042188310166,0.06143774655038203
127,0.07465489664555038,0.038753993404045145,0.09756758859454609,0.10409616057883075,0.02340509559233589,0.4187922743554189,0.41879264003999295,0.026148539681738386
128,0.016220623605943202,0.0012845603801542108,0.011987396428988377,0.09242618741976893,0.002379000153366867,0.5727041512386934,0.5727041527294795,0.12945302616470233
129,0.004604777675544444,0.0413738941200567,0.02808845839654562,0.01607538802660754,0.0365534597271577,0.022914448690387466,0.02291313649804532,0.13577198931129505
130,0.09591347007942096,0.018480681288108786,0.0740226397479286,0.07092426187419767,0.09672119074514478,0.03515285142265248,0.03515117503652235,0.15795140666826124
131,0.05053012359522896,0.0682558719947376,0.044411638853230545,0.012320157377923753,0.022410952375165716,0.014851257778042255,0.014850907465927717,0.13668131174919018
132,0.02914182252331393,0.016720375046133995,0.0406243435640099,0.25648267008985876,0.043894515565007876,0.25541025150107766,0.2554102376194042,0.2607917098267967
133,0.09971040628186464,0.07835795493940584,0.13829618391877668,0.06847356751079471,0.08870286633913864,0.032832769088713465,0.032832056516956504,0.22127671297595786
134,0.02210223224467904,0.11992439209079364,0.006253160617730791,0.017061500758548245,0.07584214078046747,0.0861195398586953,0.08611716478248166,0.20206746942188641
135,0.02956428326274274,0.10554210432999778,0.012046524292994368,0.07933247753530169,0.09191205168175134,0.03718079732706586,0.037180813142884905,0.15983116662013575
136,0.026157186680503895,0.1819216327689356,0.05767145135566187,0.013624693663204575,0.1481416450494115,0.16912968895420707,0.16913017279553927,0.18979146510752187
137,0.1085080749018664,0.020272113281087134,0.09534757070058783,0.03834419752263143,0.12953351972283317,0.1903089644520194,0.19030742159510686,0.115169208953591
138,0.06759589274758071,0.03468701705268756,0.003277317462169402,0.16382308320690858,0.030603838388526608,0.010410619792252218,0.010410636575144072,0.13205345790990297
139,0.07955236441745919,0.060738691363441455,0.14742715991753227,0.013163729723421648,0.10722051354696285,0.19871960049302423,0.19871972091422666,0.1666771188083542
140,0.07336447665201731,0.2219654618946002,0.11021317150970575,0.21414400746878276,0.0803784762231681,0.059127619180238566,0.059126908523285726,0.26776983013540745
141,0.07705582751759038,0.011866926719996562,0.08724316334072427,0.19535535068269344,0.06942892013267078,0.2888784146216977,0.2888795923370908,0.010098699136601219
142,0.055911426490564436,0.03861514987568133,0.0011078694519002508,0.22593068035943514,0.04231389596026133,0.29572612641732915,0.2957261086867059,0.09883670730385077
143,0.09939960515681531,0.05522470965534573,0.15855214533006567,0.04962656085891004,0.1292271690048589,0.06655125660215275,0.06655178940586276,0.011262740266714394
144,0.0724152077806694,0.021151805926696438,0.050924650873303945,0.04758431555607423,0.07094067494138903,0.02706080832396171,0.027061342094744506,0.06673889259419838
145,0.10572119315305728,0.005097799408302267,0.07364025362741605,0.08239001050297583,0.0523434407776458,0.1464371995424479,0.1464372662547904,0.1388683267512527
146,0.015491845928035715,0.01768515299545284,0.010176216594701748,0.09948652118100124,0.04225109855747474,0.025780845635357652,0.02577828439267188,0.1622852289973353
147,0.02010253871146475,0.024428078713244837,0.0056708289570938375,0.07404597969424667,0.1706471843297922,0.037425402319826606,0.03742630105805572,0.20636698376900994
148,0.0031304922630242815,0.016881123856396923,0.06602365114560291,0.009511028124635279,0.15250866986536118,0.13986526337292346,0.1398653308589242,0.1116944669313383
149,0.06572016461755933,0.14465604316452332,0.14343447310071197,0.18786322791457583,0.32061585302035417,0.17188550863375285,0.17188294721699393,0.12627002920373556
150,0.05440918378115281,0.04106445416802912,0.13433189403664414,0.1963823083206908,0.28149037276833105,0.24891078305532982,0.24891227503506036,0.12640219732412789
151,0.00512556420692889,0.12591312800812626,0.06183490877971054,0.3947718520247403,0.2762834656975229,0.3410284262754876,0.34102752736318537,0.43707991474160496
152,0.07971460096271876,0.14257159788448004,0.123333722332439,0.04667989263624695,0.34932616263231575,0.09574831843263695,0.09575096142893158,0.1713789013245992
153,0.05253949171730188,0.04433482039008152,0.004202357334578272,0.01867195705449877,0.027261987522395295,0.14583732501547766,0.14583996994591789,0.09194255995513342
154,0.06011959047612397,0.10273957761148683,0.04706150075854832,0.027934998249504017,0.08045403354071301,0.23647869497380525,0.2364776516686169,0.13796884798788053
155,0.020487084856345948,0.14277960360050201,0.012379118528027373,0.013467149025557235,0.02115960994492156,0.26020631285491547,0.2602064649957435,0.30252554939722004
156,0.13633133781044657,0.015489156061559761,0.09849612945890232,0.0888084957404599,0.110892979510229,0.3812463345827243,0.3812473769401813,0.2297908728466867
157,0.08963257537304153,0.07830207090364452,0.07026957637997344,0.06432100206169525,0.17438158226879003,0.05519799110891166,0.055196964123914116,0.2103434707265829
158,0.25658916212782024,0.18921987775855365,0.20632395845489476,0.01713541058855564,0.05479354194390762,0.12375549276525044,0.12375576602506719,0.22295260010225865
159,0.03903910495892837,0.04148390383477779,0.04041856303730618,0.03849146146963862,0.06910434213768757,0.16883916152744366,0.16884063023327678,0.010309666144723145
160,0.16743739410304193,0.028785090893507004,0.014824755903060871,0.09723032637024936,0.012450064271846584,0.06711018394323864,0.06711045817012823,0.28387291689375205
161,0.12601319266728317,0.02187890232944867,0.20853152837748534,0.09480686194421756,0.3579571369533945,0.24048443009173526,0.24048709521065753,0.20043431805835843
162,0.02588784406686917,0.06268336045963233,0.03105729956821246,0.03082817909518809,0.19119709309060562,0.23812448060468824,0.2381222610748928,0.2624878314949881
163,0.014585176308711437,0.1414740341768227,0.017961644688217607,0.016551911930602563,0.004602761694818644,0.30923218951158915,0.30923116542781004,0.32617617370695434
164,0.10450050719094486,0.025300879533544873,0.07892947446220841,0.0513012020072354,0.07536582530725114,0.237308403651319,0.23730738034119808,0.17732227632120123
165,0.024640131901988493,0.09276790344279684,0.006164468821721662,0.2593068035943516,0.01068710667047914,0.12847434408181296,0.12847287346117575,0.23990407622335086
166,0.03555308546455359,0.03736977687842202,0.06267981483642579,0.014879215777803712,0.1123797695583588,0.22227827553217047,0.22227855990125023,0.06916684445839616
167,0.043481396015208396,0.0996116416476435,0.08498891352549909,0.06643549005551574,0.05488900250375245,0.1985506576510602,0.1985497465741236,0.07639207611650253
168,0.04416051247626321,0.03465121362194434,0.01698914692496231,0.06225930680359437,0.03842060220768978,0.15601533127216496,0.15601644689347305,0.06068382451014959
169,0.0555362209448565,0.030997738647327383,0.006521958999494495,0.020022339662904495,0.013866672028586852,0.1036396550714429,0.10364160194497937,0.09266601932072763
170,0.006105278816721807,0.06649412004950306,0.0007223713385458158,0.10730540319757265,0.043962023702154546,0.004471621395399805,0.004470507708237287,0.02071920637364766
171,0.03504025246941303,0.14063586335168834,0.00015170965106814371,0.05858326525848991,0.013679930054220371,0.13578457359894228,0.13578179837439588,0.12344280980059252
172,0.049666236465663635,0.08841099340782962,0.041446298673513224,0.016454662154277058,0.0067936300076577305,0.1358597183353721,0.13585933400285846,0.08825217137335536
173,0.0013979747074451127,0.06112475862774608,0.023082428910413413,0.08023106546854938,0.018065205675919987,0.04451458714986431,0.044516697347693895,0.07208425979810007
174,0.011539295433187102,0.010244355833381569,0.09313105379857603,0.08507410432955997,0.08131229136966292,0.11849588617053244,0.1184969981169639,0.18467629768298488
175,0.04434404976597628,0.038116352441138666,0.06952814408526842,0.031742326992647896,0.10187671302168019,0.007593568791231103,0.007593485291646218,0.24392001752738698
176,0.07903574509735027,0.02328401736846422,0.06575679775936541,0.06511845022756446,0.06301087499306614,0.07965737883432206,0.07965932203298187,0.13372472713626546
177,0.06904219918795113,0.0584039394138908,0.07196833547282841,0.30659353483486984,0.054901992056706386,0.1545848867045699,0.15458377493221157,0.023257119308057878
178,0.056819150867360224,0.0261754256843032,0.05877037382813996,0.013703882766783942,0.07116747817979588,0.09454674942398952,0.09454455747255108,0.09981596519417932
179,0.08351407710828723,0.025555844988757848,0.06637958532695362,0.018613607188703474,0.08237117427271565,0.20399204594429302,0.20399307613711565,0.05147153254608505
180,0.04191144227761684,0.08109681096290092,0.04886723460536055,0.018018438557591304,0.005577521327752882,0.00890815529220873,0.008907491227319708,0.019755047527823033
181,0.11579011530530603,0.06660524922830527,0.11985568133193286,0.28894853541836846,0.05708138376167038,0.04391796350352689,0.043920159129841985,0.1881043520757659
182,0.028629439155664183,0.1210497990276671,0.13175671995954386,0.10033259423503327,0.16522350534464442,0.25337632850945546,0.2533761595813851,0.12450051662734662
183,0.1608246352470201,0.3066719486424325,0.11417823939004895,0.09623059866962307,0.2793130293012014,0.040345227772436376,0.040345032680791815,0.25921175068655067
184,0.1426415182907781,0.004265755148901679,0.05750379274127726,0.026685338623721133,0.08814254697264237,0.2581280629633006,0.2581273499690113,0.05054947454980949
185,2.374070928976013e-05,0.1642106168710277,0.0041817403819972565,0.24455595752129772,0.08289632193688473,0.13845421400300717,0.13845552770696262,0.07067727115801206
186,0.03771431892064492,0.1068675385735697,0.07701598786322733,0.33989963823083214,0.2137306993945743,0.07233032298011371,0.07232901121030388,0.21884332963153588
187,0.05117514043788968,0.02712765376554485,0.011676586143852974,0.08968374372738941,0.14155811108732175,0.09390377180599602,0.09390375931392769,0.19158180459771182
188,0.29224951388605214,0.1967414427156946,0.2977858170926208,0.08139806278445558,0.16527632742921367,0.2887131961989513,0.2887143791528992,0.2556448423064165
189,0.07534766562496129,0.09018313914297449,0.12729645621815053,0.04460263741393395,0.21940716536351965,0.33124852257784654,0.33124767883354983,0.005469652293813798
190,0.17169380109195345,0.082421750235424,0.15079705916676367,0.3528533084373906,0.10539719108432904,0.1430044213234654,0.14300311052072834,0.26746027612706136
191,0.12597917583692986,0.08516805085922738,0.15907340413117055,0.13592601237017155,0.17311774183410666,0.03555472717845237,0.03555591090605864,0.16274087308664617
192,0.332534739293032,0.17592462488644767,0.2867300735208306,0.26917960088691795,0.4061290235270107,0.3251243336229889,0.32512671279661154,0.23066911690643827
193,0.11201508976440205,0.003364146555690062,0.032911269304080004,0.18213910608005596,0.07832921469322313,0.02710733993699771,0.027106861160147266,0.12971194490412435
194,0.06246751149272811,0.1919361339113178,0.070222507488233,0.13037694013303766,0.14808956441027077,0.28904501423108087,0.28904656232654824,0.1682160014919729
195,0.012640158639524057,0.179309996649882,0.1106577974870655,0.006301785505893498,0.031587720706365396,0.023770342083453633,0.023770820686230987,0.22339129487330417
196,0.36542272736629794,0.02541460984575944,0.3722880927373879,0.15915509394328392,0.3535728133078916,0.21692367941673169,0.21692204974172863,0.055351452128260425
197,0.2545035153071298,0.000826624950181265,0.3394445092776284,0.0836737075504726,0.1575436410296348,0.05654766514224624,0.056546074607133845,0.04055506333621739
198,0.2735021514266108,0.18893504073202771,0.25660481580892497,0.2144552067530246,0.1756122503082862,0.07797886075975913,0.07797966111667948,0.10472792488745464
199,0.21144468537559058,0.11251917993720484,0.20019333255533384,0.4235033259423503,0.10968467816707977,0.3205375270849724,0.32053630074364803,0.10663836429271228
200,0.024306390571609438,0.1322633626859181,0.05720620842571977,0.06243435640098027,0.09530123896330472,0.11675636001065737,0.11675596588863413,0.15245514664944454
201,0.01982545350717957,0.009143961465042927,0.03002217294900278,0.02777453611856695,0.0281947576259709,0.07272381000054473,0.07272341665217974,0.19474019328887948
202,0.013222802474658422,0.04517858685252407,0.004197689345314309,0.02369004551289533,0.049551720813650814,0.036532350237859834,0.03773095938036866,0.14215569730249203
203,0.023387905182993815,0.05424917815780261,0.047406931964056515,0.029904306220095683,0.03936138824239194,0.0309847963905599,0.030277918086229705,0.10124311483097898
204,0.02205490188808005,0.08082770895048122,0.10627261057299567,0.36859610222896483,0.02242918102157932,0.030650644295041246,0.031522767073979746,0.09638638395016724
205,0.02422608771464521,0.027971174231014057,0.07324658653285099,0.03421636130236899,0.040678608939199445,0.004579965524574708,0.004886340283604601,0.09701890592491402
206,0.27174978041848974,0.06500356066448157,0.09238300851908035,0.0023339946318123514,0.012839310802530868,0.08816961943893556,0.08628824618228328,0.08213036359810866
207,0.03243555232529477,0.1017097532749176,0.13120200723538333,0.10082856809429336,0.13170474191271886,0.06590367953770651,0.06750418007722764,0.02242475886970679
208,0.04059707187316733,0.020619143260959594,0.036395145291165665,0.0657486287781538,0.12787804101882227,0.14490531223614994,0.14257469575137688,0.012153673970905526
209,0.09735671365825604,0.04559116232616369,0.12087408098961361,0.30802894153343446,0.29060552663834455,0.08212969897665046,0.08255482801458452,0.1124214546687457
210,0.03342795465256149,0.07438436150550842,0.11576730073520831,0.3096977476951803,0.13352686542706965,0.16156967793093113,0.16317424393716595,0.09141113751163518
211,0.018909833195903128,0.04612148879623035,0.01416034543120552,0.034659820282413344,0.06593534834869878,0.004960710525408189,0.003075343043336058,0.11178893269399898
212,0.04170269177530731,0.019264180673603026,0.026548021939549624,0.008985879332477534,0.013838305711329033,0.04678389849163489,0.0466387739817935,0.19180029071916824
213,0.2869090966516472,0.06135031989580941,0.03616874781188012,0.05636597035826819,0.5379831856670642,0.027001665104905724,0.028099533338166637,0.11258419153794183
214,0.04262369364188462,0.029604732990264893,0.08858443225580581,0.013264869490800184,0.14188386239951087,0.03294000059051196,0.033250369574961657,0.22990650211171723
215,0.10674681193407512,0.14960500173994973,0.10656552689928805,0.023884545065546353,0.01648989226192704,0.04250205928607656,0.04028620285478783,0.09499001572114119
216,0.04280193006995693,0.0933354053972816,0.06262691095810474,0.06642548722137939,0.12399853871640443,0.1252988039157159,0.12672716109819343,0.13675401194063333
217,0.041399631974853246,0.07832438837745972,0.0700536818765318,0.011786672890652355,0.09332726239647673,0.006246453582766265,0.0055435695038559135,0.17848785800408012
218,0.030249311320479783,0.07374565515305062,0.012192787956587903,0.009724977632551451,0.002415932741227006,0.09445338220773367,0.0959864745248789,0.10108872071986752
219,0.010690270450075257,0.018391106190321416,0.029290465631929385,0.4168125413311549,0.12769487586700287,0.21297671490449488,0.21195024911902965,0.43156370748649253
220,0.15243813338993384,0.0030256960867499905,0.006786089391994543,0.04978410549655732,0.16496805877944487,0.08576992727142144,0.08557054368780978,0.0528711227708526
221,0.04740936131587059,0.004178677115505458,0.017653168397712735,0.3635780137705683,0.09663025649803814,0.10104424128427708,0.1000573584518542,0.050599824468432086
222,0.18363438044726438,0.04245261807455067,0.019868129303302673,0.373730890418952,0.2378118081648058,0.13760259050341078,0.13756845139440743,0.08831685634100422
223,0.1512137606187105,0.08333229230866157,0.06709534368070953,0.02369004551289544,0.3087259338863961,0.04256381266674708,0.04243270730114218,0.08866259006497668
224,0.05776443836917633,0.0247775414385391,0.007856225930680368,0.06101061967557475,0.30022287467430414,0.42394196205746537,0.4253207826093778,0.08768433436625753
225,0.052429266550966136,0.06897732615470886,0.09130703699381489,0.22616407982261644,0.29212152745603504,0.5631107946278062,0.5639938817558937,0.1680414261153992
226,0.08097260531690309,0.04071374070423182,0.060958104796358985,0.010036176916793087,0.17570884214295512,0.02045708915497115,0.019972444566564072,0.09298017282652665
227,0.043299142732525026,0.048042754212815834,0.04309370988446721,0.03606021706150076,0.16184609113427206,0.03197242356048648,0.03340981187231309,0.03805059377958231
228,0.006734720569624271,0.0005410513482498394,0.050681526432489264,0.10477301902205627,0.0018338529249954175,0.06733441644288896,0.06651928290526528,0.43228400895741914
229,0.023827020359051404,0.06767358052951758,0.25282996849107225,0.00023339946318122473,0.004581999987715829,0.06714771670152317,0.06773709642459799,0.5886832885660379
230,0.06370283898513737,0.009918991813221173,0.06917376590033816,0.02769673629750652,0.03046128724454218,0.12938000687059267,0.13092213031708702,0.03828627828597852
231,0.20770419284869396,0.18637714855227694,0.0317096510678026,0.07387093009686078,0.18511367594632522,0.17486620053990293,0.17483332548877487,0.053012083743587735
232,0.048891730956337476,0.002868018770512848,0.04774652818298497,0.06500175049597384,0.13156045699349161,0.11913304447661352,0.12021815762351323,0.0012042681292556215
233,0.15924375545607367,0.07245860986384611,0.11585249153926949,0.0592056638269732,0.0937083489444816,0.06289017143620323,0.062185425378786796,0.2715446438752085
234,0.008556269331712163,0.041230736225791265,0.033208075621426025,0.1379779826506399,0.031208842505376505,0.2793501050792591,0.2808813354178983,0.022035151210977932
235,0.023568266298536977,0.06661492177479911,0.014059983662037617,0.07655502392344499,0.0245806487276658,0.15992159560527186,0.15971258297168034,0.07704676192776419
236,0.1610535944763704,0.061476384985473365,0.07514179017388271,0.0610339596218929,0.16980644515946183,0.1708060038744697,0.1715497349642977,0.021408373998641872
237,0.13064627533675402,0.025905568487850944,0.04227097677675348,0.056249270626677554,0.01378086536283335,0.23426800475794632,0.23362064200408914,0.15516323290057854
238,0.2822545877278104,0.13204696180453468,0.18444859376823433,0.17084840704866375,0.1609574958319152,0.06591960770971117,0.06639023315388182,0.18055475107053953
239,0.16757637555354632,0.04564724016222965,0.05165246819932323,0.08892519547205041,0.2990533592360972,0.1399351442168523,0.13984858746692508,0.00518081901331835
240,0.09313654970647511,0.03457265110830538,0.06939666238767639,0.17306570194888546,0.09585107084688477,0.0003839982995730018,0.0029215921180348603,0.1873853347830227
241,0.006670872966281938,0.017817269550319703,0.07054848873847575,0.13554673824250205,0.010366492187668386,0.22401151709164482,0.22370989966923857,0.04868835065775279
242,0.07462786165881297,0.022123644758597988,0.024492939666238583,0.08898354533784573,0.04017914365354337,0.12305289844024556,0.12196378176902814,0.3009426658961254
243,0.15826138181500593,0.05196719038707678,0.07877932080756209,0.0024506943634030054,0.29843317293980187,0.16171184282801038,0.16157546988021243,0.3111402003905033
244,0.20410500250112562,0.08000606804136662,0.06106313455479023,0.19908974209359315,0.3268107446509878,0.10371847381374086,0.10179224166162676,0.08396130574736627
245,0.08015668711024171,0.08905362547633389,0.07506826934298019,0.15007585482553387,0.0005316813198272818,0.08274385535870019,0.08177036693000558,0.04465184199202868
246,0.10511614188057415,0.12700406103293305,0.10967790874080996,0.06856109230948773,0.05539984962952621,0.039232837881155086,0.03842459392706879,0.16240325045857287
247,0.05943712515295333,0.13626784891714383,0.09662621075971578,0.037227214377406934,0.06509071012743228,0.2291932992596496,0.22681005680794092,0.012257267021156648
248,0.01275655113594397,0.1227668821811676,0.15316372972342174,0.013583848757147854,0.006030875414700848,0.07012226282533424,0.06713542577875153,0.05267382088083211
249,0.019983745232837663,0.04700213793501273,0.01650250904422912,0.11973392461197332,0.02414681555607419,0.10916263963914133,0.10808129003939768,0.15597610190733116
250,0.0339665740780948,0.0702890804558488,0.037304236200256816,0.1897245886334461,0.0017636083032514654,0.23120385723189657,0.22854750913453048,0.15832935280543814
251,0.06138314833031664,0.04209397692693714,0.009725755630762029,0.16043295600420115,0.27135326503739743,0.22831769717340156,0.226614092799455,0.22693014188271782
252,0.06226596539041899,0.11724226343852942,0.12749562376006554,0.05344847706850275,0.21482386814576715,0.4256710252129987,0.4288845555044626,0.3257474305003685
253,0.04098369738377938,0.04437062337999792,0.015402030575329628,0.14295717119850626,0.273446453431631,0.48877424677225223,0.4910350333402966,0.11109554854519627
254,0.2133790855572027,0.10025199263860163,0.22621309370988474,0.014564126502509045,0.07158800373361462,0.07491062998757916,0.07506051183404419,0.16154652417374382
255,0.02669926505287036,0.0034201666686677346,0.0937017154860545,0.03720387443108881,0.03603104212860314,0.1550106882107636,0.1549348162426798,0.25830596127387795
256,0.026920458054186497,0.23482472110704442,0.0788073287431437,0.00811063134554791,0.019780604504609625,0.19961259966437456,0.19907971739669617,0.2786837564562417
257,0.003483982722893686,0.02712492226218799,0.026383475318006666,0.11745827984595636,0.026475437797814062,0.15425413489316217,0.1528841371445871,0.35924170345025525
258,0.09136515690380251,0.003625277791088344,0.006774419418835359,0.14637063834753172,0.08704594990449999,0.2158594179457991,0.21654977761661204,0.07704736719459435
259,0.0162788483695554,0.10783315348658573,0.025161629128253094,0.2883942116933131,0.03908826799172044,0.3314775187208305,0.33121513466822394,0.14672940067517978
260,0.046031386574025245,0.05666731704017333,0.031251021122651296,0.0289415334344732,0.0769947318406882,0.006710884949417684,0.00785825491982517,0.18846324673862655
261,0.12315127083760466,0.09161419085032296,0.03501692146108075,0.15462714435756797,0.09112800679927989,0.5801454593070217,0.5818500114715269,0.09026507637602144
262,0.007029979882106074,0.08823408353549902,0.09602053915275988,0.2172015404364569,0.00396385958651535,0.5829643213227356,0.5824328970911854,0.25693967712702515
263,0.047159613552064106,0.0002519036065545266,0.04470416618041734,0.08373205741626788,0.06139864628311356,0.31932164525377593,0.31862497654761734,0.26386663295767765
264,0.0027680911128783875,0.18545385523943658,0.06266775586416151,0.023573345781304697,0.04517508030784162,0.03206961896375249,0.031910705987938395,0.33162451916583213
265,0.053003530751400595,0.0721790845787279,0.05745711284864041,0.05699614890885751,0.051691406461877816,0.18007242461045053,0.18246731398232025,0.2598455209238447
266,0.007287702019881617,0.085886453856024,0.057115182635080086,0.010152876648383706,0.021130987113015358,0.2309888306907053,0.23174821222501202,0.10849190951538029
267,0.10914954085203563,0.05535160045610424,0.03339012720270719,0.04369237950752714,0.18675079381283266,0.23201815512744486,0.2326200592586171,0.20395363461349192
268,0.03242862334445809,0.046217607142753046,0.06738709300968607,0.07779982106041161,0.06500551500344451,0.10924670587915541,0.10870625051825611,0.1835758394311281
269,0.03259086015091889,0.05708476968178297,0.07381374722838145,0.008192321157661303,0.018862953199058563,0.1206083956870912,0.11900049133077725,0.13682827038008416
270,0.042788588566528146,0.03186146955476757,0.03314505776636706,0.04527949585715951,0.02376931815907604,0.036580599066371566,0.03756094627104009,0.08359017420595996
271,0.16418801118735135,0.10285698044521277,0.08860543820749212,0.008192321157661303,0.21232290094514414,0.017262476891378747,0.016337336649208292,0.024020651333187426
272,0.017678085377110075,0.0037308025003968126,0.028031275528066307,0.04527949585715951,0.005440820503190641,0.04149783290223463,0.04112884736391387,0.1572394280063878
273,0.02154059225144441,0.08315293658000891,0.09139922978177153,0.07628272454973353,0.08171395688548538,0.06675429056283366,0.0675032932225407,0.15061492734532472
274,0.0021605734080767103,0.024894431638584097,0.056794258373205786,0.01735908507410433,0.07622027995651398,0.13259092158569702,0.13350516872001236,0.056827323857892964
275,0.036010299104119306,0.1318072306572841,0.10173999299801603,0.09915587194149456,0.015543896857732858,0.0372646868161057,0.037802982295748466,0.09862108409160866
276,0.02196976592756779,0.04883243184076305,0.09214377406931964,0.12253471817014819,0.004220914235559231,0.25834073489460607,0.25712933985817266,0.008931410588946226
277,0.09677517760186763,0.033244248118335484,0.01986346131403885,0.08087291399229782,0.1196091258453828,0.19027345814600577,0.1881093193861528,0.05892015678199605
278,0.01422691355046335,0.06334404435370902,0.010233399463181636,0.07001983895437039,0.06809683783514456,0.021126231434175552,0.01784410447629481,0.1744922659976073
279,0.053487682653535686,0.17595587837917273,0.0970976776753413,0.08460730540319758,0.007001296644228314,0.12885407622259543,0.12832544530030543,0.08041036121760259
280,0.08574788310662429,0.14935337179029046,0.0061955887501461415,0.13447699070292138,0.19643899104746343,0.10748717418864312,0.10879241125188915,0.18229359236701098
281,0.22686983909380043,0.029212882616428404,0.02232582565060104,0.08381958221496091,0.40307721768939697,0.01249350071202679,0.011975762897591918,0.028481175189853408
282,0.004757447767150036,0.11161437365983445,0.1263332944334229,0.10996032209125917,0.16632288239243545,0.012228768017575053,0.010758286479720713,0.05874209289675686
283,0.09504413169013937,0.03699055693157635,0.02380324425253791,0.13379624226864284,0.11913783594148361,0.4084470098695402,0.40836762217537104,0.23433995644407685
284,0.18616895039206485,0.133657957997257,0.12062317656669358,0.2663671373555841,0.1900396059205677,0.1738677873377603,0.17405097073626483,0.061901579777272814
285,0.08037960188925686,0.02259921492335537,0.00879682576730062,0.023602520714202324,0.07218995736735337,0.12404696539168009,0.12279659703893678,0.2846423052943419
286,0.19624016411594952,0.03141593524449515,0.022850974442758715,0.07219823394406194,0.2543361244019139,0.011064622139224212,0.01073999199434511,0.16075621366189985
287,0.021878366139489347,0.08267893981023769,0.09251371221846194,0.09117166530516979,0.23566498415350173,0.08827019118693508,0.08770258694833527,0.05039029236692788
288,0.13584933922239417,0.0800561474583811,0.0814307387093009,0.01164079822616404,0.37768929377519206,0.046886080400754926,0.04761892911396304,0.07290728849420341
289,0.06742398977251518,0.06476869770520377,0.11216011203174214,0.3507604932508655,0.09433080675830957,0.13774624580111694,0.13780089633672,0.2643668901884122
290,0.1958759450819681,0.04245981531627874,0.02484537285564259,0.04216750301474306,0.009853889434063512,0.30685470986234786,0.306458677269673,0.3111144592394561
291,0.30031854629868593,0.06406526775479193,0.08575796475668063,0.10202474034309722,0.31212793656494897,0.02623186874763489,0.026350229758113852,0.121245375233133
292,0.022087481188364677,0.08728807170258365,0.08205274827867878,0.33136888785155794,0.04038632793839825,0.12643225412718945,0.12481037216543772,0.011353208786196112
293,0.23959820162409495,0.12841059370989105,0.15835686777920366,0.30727039327809547,0.05374231032125765,0.2991257778993471,0.3011395975805883,0.29757299253198616
294,0.08573311405231637,0.3208989538908812,0.24324075154627114,0.06768584432255803,0.23992006068386035,0.000791948316703428,0.0016877797999168553,0.00463066149154584
295,0.06992019284477585,0.22658513526903148,0.208953203407632,0.10397946084724008,0.022086713055981644,0.16243442739522385,0.16411775812724844,0.26238867032759394
296,0.10884410682358808,0.03647067263671988,0.11687478118800343,0.04301552106430151,0.052520544251291934,0.13119495019223282,0.1308075490028101,0.04621444331479191
297,0.36592606936153654,0.030933504170555737,0.028082623409965923,0.42032909324308554,0.41727994806861946,0.19490270992640105,0.19608705790848044,0.24178894903597403
298,0.21346102524096555,0.15455118567012316,0.09845256155910864,0.3378457229548372,0.12444850502319127,0.3565709059338309,0.35426856975372367,0.03960642993960589
299,0.2556064298753566,0.33575200941685357,0.24872797292566268,0.33883767067335746,0.016884145567344078,0.19046276078916874,0.1927045876293354,0.054337980159625876
300,0.16708246611030408,0.10087723334259363,0.02936515346014673,0.14272377173532513,0.033957684967864,0.07888725901300819,0.07682156975530502,0.30110888915698786
301,0.05253348706693639,0.052105891146700556,0.02827284397245844,0.05817481619792281,0.024081633403836955,0.002811233229875254,0.004438572367312765,0.09664628663212405
302,0.04741141286017658,0.008023098199839707,0.11585249153926963,0.20124868712801958,0.07980516983245317,0.09684921857263684,0.09495283925625553,0.05275852424029415
303,0.016178131617859776,0.03372159533133959,0.005237775703116232,0.07083673707550474,0.09451062128734422,0.16450382476604208,0.15942959923537844,0.1755319384059873
304,0.034298627652479666,0.015494812740329711,0.003120113198739588,0.021426070720037355,0.027815138432183792,0.013401888179160965,0.005213228438343431,0.018574341109252324
305,0.019044445274754615,0.010632928099567174,0.001833352783288611,0.17450499863850313,0.011013837037691869,0.11694148974498675,0.11073070171560231,0.12704515284082116
306,0.07193783740585757,0.07451787999636483,0.03355000583498628,0.10552573229081574,0.020320794636496907,0.08788189466793314,0.07912495367775516,0.09259212232596903
307,0.03179598166991281,0.04179080249214551,0.02658813747228378,0.1305869996499008,0.05672777990672906,0.1965806871787533,0.20049333343905412,0.19082549034855462
308,0.06814662829775554,0.03638807920594938,0.005380441124985397,0.16419652234799859,0.06654136800748515,0.26027180098228214,0.26220657553114984,0.2495853939863404
309,0.019007151063791534,0.017612769794597666,0.002655356517680077,0.10147041661804176,0.030311684062824293,0.12154876011087279,0.12914556119058002,0.11685998961309363
310,0.11871685022698278,0.06161164255956881,0.1466505718286848,0.1668222663087875,0.026042776106600884,0.21539712296317978,0.22137915913292797,0.21036002940801304
311,0.02403550567175538,0.008823414763014244,0.05093914108997539,0.09891469249620725,0.016783293720031622,0.27908823676670863,0.2830924012250237,0.26911993304579884
312,0.0251531020141302,0.011097749193708824,0.051390331427237555,0.04955848601548218,0.12061199215150473,0.10560489875018558,0.10260759007972345,0.11450257965367427
313,0.25010359827536216,0.13556578755378723,0.2037501458746644,0.08775819815614425,0.12962590193087292,0.07552330764475451,0.07450387068572545,0.08935219871398625
314,0.032462071749939286,0.030392568098064454,0.03597021239351125,0.03858093126385809,0.14586168704471592,0.05573451358022413,0.056275748128014946,0.04248174999771562
315,0.3077571448225682,0.2294998096917526,0.276100040844906,0.07590150542653751,0.29974647844942354,0.22720997659374229,0.22452168132161499,0.2132605668964586
316,0.11500757025526795,0.2012149075885013,0.15834505193138093,0.3037694013303769,0.32873092539042864,0.16096027032159915,0.16562643730515952,0.1798408901846259
317,0.03033290530453342,0.06197611947072987,0.02144809779437465,0.11623293266425486,0.32909360482480193,0.08979041846222363,0.09449257088076699,0.08227941337490122
318,0.07440894121101943,0.050866802652876304,0.09572324658653306,0.09855292332827628,0.024178121460446192,0.11673773447666111,0.1142546136524202,0.09866766294307736
319,0.04527553989700983,0.00523276771919251,0.11327415684444014,0.038277511961722493,0.06339411109009624,0.008967062121713582,0.014123839539745275,0.0018258372520355004
320,0.08037213571728963,0.09011343393850002,0.049210672190452276,0.11915042595402031,0.06185444401728948,0.013583687614099615,0.013896170302254152,0.005397493572258716
321,0.016872530295700603,0.03771129250526428,0.06087233049363992,0.022289648733807912,0.020565561104381902,0.08176528368159292,0.07968030243974858,0.09129313950667109
322,0.018215162281784353,0.004715461744312255,0.003231123818415088,0.25117672229353866,0.0037770316974425067,0.0018981018858846288,0.0032021901150552923,0.01818882038545483
323,0.0669996441508281,0.06646768789278026,0.07869923561675798,0.0050881082973509295,0.2886042017711004,0.12359170611193016,0.12160584832114413,0.10936044455044458
324,0.024014917080776688,0.008107135573823525,0.008462043412300009,0.0767300735208309,0.07543544336192995,0.10640990592316119,0.10244617642094209,0.08724743419593256
325,0.029394001214771884,0.028563394737377207,0.00906654802193936,0.00711868362702766,0.07945442922420665,0.17717750795780635,0.1770115895248657,0.15917390761740832
326,0.030405913836332347,0.08351090550422668,0.07195632512545198,0.07717742249192826,0.14211986901358598,0.20514440175131093,0.20731946183127747,0.19665489868501146
327,0.05990293841380809,0.022296215977603673,0.06617939666238759,0.019255455712451873,0.09693434304730697,0.22043290594307072,0.22269948422105154,0.2077302959860601
328,0.08169929458373335,0.0015364935899200849,0.01608749562376119,0.006768584432255802,0.070439483813115,0.2229053789599243,0.22355719232794607,0.2098544459455261
329,0.0016695638011083869,0.008151231763354194,0.04019590967440945,0.006768584432255802,0.0005660807875664392,0.2514018921214856,0.2504389405795483,0.2380026360496998
330,0.050998523007684815,0.18221999066117234,0.07359989497024322,0.07807212043412301,0.050370165855935616,0.261159910561349,0.26155090775278156,0.2436092909875653
331,0.0021098287958319847,0.022666762153108193,0.005105613257089518,0.12090092192787956,0.008353709696420304,0.060601790255476656,0.06135589424838331,0.04763405779004845
332,0.06612920986668198,0.03927979281908822,0.04551318706966996,0.3254755514062317,0.039584854052874895,0.11389124811744439,0.11511501583597084,0.1317901907486157
333,0.004091895658394205,0.003392527381379677,0.015167026490839418,0.12071420235733449,0.06789078043657086,0.0828004012159414,0.08366106213299379,0.09611645673875718
334,0.01906145276482407,0.03550693630643542,0.09872126269109488,0.10529233282763445,0.04579466009172889,0.3419451478945349,0.33748905422266495,0.3151514819821737
335,0.08372599069262557,0.06636187842852426,0.0722308612440192,0.011646633212743618,0.09832101604768315,0.10866754543638849,0.10780408838591063,0.08715341274715793
336,0.048233269247369086,0.01106124044800183,0.015021005951686497,0.0617574979577547,0.05551136531400219,0.023314690001102173,0.02058551043018786,0.0395492894672021
337,0.10161304063678878,0.1980885615849915,0.04110762632745976,0.014377406931964043,0.31112132722864755,0.05573207007398934,0.056120271131996496,0.02998337333379089
338,0.029343357691762474,0.014542023221452309,0.006049568210993152,0.005041428404714637,0.05051426341902183,0.0049048663903766,0.009248810871249957,0.010981410018335719
339,0.025732580001416448,0.000677807448082525,0.04675370521647788,0.05884583965456874,0.07645789602299091,0.1471346912510687,0.14351990679191107,0.12434778496033971
340,0.002719443901727958,0.15308430454238242,0.057367837553974066,0.10715369354650486,0.08764479408437903,0.03505423062567731,0.031076339365045585,0.007684437226592844
341,0.017718432710882984,0.061808390734367925,0.028302018905356406,0.060100361769167936,0.06565379810446892,0.1954239401852843,0.19835534778531738,0.2229076357990366
342,0.06311120311249524,0.08452745628323544,0.10751414984245572,0.02077255222312989,0.15267223316758913,0.18617772174467734,0.18713125763327731,0.2087302071926866
343,0.08302994242384121,0.042591882254226276,0.0010459213443799742,0.06010036176916793,0.008624254238289358,0.1353863988578106,0.13436206303497747,0.15300767414007674
344,0.036978498460022435,0.2327324329714665,0.026669973159059834,0.0861244019138756,0.10307360194632179,0.2800260845969843,0.2793648555756253,0.302230246987606
345,0.0665075970286357,0.011992485002370129,0.04294506360135378,0.03462092037188316,0.008996605205366742,0.05002207496826158,0.056637637387701056,0.0785721969144334
346,0.08048833316369958,0.11726333990246182,0.08573039444509248,0.04741899093632082,0.02147959980685274,0.14209300220176108,0.14511592799980844,0.16536359092480224
347,0.013117493943251124,0.011252413202659267,0.02176479169097914,0.07651612401291474,0.025975270107625015,0.48385862011220926,0.48073340368927703,0.4605048308401981
348,0.114241327397544,0.06853427648655597,0.11869135838487443,0.14459096744077493,0.015308882971387328,0.2844021611618911,0.28648434627031,0.2666762281703982
349,0.08952213335112685,0.013614529391433483,0.05167726689228491,0.09513362119267126,0.09557331055597859,0.07680187105688899,0.07522530444569128,0.09586354937422062
350,0.03782312542719499,0.05088058520273228,0.03114992998016161,0.025697280896253935,0.0682536668971632,0.09285507024515549,0.08643420890408066,0.11087177939032436
351,0.024533269641219546,0.1221134241799488,0.08982290815731103,0.09938149142256973,0.21681274123630603,0.013293001248624814,0.014830868847581002,0.038210340275810384
352,0.14948155298293475,0.07404792031269114,0.13060362936165304,0.028661454078655627,0.2523653669770132,0.22966576028808486,0.22240358973429772,0.24367570981162154
353,0.06056676167257524,0.048686110078836276,0.04912942000233511,0.05029758431555608,0.24631148407382486,0.2506974980116764,0.24884790343712684,0.26621464197943123
354,0.08233035247808562,0.11479477751476233,0.07885415451044467,0.10397946084724005,0.08417896828761168,0.15341347917200282,0.14833435477753515,0.1682339770249825
355,0.021934326224656464,0.03206021665191272,0.014145903839421312,0.16507177033492826,0.1768357596746002,0.3218446479617987,0.3192838741139938,0.2960953034449134
356,0.018492976468727773,0.006343643651958497,0.010877581981561343,0.03390127202707438,0.046377660150089435,0.007300475009681173,0.011561867603186449,0.012472690169298306
357,0.046453144787664505,0.03329266189193347,0.06174451511261478,0.3347337301124207,0.09373402449123194,0.18452694408034545,0.17828767977540702,0.19936889909358183
358,0.0107694353811848,0.036495095589486826,0.07341084140506349,0.01803010853075039,0.003458417268720579,0.04637323603374799,0.04688425836213039,0.023010522472262762
359,0.08207524671205334,0.06589278987414193,0.056183481152993486,0.014179017388260023,0.033708337413352676,0.03181270922986901,0.03430160326968451,0.013381205834126858
360,0.01601259982454127,0.006756022167339365,0.022737921577779957,0.1284280546154744,0.029108038020359772,0.08555268294432855,0.07899294987188266,0.0992807806036633
361,0.029321395642225155,0.0019941726126266254,0.029574921227680885,0.09715252654918898,0.10469511536139896,0.1759693971930987,0.16997794537001323,0.19015972012448887
362,0.11699842486573302,0.12216409535165401,0.11550355934181385,0.06770918426887616,0.0731667084765839,0.26118197990770003,0.2535757631746555,0.2750239797817026
363,0.022531115962936346,0.014844687020629799,0.02254157427937921,0.17779204107830554,0.02709714112485126,0.32920466063512344,0.32600881232443346,0.3532788610582565
364,0.048310599470161135,0.06960017938627247,0.022810858910024538,0.07451277862060907,0.10048042040004981,0.1739274802742788,0.17217674323020682,0.148725110130013
365,0.0557802531124724,0.0071136223099893744,0.044279962656085685,0.058524915392694665,0.17288677671465708,0.27846866112602126,0.27833268899190833,0.25361461403914304
366,0.05594205493046066,0.07028076560790264,0.0276506885284164,0.05490722371338552,0.1667026057290512,0.21785794312358958,0.22095150080939469,0.19370054215148652
367,0.043965259388994926,0.013455032533686018,0.006359697747693183,0.0825650601003618,0.18195216473413645,0.18535259729970371,0.19240189840837502,0.1710576166590868
368,0.006137852156976792,0.01652664481404087,0.0064704166180418465,0.04216750301474306,0.01672221763646041,0.05649401895714165,0.05965963003930244,0.045776418837684546
369,0.025633275773248948,0.030483579027679175,0.035483136888785044,0.05854436534795971,0.07005482650347739,0.01779750728634049,0.01338023809569474,0.03274967145676543
370,0.04135652124510117,0.007703896250659703,0.02611667055665795,0.06691562609405999,0.02323045027366806,0.0006864123527431654,0.0009795294292228307,0.01691135012466652
371,0.011767935538494631,0.015624120426311533,0.009507673007352266,0.04942233632862644,0.018499422537535073,0.11878137973095035,0.11352280132759224,0.12972678427974307
372,0.024481854391316796,0.03786862019285575,0.03592688761815864,0.09344731007118684,0.07134623102561988,0.07964993524367975,0.08375967624242539,0.10196495456817681
373,0.06452959066238412,0.05132849681598608,0.06539736258606627,0.026724238534251377,0.08812641120542619,0.10081614396848276,0.10169635514731032,0.12243451717820464
374,0.037153066330525994,0.08154211978898998,0.05517927996265587,0.015793363675263544,0.019422056010702182,0.13760829770251476,0.1422749543256336,0.16037629779362614
375,0.027516527160021648,0.022830610859420508,0.00028562259306774695,0.0699031392227798,0.09895163742663429,0.12030979778215517,0.12299858269384092,0.13814658770752347
376,0.028861697023752353,0.046194820264101044,0.048101003617692734,0.2114599136421986,0.047004155540404866,0.008881966080155734,0.00978581778986215,0.0036752906220818837
377,0.04682159958912496,0.02642129149650077,0.0453117341580111,0.02369004551289533,0.11675622248392667,0.23588092837227007,0.23174754684264556,0.24774153895973253
378,0.019605677053551596,0.048299977681728334,0.025300064184853255,0.037250554323725066,0.007750689496366481,0.09398907123513506,0.0992315991774973,0.08114103837922143
379,0.11560296479913776,0.20286919343692725,0.11806861944217523,0.06334461430738711,0.006713831836433662,0.10043177229558736,0.10255986602779574,0.08172807872981983
380,0.036008558872507965,0.02206957748896432,0.017306861944217655,0.23614190687361417,0.08524153849643676,0.19438899241004798,0.1888734365043338,0.2036924909163848
381,0.002495610049196434,0.04755255074258419,0.031257731357217516,0.12120434123001517,0.056490493901658945,0.15282775051539566,0.15231817308879628,0.13294372840254076
382,0.03318572525191123,0.015774131492467175,0.04026126152409831,0.1843388960205391,0.053077341865772926,0.05961160461944065,0.06107989890427437,0.044658792672328834
383,0.09379168647240455,0.07486761121992497,0.15908201073637424,0.015474384408915853,0.04321499375497393,0.16989801196407156,0.1749589428702974,0.1602247332400904
384,0.09058966191676737,0.08240332036483572,0.06922073754230529,0.0640389777103513,0.05937721270273738,0.016941746352365422,0.01794464321084019,0.0026771532520718233
385,0.07923113095283288,0.05780217586758396,0.05080274827867917,0.06421402730773718,0.21062136414182642,0.1698893629327154,0.16529382945284848,0.184228729314022
386,0.058794915712474416,0.07418714044447172,0.010879186602872015,0.03267592484537288,0.013496741705761955,0.0332014824980032,0.02680900269455841,0.04833318365390407
387,0.13530324039158564,0.1885486839323704,0.0641949177266889,0.014704166180417783,0.19180312470647168,0.04267512168934873,0.0474528365828345,0.027195097476060276
388,0.3511205804084919,0.20393410458254813,0.1711311121484414,0.0813397129186603,0.22947036176588484,0.04444244362848318,0.04999361421921569,0.02530398285095012
389,0.13202428528404905,0.09725744513998452,0.11068415217644981,0.11763332944334229,0.0895355069786184,0.27191199915204706,0.27584840483282047,0.25242521531712636
390,0.05297511670505764,0.004005745458469351,0.10716784338895971,0.014704166180417783,0.2605434723918045,0.18945400721587946,0.19375351969812693,0.17455011048931424
391,0.037357854785066515,0.08339978921634619,0.08163525498891333,0.02789123585015757,0.1951512633079036,0.129985258784086,0.13125625463466373,0.15509989889952497
392,0.22988254703352418,0.185610595071089,0.1530079355817478,0.27109347648500415,0.04388334270467539,0.13224991007171666,0.13133785976297496,0.15655400185771262
393,0.1748418683791524,0.2309531588887706,0.118180067685843,0.08869179600886914,0.02842335179046998,0.20205977949204493,0.2089969631331002,0.1883362113125671
394,0.2651281503884651,0.16079890319340873,0.2546059925312172,0.19006496285058538,0.13885713819065892,0.2512122999889079,0.2514603895906368,0.275494934614647
395,0.09563369255953691,0.05446938203324059,0.0775943809079247,0.05064768351032792,0.04842007296138101,0.15138911562141924,0.15806548308588528,0.13316586088255586
396,0.03254898869643599,0.17094375688896976,0.21401009452678196,0.21239351149492355,0.22175873208912772,0.34321653471144586,0.3479150304644789,0.3200620698068395
397,0.03958277697299162,0.014661866717222194,0.003788510911425791,0.022406348465398518,0.2453836415715135,0.24519989513191287,0.2500474771428869,0.27369144016336155
398,0.11774730282446966,0.13121511166801608,0.12014018555257344,0.016688061617458227,0.04598977940869259,0.21098509512241126,0.21744744204334437,0.23982496321124758
399,0.08183954683394784,0.01999736434590621,0.02557576730073574,0.11059244563737497,0.07601294769581757,0.034230996239044964,0.03596414403986514,0.056866880560639765
400,0.11949091770208264,0.1102735970161916,0.14187551056132447,0.1686700120589723,0.09317340652323103,0.22993508420552045,0.2291220790455471,0.24717753308931673
401,0.3984180201906201,0.3435228322027778,0.34489292799626514,0.0953825806200646,0.003615064290242831,0.024699408487098118,0.02201129522369355,0.002035680510540039
402,0.16808923842449808,0.02898959618825625,0.1077819757264562,0.1002839693468705,0.041310790751998616,0.05809731037546523,0.053794432202101616,0.031013898320439548
403,0.13180976623868312,0.09983793747913383,0.07190964523281668,0.040922705877776466,0.10328045452962875,0.11405261308949566,0.1150236708180562,0.1403561784807762
404,0.005270702406597189,0.009439689537088798,0.036526043490099906,0.016407982261640815,0.04831368887851556,0.07012266719597487,0.07012301254332637,0.055576258870643276
405,0.05428290151145404,0.03558749746070858,0.01582137161084525,0.041778503909441,0.00449293966623876,0.07036957530125726,0.07037176361726519,0.052351841878301
406,0.10481199480847364,0.037411875617637674,0.01303555451822462,0.025607255389026896,0.019988996882449997,0.0695425085238369,0.06954071242263934,0.05562339656704085
407,0.02086317262202811,0.019902463541980775,0.014503248142529054,0.023806745244485936,0.00986112731940715,0.07317370884524715,0.07317375571270607,0.05578327179082648
408,0.0392820767247597,0.21850805151683753,0.2261529933481153,0.29525032092426184,0.005134788189987152,0.15930145074493787,0.15929935616384774,0.14253831005905276
409,0.07549909424729286,0.026134814705783604,0.06989244174738365,0.013566343797409286,0.03676041545104445,0.08719340441901952,0.08719630668416639,0.07160744684966427
410,0.03568539099660531,0.03034755169009784,0.09537149414556342,0.029087408098961376,0.01423736725405532,0.12431742770693693,0.12432217294074027,0.10526014503995706
411,0.09658413958500667,0.09942082642173389,0.06081125763410733,0.04313222079589216,0.16929241062745554,0.16504214534740658,0.16503862326690638,0.15133807688365802
412,0.11358556458642384,0.028461622703533085,0.03275022367448516,0.055399029725088755,0.05665771968724472,0.19238238958190157,0.19238128873848648,0.204538247341181
413,0.019412125145508066,0.002473004589226613,0.012266892286147926,0.00548488738475901,0.053915275994865196,0.0592782304975418,0.05927563072599648,0.07587640873935086
414,0.008116650120445296,0.01892933789116804,0.0218751701871086,0.06761915876164915,0.11354883883767065,0.03371111826760816,0.033705749204742584,0.025310182958119563
415,0.048444668868712695,0.29082617330946237,0.29527580036565915,0.23374956237600653,0.0989613723888435,0.45208284705992957,0.4520845301854823,0.4674264325646674
416,0.05424365215970715,0.023648344651551495,0.004916365192360328,0.0855175633096044,0.4499941650134204,0.06135784416504428,0.06135929341667712,0.04754390289504645
417,0.10043541114983012,0.1412203792838667,0.15054809973937075,0.19065401863861428,0.16330182440580387,0.031545310837373164,0.03154784600294577,0.04126063064121077
418,0.03455006837048667,0.00914815108762737,0.027687205819426533,0.024180184385575898,0.10167239692271784,0.1416505994852041,0.1416499072882879,0.12846395458374185
419,0.12310700947307532,0.07808617163440398,0.08044520947601845,0.13017855058933367,0.14295717119850623,0.050614640188236526,0.050609963574114875,0.04152661675293448
420,0.015137345880052833,0.03889853258000217,0.02430233010464103,0.017942583732057427,0.06931964056482665,0.04162507709023189,0.041624868026206685,0.031099237417641784
421,0.04697929477143731,0.008529953982897132,0.03839382269420788,0.10739292799626557,0.0456684949624615,0.040504516665360424,0.04050103979207276,0.05797300653319981
422,0.007151548337120353,0.1599342977274451,0.187819660014782,0.14139339479519203,0.09773602520714202,0.1764563639826146,0.17645502855787598,0.1932975574819184
423,0.030590172737521265,0.04839924784730004,0.15847823550005719,0.12950335928513074,0.011981172443303378,0.20267021202983443,0.2026645521610731,0.22080722355375815
424,0.035404844915485484,0.17525941140107193,0.2709812502431244,0.3299934981578113,0.006535184969074556,0.42559037666630073,0.42559054418340125,0.4361574416264396
425,0.07505462464417748,0.1874060652431021,0.321330182440581,0.3700215060933931,0.04157844722671424,0.44401542561551716,0.4440137501639613,0.45805381567328074
426,0.000945082336538762,0.1504244890356582,0.29313513828918153,0.3800576830101863,0.04496829657291787,0.432448643545945,0.43244512512573263,0.44995835870133316
427,0.07338184335862076,0.06528236531003773,0.18718987046329738,0.17691679309137598,0.1394172793402575,0.5491450351507472,0.5491436581790838,0.5660274539375998
428,0.0050328142626319475,0.08390095907521367,0.1301606566304908,0.17776703399296467,0.04773019022056248,0.6197585414193567,0.6197611488648989,0.6325423387400491
429,0.0003888494039956669,0.053166866707668264,0.030081689812113163,0.03423970124868713,0.016921461080639494,0.012571368784543013,0.012568039135141373,0.000915445074315846
430,0.05622742456837921,0.008219448348085807,0.02887968257673002,0.011179834286381134,0.03314272377173544,0.05299178769640318,0.052993501056488125,0.04246724122765167
431,0.03931053675084816,0.03184154007419959,0.015220756992258805,0.0815731123818415,0.013809468238223155,0.10717082042446696,0.10717407827331582,0.09033092012900179
432,0.038431772348171245,0.06247513141943459,0.0329359707472673,0.01869529700081691,0.01913875598086124,0.14510713230384492,0.14510711968462722,0.13479762932814093
433,0.24008156153094543,0.26280724894820995,0.33015229314972616,0.40480802894153345,0.07219823394406191,0.2258476171668951,0.225848226745898,0.24184517760077723
434,0.01735170132973385,0.01653476243592822,0.03177227992375631,0.1317206541853525,0.03810246236433656,0.3272364296710447,0.3272406836404358,0.3363325651972263
435,0.0635662136990634,0.16208299176461188,0.18526237989652622,0.24770351599619886,0.261446298673513,0.29415686834944466,0.29415250583604974,0.2783327524741631
436,0.05099777137115705,0.0339598571065427,0.030268798381763967,0.12496207258723308,0.06893064145952463,0.08969559861686806,0.08969337755202214,0.07324418637305088
437,0.05166855426854741,0.0009223740004035141,0.02605574357178983,0.027024323558341515,0.0035593418135138333,0.03790459508902111,0.03790820141003709,0.013883236281419103
438,0.07836025846854106,0.16256716290430362,0.16823491655969194,0.12615240984945728,0.0785778192710157,0.1074822542486703,0.1074808852238443,0.08540257630395287
439,0.034180132097783616,0.12799735628142345,0.13733730112420728,0.1781071303536001,0.01913875598086124,0.020751168857007174,0.0207520551076244,0.0010714467730601474
440,0.18595248244113827,0.17789687888738315,0.18170439957988127,0.2965340179717588,0.032364725561131215,0.10366423782935091,0.10366109811583801,0.08812436249911287
441,0.06392392186158327,0.1942804537418773,0.19189481464192715,0.3429571711985062,0.1705372077644221,0.5271777324279873,0.5271785771316798,0.5075392356315891
442,0.06376062936720236,0.08542214727885866,0.10121640020228062,0.0702921383280819,0.011203174232699262,0.22643918413315128,0.22644217028539287,0.20617339096821746
443,0.05853164082918602,0.043225716339107545,0.013473567510794801,0.016950636013537163,0.09830007390982992,0.07597943686127795,0.07597824811705922,0.09464693827277124
444,0.008691238900064902,0.02530069689737316,0.0046500953047808186,0.039969658069786446,0.11349497742309039,0.20523778301946857,0.20523360078668093,0.23016084650039773
445,0.04903103197374401,0.22812771797180176,0.3484218306297886,0.28206325125452203,0.07013653868596093,0.7040297691115636,0.7040254578301248,0.6846843686216315
446,0.051594763775698854,0.3227095151395527,0.4307262613295998,0.2806628544754346,0.05064768351032792,0.6810264133461108,0.6810202590960155,0.6651523379538035
447,0.061345323983753225,0.10097810894177828,0.03712315711673764,0.004006690784611133,0.048605438207492135,0.2937170015236089,0.2937209575564736,0.26901838683044554
448,0.20515627928973912,0.09267545152446441,0.08729373322441387,0.13052864978410553,0.13755008363480764,0.05394799106378899,0.05394255901755318,0.03694604206101634
449,0.08793166758273774,0.05637121367675726,0.05596393978293852,0.06761915876164915,0.16232932664254862,0.10276275113565317,0.10275807289892902,0.1285892394392818
450,0.15292898686223733,0.01481504697813038,0.010604893608744378,0.0403197572645583,0.03458202046135289,0.1392559050997357,0.13926179877846753,0.15579979535196609
451,0.02138127605173487,0.017419580731456996,0.027347998599603338,0.004390827401097003,0.11409343758509356,0.08333305636944288,0.0833331226623128,0.10744689318545808
452,0.05575593486358642,0.030775865038435386,0.044064846150853786,0.022377173532500884,0.22970397168086515,0.22293963260765365,0.22293910194073835,0.24136541196549072
453,0.005276942805734625,0.09032319994787447,0.027556113120939744,0.02258139806278446,0.07677046958176603,0.21010154128766778,0.21010416449833308,0.23317582885965932
454,0.045541245304412024,0.09273577245096437,0.039309332088536146,0.02258139806278446,0.017765817962148156,0.2317045002740331,0.23170896645335481,0.25130746274840005
455,0.020080011923586938,0.03694641084428402,0.1109987552028632,0.1330610339596219,0.03388182207180925,0.0951556456567248,0.09515612741884105,0.11885722959725192
456,0.12577754848900302,0.2169840915337481,0.284641731824017,0.3372855642432022,0.025985140234177473,0.0450870744451799,0.045085048194299704,0.02770084433136638
457,0.040245359417839965,0.01567164130577589,0.027709962267087093,0.03670206558524916,0.0027007652168114377,0.12309300059291917,0.12309409759445286,0.10314486602395043
458,0.22249513221596248,0.024961453292434932,0.0207095343680707,0.018821999566543846,0.012570228231332234,0.05469010925290116,0.05469150473432746,0.037586003413021485
459,0.05712421198771159,0.0002947006701087551,0.006197922744777817,0.002217294900221725,0.0912008402380674,0.04362731205017967,0.043634534917467854,0.018953259646515203
460,0.033205327551176084,0.021117442027421246,0.04864317112070621,0.012253471817014805,0.08087291399229782,0.05993825718866386,0.059941794118639175,0.04220685498024865
461,0.11686182980870732,0.020452063891952754,0.011589255844711571,0.018821999566543846,0.00956937799043063,0.027529002182131362,0.027530209781750054,0.04354775290293317
462,0.050887964759777055,0.04245840925199453,0.051719570544987666,0.04516279612556893,0.026140739876298273,0.08597189041064349,0.08596727062440027,0.10956058769523014
463,0.04444509635725652,0.1335432964159409,0.12423989574823974,0.10106196755747461,0.10728595324230755,0.03947698106345507,0.03948374229824733,0.015260987410332855
464,0.0686651735641075,0.02248522598756794,0.007116544131948649,0.002217294900221725,0.021356050881082972,0.08097065058016314,0.08096573231402737,0.10171531913566073
465,0.04244142332777545,0.0874116762734368,0.04429493912164022,0.002050580997949414,0.04609639397829385,0.03222657165046744,0.03223015151488315,0.047388996627462515
466,0.056113889376693815,0.03122718672739025,0.008142918271287686,0.022814797525965685,0.08897520964273209,0.06931340899789659,0.06931116147645039,0.09204578053867651
467,0.04884574558584476,0.050685094477958124,0.08505757186758486,0.04516279612556893,0.0854242035243319,0.15907235121899757,0.1590698052176588,0.17896069403068846
468,0.02494018699950029,0.019138920647039454,0.009512389621503983,0.002217294900221725,0.024506943634029554,0.1324681524021519,0.1324634649522641,0.15298379158237832
469,0.04127532951800571,0.06419498672256085,0.05943245030536462,0.05296500675191301,0.040874080989613745,0.1056198324361508,0.1056197538560496,0.08369798076412335
470,0.05814414321287314,0.02023374039994083,0.023052670478858756,0.06035321118761425,0.04304275100167271,0.05487265577096537,0.054874278839830454,0.07047915361627913
471,0.05514753761332532,0.0577214902758334,0.03967654724394215,0.011576613373789235,0.006185085774302726,0.0720173476585001,0.0720149863101597,0.09172246696997405
472,0.02421469638030664,0.010408746335759361,0.007969230170771169,0.05884000466798925,0.03349282296650716,0.045529848573245074,0.04552534577635567,0.06586226425325462
473,0.14004750950055564,0.17363981737050194,0.14722974287159118,0.15939238339751816,0.015015365464659425,0.12332115439627706,0.12332381422451005,0.10646006381389217
474,0.00489729359044902,0.006296709585056265,0.08967071225736206,0.05095110281246354,0.04545454545454546,0.14221098654723124,0.14221479261157,0.15714896273646065
475,0.0858785454125961,0.019743866478674967,0.035427121017621375,0.04752596569027893,0.0,0.1879369440181812,0.187932781248109,0.211072163139731
476,0.00044078586212158155,0.03053705434785839,0.042706461275139315,0.00014587466448827413,0.015754463764733356,0.16133274520133553,0.16132644098271431,0.18509526069142093
477,0.08913244008003132,0.033271439778671225,0.03106410705255372,0.07859726922628077,0.09250398724082926,0.022189656133380864,0.02219202149543026,0.0006527287652716429
478,0.06062699354570533,0.029906742946000348,0.023745866884506264,0.020947601820515832,0.009937430990062557,0.020263300018508193,0.020260920850963537,0.0004390241380123894
479,0.03102733734832247,0.08922730553371375,0.10289862683315867,0.12597736025207143,0.1084918504687439,0.10658247955002195,0.1065787328518121,0.13113267326521355
480,0.07462673513155657,0.0024067197107617844,0.0216281557552421,0.0908507410432956,0.21780059905862217,0.03565528296182291,0.03565604997695909,0.05872185456467219
481,0.24497596181547196,0.04850131440383856,0.06122807017543846,0.08594935231648967,0.0792391177500292,0.13813115594048606,0.1381337659242787,0.1577264024457107
482,0.03182682041384571,0.10253213075422074,0.13696444548177494,0.0780137705683277,0.09588827945695727,0.1124333364408554,0.11243471087426823,0.08873946846947053
483,0.00968620206403048,0.20964941546218308,0.14365192360057633,0.24748123079316908,0.0934181351382892,0.4053433265413867,0.40534665777035017,0.38120538570168316
484,0.06395292053266183,0.03171805788232812,0.059280740654295505,0.009024779243007763,0.10203446532072974,0.1272343575188445,0.12723584577915154,0.10656774177676559
485,0.07768135224150871,0.134187813387867,0.13732893764344334,0.15528844283658144,0.034951569611389954,0.12324685803528929,0.123249694219005,0.14261765575274826
486,0.01039323766354086,0.19968517291767066,0.29393103045862945,0.22064029252732717,0.084685105224258,0.21020166671240037,0.2102063458647725,0.22610113933223466
487,0.0027785115616714984,0.07642822008119579,0.07932742054693298,0.031042128603104208,0.3573734780410006,0.11918732970184587,0.11918717887267266,0.096522047759905
488,0.02601531860534817,0.19494603726087306,0.1660073131831793,0.2039911308203991,0.12969230170770613,0.27734484960097067,0.27734315746148747,0.30348145664053616
489,0.09778257531189316,0.06555817202768277,0.05557902516824287,0.007196483448088098,0.2181701482086592,0.3341709389139712,0.33417352967158603,0.3590529532164656
490,0.09695206248102517,0.1174358922119999,0.08103551561831424,0.06846384253316207,0.03608939199439842,0.24094579253307896,0.24094769084194984,0.26651489496138675
491,0.09584024616483966,0.0279200963127334,0.00121309370988526,0.06600203390960765,0.2301902205624927,0.09278139878054215,0.09278242353300387,0.07208983394165996
492,0.01774107708376882,0.2856174069735533,0.2746302563504089,0.3528499741593451,0.0900921927879566,0.21446546589800697,0.21446902252253586,0.23674646672890698
493,0.061705355387478455,0.3710122278669026,0.26930894308943065,0.4578130470299918,0.27912630800949156,0.23838993286217355,0.23839040220177474,0.2119690852775645
494,0.05131417932224766,0.09549142306737712,0.05015579414167293,0.034620920371883135,0.12514699677729202,0.22235077611386977,0.22235429119147399,0.24467300223231858
495,0.07585621926270558,0.2527287496800099,0.24906562414906414,0.2504376239934648,0.06165178173031377,0.3254907396810379,0.32549614328793225,0.3424686073576781
496,0.32361625618475764,0.03409287368615477,0.0032580620064576182,0.03228692574007086,0.012720270743377393,0.04928631707238196,0.04928757310946741,0.07366489369481366
497,0.2169950763070034,0.13973734432444268,0.04583168008713606,0.1581281363052865,0.29139922978177146,0.07868874652689334,0.07869345768504371,0.09635370232934692
498,0.07742511456724227,0.06741545955126754,0.13379954876103772,0.06881394172793398,0.09598552923328268,0.011806291683368497,0.011809159872862462,0.03294257258344674
499,0.02333008797432501,0.41613397124990836,0.43283755397362433,0.39907418212938106,0.06947877656245022,0.368998441138917,0.3689974159180795,0.34439083514121416
500,0.14474530278906916,0.183070862191688,0.1410174271599185,0.26502509044229194,0.07758587155249536,0.16516359141525283,0.16516597647185577,0.18363906708645888
501,0.3237307806792368,0.2328010503198764,0.16795211421013811,0.2750612673590851,0.027191037460613854,0.15442387612310093,0.15442840262825297,0.17227205542577145
502,0.04639299446500972,0.10505359595945163,0.14563893103045933,0.16007313183179678,0.2911658303185902,0.06186748032964029,0.06187016386613586,0.08318698472993546
503,0.0013701474581492845,0.06662626515637893,0.017865756408760203,0.0007935581748161891,0.24355233982961844,0.09099548168081062,0.09099598222183247,0.11298350773719007
504,0.07304358067880956,0.11340583289625317,0.004231337767922616,0.08775819815614416,0.11255689111915035,0.1110543268722956,0.11105298444466105,0.13651367802629977
